kind,category,source1_entity_id,target_entity_id,probability,candidate,left_name,right_name,left_address,right_address
false_negative,text_variation_or_ambiguous,S1-592027464,S3-164463644,0.7265086761452823,True,Beacon Development Inc,INC BEACON DEVELOPMENT,"3080 Pinto Valley Road, San Tan Valley, AZ","Pinto Valley Rd, Queen Creek, Arizona"
false_negative,numeric_conflict,S1-592027464,S3-992059660,0.16685435109441563,True,Beacon Development Inc,Beacon [Development],"3080 Pinto Valley Road, San Tan Valley, AZ","308 Pinto Valley Rd, San Tan Valley, Arizona"
false_negative,text_variation_or_ambiguous,S1-590213225,S2-273262754,0.48382863948430804,True,GQ India Private Limited,GQ India Limited Services,"No: 37/7, Village Street, Thiruvottiyur, Chennai, Tamil Nadu","தமிழ்நாடு, NO: 3-7/7, VILLAGE STREET, THIRUVOTTIYUR, CHENNAI"
false_negative,blocking_miss,S1-261025166,S3-983351413,,False,Loise Brower Regional Token Co,Loise Bmroare Regional Token Co,"2636 Keokuk Street, Fort Worth, TX","Texas, Fort Worth, 2636 Keokuk Street, NULL"
false_positive,text_variation_or_ambiguous,S1-170220466,S3-815788338,0.8931572974969862,True,Warner Brc,The Warner Brc Ltd,"116 Northridge Lane, Biscoe, NC","119A Northridge Lane, Biscoe, North Carolina"
false_negative,blocking_miss,S1-170220466,S2-311838678,,False,Warner Brc,wamerbrc.com,"116 Northridge Lane, Biscoe, NC","16 NORTHRIDGE LANE, BISCOE, NC"
false_negative,blocking_miss,S1-170220466,S3-703903711,,False,Warner Brc,... Lumorbi,"116 Northridge Lane, Biscoe, NC","116 Northridge Lane, Biscoe, North Carolina"
false_negative,blocking_miss,S1-170220466,S3-707697507,,False,Warner Brc,Wgnfre-Brc,"116 Northridge Lane, Biscoe, NC","116 Northridge Lane, Biscoe, North Carolina"
false_negative,text_variation_or_ambiguous,S1-724480105,S3-822842316,0.6458484832906553,True,Urology Safe Care Associates,Urology Snac Care Associates Associates,"2970 Orchard Knoll Court, Cincinnati, OH","Cincinnati, Ohio, 2970-2972 Orchard Knoll Court"
false_negative,blocking_miss,S1-428149248,S2-165710574,,False,Family Care Associates LLC,FAMILY CARE ASOCHATES LLC,"223 Woodbridge Lane, Kansas City, MO","223- WOODBRIDGE LANE, KANSAS CITY, null, MO"
false_negative,blocking_miss,S1-428149248,S3-205425342,,False,Family Care Associates LLC,Family Cad Associates LLC (ID: 29205),"223 Woodbridge Lane, Kansas City, MO",
false_negative,blocking_miss,S1-739390722,S2-876180203,,False,Lucky Ice Cream!,Lucky Ice Crat!m,"12 Cedar Lane, Rochester, NY",
false_negative,blocking_miss,S1-739390722,S3-428097799,,False,Lucky Ice Cream!,Lucky Ice,"12 Cedar Lane, Rochester, NY","12 Cedar Ln, New York, Rochester"
false_negative,blocking_miss,S1-288222138,S3-551625926,,False,Dental Care Inc,Dental Cee Inc,"299 100, Hurricane City, UT","00299 100, Hurricane City, Utah"
false_negative,numeric_conflict,S1-737900387,S2-724481575,0.5295137560262912,True,Midwest Academy,... Midwest Academy LLC,"100 Parkway Road, Unit Apartment 1D, Bronxville, NY","00100 PARKWAY RD, BRONXVILLE, NY"
false_positive,text_variation_or_ambiguous,S1-312011554,S2-267320629,0.7908400099390986,True,"Valley Complete Rocket, LLC","Valley Inc Rocket, Complete","232 Sr 28, Midland, OH","241 SR 28, MIDLAND, OH"
false_negative,text_variation_or_ambiguous,S1-383429198,S2-779583961,0.42724420835220206,True,"Kasprzyk, Laney, DO, P.C.","Kasprzyk, Laney, Laney, DÓ, P.C.","OH, Beavercreek, 3984 Highmont Street","HIGHMONT STREET, DAYTON, OH"
false_negative,blocking_miss,S1-383429198,S3-189757278,,False,"Kasprzyk, Laney, DO, P.C.","Kasprzyk, Ln,E DO, P.C.","OH, Beavercreek, 3984 Highmont Street","3984 Highmont Street, Dayton, Ohio"
false_negative,blocking_miss,S1-383429198,S3-277507985,,False,"Kasprzyk, Laney, DO, P.C.",kasprzyklaneydo.com,"OH, Beavercreek, 3984 Highmont Street","3984 Highmont St, Dayton, Ohio"
false_negative,blocking_miss,S1-417019531,S2-787550381,,False,Garza Optimal Trailblazer LLC,Garza Optimal,"1804 Polaris Avenue, City Of Racine, WI","1801 POLARIS AVE, RACINE CDP, WI"
false_negative,blocking_miss,S1-417019531,S3-117287620,,False,Garza Optimal Trailblazer LLC,Garzaoptimaltrailblazer.Com,"1804 Polaris Avenue, City Of Racine, WI","1804 Polaris Avenue, Racine, Wisconsin"
false_negative,text_variation_or_ambiguous,S1-54102360,S3-647752048,0.143179929748434,True,Human Rights Fund Inc.,The Human Rights Fund Inc.,"14002 Montoclair Lane, Prince William County, VA","Montoclair Ln, Woodbridge, Virginia"
false_negative,blocking_miss,S1-54102360,S3-914812230,,False,Human Rights Fund Inc.,Human Rights,"14002 Montoclair Lane, Prince William County, VA","14002 Montoclair Lane, Woodbridge, Virginia"
false_positive,script_variation,S1-617761248,S2-924667636,0.9572385548697608,True,Gujarat Logistics Limited,ગુજરાત લોજિસ્ટિક્સ હોટેલ લિમિટેડ,"Survey No. 106/Part2/Part1, Near Bapa Sitaram Ashram, Village: Salva, V, Vapi, Valsad, Gujarat","NO 106/PART2/PART4, NEAR BAPA SITARAM ASHRAM, VILLAGE: SALVA, V, VAPI, VALSAD, Gujarat"
false_negative,blocking_miss,S1-617761248,S2-971408674,,False,Gujarat Logistics Limited,ગુજરાત લોજિસ્ટિક્સ લિમિટેડ,"Survey No. 106/Part2/Part1, Near Bapa Sitaram Ashram, Village: Salva, V, Vapi, Valsad, Gujarat","DOOR NO 106/PART2PART1, NEAR BAPA SITARAM ASHRAM, VILLAGE: SALVA, V, VALSAD, VAPI, Gujarat"
false_negative,script_variation,S1-617761248,S3-274932339,0.3928708520053795,True,Gujarat Logistics Limited,Gujarat Logistics લિમિટેડ,"Survey No. 106/Part2/Part1, Near Bapa Sitaram Ashram, Village: Salva, V, Vapi, Valsad, Gujarat","H.no 1-06/Part2/Part1, Vapi, Valsad, GJ"
false_negative,numeric_conflict,S1-617761248,S3-844068995,0.19977364979761159,True,Gujarat Logistics Limited,Smt Gujarat [Logistics],"Survey No. 106/Part2/Part1, Near Bapa Sitaram Ashram, Village: Salva, V, Vapi, Valsad, Gujarat","Survey No. 1-06/Part2/Part1, Near Bapa Sitaram Ashram, Village: Salva, V, Valsad, GJ"
false_negative,numeric_conflict,S1-617761248,S3-968972058,0.6246126841133007,True,Gujarat Logistics Limited,Limited Gujarat Loogstcs,"Survey No. 106/Part2/Part1, Near Bapa Sitaram Ashram, Village: Salva, V, Vapi, Valsad, Gujarat","No 1-06/Part2/Part1, Near Bapa Sitaram Ashram, Village: Salva, V, Valsad, ગુજરાત"
false_negative,blocking_miss,S1-676870931,S2-800340731,,False,Social Hospitalities Limited,[LIMITED] SOCIAL HPOITAILTIS,"Flat No. 304, Maharaja, Enclave Bailey Road, Dinapur-Cum-Khagaul, Patna, Bihar","FLAT NO. 304, DANAPUR CANTT, Bihar"
false_negative,blocking_miss,S1-689012935,S2-494192483,,False,High Developers Private Limited,हाई डेवलपर्स प्राइवेट लिमिटेड,"Midc, Wai, Wai, Maharashtra, Satara, Plot No. B-220","PUNE REGION, POLT NO. B-220, महाराष्ट्र, MIDC, WAI, SATARA"
false_negative,blocking_miss,S1-689012935,S3-240326054,,False,High Developers Private Limited,High,"Midc, Wai, Wai, Maharashtra, Satara, Plot No. B-220","Plot No. B-220, Midc, Wai, Wai, Satara, Maharashtra"
false_negative,blocking_miss,S1-689012935,S3-500542953,,False,High Developers Private Limited,High Developers,"Midc, Wai, Wai, Maharashtra, Satara, Plot No. B-220",
false_negative,numeric_conflict,S1-689012935,S3-52946150,0.5079361149416373,True,High Developers Private Limited,High Developers Private  Limited,"Midc, Wai, Wai, Maharashtra, Satara, Plot No. B-220","Plot No. B-22, Midc, Wai, Satara, Wai, महाराष्ट्र"
false_negative,blocking_miss,S1-143634765,S3-397004004,,False,Patel Corporation,>> Solhalo,"4639 Bradley Road, Huntington, WV","Bradley Road, Huntington CITY, West Virginia"
false_negative,blocking_miss,S1-892124466,S2-612810420,,False,Sterling Corp,#sterling,"13 Lakeridge Drive, Georgetown, MA",
false_negative,blocking_miss,S1-892124466,S3-424973940,,False,Sterling Corp,Novinexvio,"13 Lakeridge Drive, Georgetown, MA","13 Lakeridge Drive, Georgetown, MA"
false_negative,blocking_miss,S1-339043705,S2-106506892,,False,Legacy Flaherty Inc,LEGACY INC  CENTER | www.legacyinc.com,"11610 Hazeloak Drive, Florissant, MO","FLORISSANT, MO, PO BOX 1226, 11610-D HAZELOAK DR"
false_negative,missing_address,S1-339043705,S2-455657888,0.372780112861403,True,Legacy Flaherty Inc,LEGACY FLÁHERTY ÍNC,"11610 Hazeloak Drive, Florissant, MO",
false_negative,blocking_miss,S1-339043705,S2-934739647,,False,Legacy Flaherty Inc,Legacy Flaherty,"11610 Hazeloak Drive, Florissant, MO",
false_negative,text_variation_or_ambiguous,S1-135956941,S2-841225288,0.7369354891072886,True,Ask Marketing Clinic,Smt Ask  Marketing Clinic,"3/275, Sector-O, Mansarovar Yojana, Kanpur Road, Lucknow, Uttar Pradesh","5/275, SECTOR-O, MANSAROVAR YOJANA, KANPUR ROAD, LUCKNOW, Uttar Pradesh"
false_negative,similar_name_different_address,S1-109450074,S3-805634465,0.29286586632555733,True,Hex (India) Enclave LLP,Hex (India) Éelaav LLP,"405, Cloud 9 Towers, Sector-1, Vaishali, Ghaziabad, Uttar Pradesh","405, Ghaziabad, UP"
false_negative,numeric_conflict,S1-463309005,S3-619509209,0.5625548831076542,True,EC Tools Private Limited,EC Tools Poivaet Limited,"R No 58 Gaya Bldg.Yusuf Meherali Road 4Th Floor, Mumbai, Maharashtra","Mumbai, R No 0058 Gaya Bldg.yusuf Meherali Road 4Th Floor, MH, Mumbai"
false_negative,blocking_miss,S1-463309005,S3-624750724,,False,EC Tools Private Limited,Tools,"R No 58 Gaya Bldg.Yusuf Meherali Road 4Th Floor, Mumbai, Maharashtra","R No 58 Gaya Bldg.Yusuf Meherali Road 4Th Floor, Mumbai, Maharashtra"
false_negative,blocking_miss,S1-655028645,S3-470475232,,False,Young Green PLLC,Young PLLC Services,"1109 Nebraska Avenue, Spokane, WA","Nebraska Avenue, PMB 3330, Spokane, Washington"
false_negative,blocking_miss,S1-655028645,S3-662936627,,False,Young Green PLLC,Young Gemen [PLLC],"1109 Nebraska Avenue, Spokane, WA","1109d Nebraska Ave, Spokane, Washington"
false_negative,blocking_miss,S1-821507316,S2-606345068,,False,Shade & Kendrick LLC,SHADEKENDRICK.COM,"703 Pelham Road, Unit Apartment 302, New Rochelle, NY","703 PELHAM RD, NEW ROCHELLE, NY"
false_negative,text_variation_or_ambiguous,S1-682920530,S2-667209124,0.7416079541869024,True,Urology Care Associates of South Padre Island,Urology Care Associates of South,"TX, 26463 State Park Road 100, South Padre Island","26463-26467 STATE PARK ROAD 100, S. PADRE ISLAND, TX"
false_negative,blocking_miss,S1-998809927,S3-648634663,,False,North Unified Holding PC,North Unified,"61145 30, Roxbury, NY","61145 30, Grand Gorge, New York"
false_positive,text_variation_or_ambiguous,S1-421379299,S3-894427979,0.8363515084845499,True,Galore Hospital,Galore Hospital Pvt Ltd,"Gorakhpur, 730/1, Flat No-002, U/G Floor, Vasundhara, Ghaziabad, Sec-2B, Uttar Pradesh","UP, Sec-i09b, Gorakhpur, Ghaziabad"
false_negative,blocking_miss,S1-869218973,S3-282342555,,False,Downtown Massage Inc.,Downtown Mansose Inc.,"2900 Valley Street, Unit Lot 75, Minot, ND","2900 Valley St, Minot, North Dakota"
false_negative,text_variation_or_ambiguous,S1-852433470,S3-728961296,0.22420084866080278,True,MM Gen LLC,MM LLC Services,"205 Trout Lake Road, Bolton, NY","Trout Lake Rd, Bolton, New York"
false_negative,similar_address_different_name,S1-852433470,S3-990007243,0.11264025147109812,True,MM Gen LLC,Zephnexvantage,"205 Trout Lake Road, Bolton, NY","205 Trout Lake Road, Bolton Landing, New York"
false_positive,script_variation,S1-480524053,S2-687206476,0.8209267007426843,True,Maa Jay Builders Private Limited,मां जय बिल्डर्स ट्रेडिंग प्राइवेट लिमिटेड,"Bombay Motor Circle Chopasni Road, Jodhpur, Rajasthan","NO 61 BOMBAY MOTOR CIRCLE CHOPASNI ROAD, JODHPUR, Rajasthan"
false_negative,blocking_miss,S1-480524053,S3-361544482,,False,Maa Jay Builders Private Limited,माँ जय बिल्डर्स प्राइवेट लिमिटेड,"Bombay Motor Circle Chopasni Road, Jodhpur, Rajasthan","Jodhpur, RJ, Bombay Motor Circle Chopasni Road, Jodhpur"
false_negative,blocking_miss,S1-480524053,S3-416091143,,False,Maa Jay Builders Private Limited,Maa Jay Buisldsr Private Limited,"Bombay Motor Circle Chopasni Road, Jodhpur, Rajasthan","RJ, Jodhpur, Bombay Motor Circle Chopasni Road, Jodhpur"
false_negative,blocking_miss,S1-115495363,S2-661160494,,False,"Roldan, Nugent and Gould LLC",roldannugentgould.com,"Loudoun County, 46928 Trumpet Circle, VA","46928 TRUMPET CIR, LOUDOUN COUNTY, VA"
false_negative,similar_address_different_name,S1-362576081,S2-216350836,0.3282267536311368,True,Guru Agro,Smt Guru Services,"Panch-Ramnagar Bankat, Vill-Nanosati, Ward-06, Majhaulia Rs, West Champaran, Bettiah, Bettiah, West Champaran, Bihar","PANCH-RAMNAGAR BANKAT, VILL-NANOSATI, WARD-06, MAJHAULIA RS, WEST CHAMPARAN, BETTIAH, WEST CHAMPARAN, Bihar"
false_negative,blocking_miss,S1-362576081,S3-480596600,,False,Guru Agro,Smt Guru Agro,"Panch-Ramnagar Bankat, Vill-Nanosati, Ward-06, Majhaulia Rs, West Champaran, Bettiah, Bettiah, West Champaran, Bihar","Panch-ramnagar Bankat, West Champaran, बिहार"
false_negative,blocking_miss,S1-362576081,S3-522368394,,False,Guru Agro,Guru एग्रो,"Panch-Ramnagar Bankat, Vill-Nanosati, Ward-06, Majhaulia Rs, West Champaran, Bettiah, Bettiah, West Champaran, Bihar","Panch-radnagar Bankat, West Champaran, Bettiah, BR"
false_negative,numeric_conflict,S1-457513695,S3-279727320,0.45590352153332897,True,Trusted Resorts LLC,Trusted Resorts,"24 Wiley Avenue, Lidgerwood, ND","024 Wiley Ave, Lidgerwood, North Dakota"
false_negative,numeric_conflict,S1-457513695,S3-655576301,0.38014901103450127,True,Trusted Resorts LLC,Trusted-Resorts,"24 Wiley Avenue, Lidgerwood, ND","024 Wiley Avenue, PMB 8359, Lidgerwood, North Dakota"
false_negative,missing_address,S1-694731025,S3-213043279,0.5645793250088569,True,"Ebonee Mitchell, MD, PC Inc","Ebonee Mitchell, MD, PC Inc","154 -F Fs Rd 233, New Waverly, TX",
false_negative,blocking_miss,S1-90327838,S2-654316843,,False,Lotus Infrastructure Private Limited,लोटस इंफ्रास्ट्रक्चर प्राइवेट लिमिटेड,"House No. M-1051, Sector M, Ashiyana Colony, Lucknow, Uttar Pradesh","HOUSE NO. M-1051, ASHIYANA COLONY, Uttar Pradesh"
false_negative,blocking_miss,S1-90327838,S3-279399565,,False,Lotus Infrastructure Private Limited,लोटस इंफ्रास्ट्रक्चर प्राइवेट लिमिटेड,"House No. M-1051, Sector M, Ashiyana Colony, Lucknow, Uttar Pradesh","Hose No. M-1051/3, Ashiyana Colony, UP"
false_negative,blocking_miss,S1-29504487,S3-615113212,,False,Royal Industries Private Limited,Royal Industries Private Ltd,"Sartaj Mohalla, Old East Silampur Kanti Nagar, Gali No. 4, Near Nehru Publ, Ic School, East Delhi, Delhi, H. No. 4929-M, Delhi","East Delhi, दिल्ली, Delhi, H. No. #4929-M"
false_negative,similar_address_different_name,S1-325004543,S3-961269923,0.2626916174485702,True,Lower Royal Enbridge,Umbraviotavo,"3842 76th Street, Clear Lake, MN","3842 76th Street, Clear Lake, Minnesota"
false_negative,missing_address,S1-283315698,S3-782440297,0.532742368648071,True,"Liberty Shreya, LLC","Liberty  Shreya,","Hueysville, 604 Salyers Branch, KY",
false_negative,blocking_miss,S1-650212744,S2-761357043,,False,Dream Products Private Limited,ಡ್ರೀಮ್ ಪ್ರೊಡಕ್ಟ್ಸ್ ಪ್ರೈವೇಟ್ ಲಿಮಿಟೆಡ್,"No 508 8Th Main, 2Nd Block Hmt Layout, Bangalore North, Bangalore, Karnataka","#50 8TH MAIN, BANGALORE NORTH, Karnataka"
false_negative,blocking_miss,S1-650212744,S3-738127143,,False,Dream Products Private Limited,Dream ಪ್ರೊಡಕ್ಟ್ಸ್ Private Limited,"No 508 8Th Main, 2Nd Block Hmt Layout, Bangalore North, Bangalore, Karnataka","No 508 8Th Main, Bangalore, Bangalore North, ಕರ್ನಾಟಕ"
false_negative,numeric_conflict,S1-888494942,S2-104451131,0.27686595549233634,True,Gamboa Hudson Inc,Gamboa Húdson,"50 Ledgeview Way, Unit 2209, Wrentham, MA","050 LEDGEVIEW WAY, WRENTHAM, MA"
false_negative,numeric_conflict,S1-888494942,S2-581315792,0.1411300321266744,True,Gamboa Hudson Inc,Gamboa Hudson #97649,"50 Ledgeview Way, Unit 2209, Wrentham, MA","050 LEDGEVIEW WAY, WRENTHAM, MA"
false_negative,similar_address_different_name,S1-82561098,S2-146790545,0.06758616519305698,True,V+ High PC,VIOYUMA,"61 Veilleux Road, Troy, VT","61 VEILLEUX RD, TROY, VT"
false_negative,blocking_miss,S1-82561098,S3-408751749,,False,V+ High PC,V+ PC Service,"61 Veilleux Road, Troy, VT","61 Veilleux Rd, Noorth TROY, Vermont"
false_negative,blocking_miss,S1-619302303,S2-300842103,,False,Big Engineering Private Limited,बिग इंजीनियरिंग प्राइवेट लिमिटेड,"Flat No.B-51-D, 5Th Floor, Vazir Cascade S.No.46, Kondhawa Khurd, Maharashtra, Pune","PLOT 631 FLAT NO.B-51-D, PUNE, महाराष्ट्र"
false_negative,blocking_miss,S1-619302303,S2-816318517,,False,Big Engineering Private Limited,बिग इंजीनियरिंग प्राइवेट लिमिटेड,"Flat No.B-51-D, 5Th Floor, Vazir Cascade S.No.46, Kondhawa Khurd, Maharashtra, Pune","PUNE, Maharashtra, PLOT 631 FLAT NO.B-51-D"
false_negative,blocking_miss,S1-619302303,S3-142373484,,False,Big Engineering Private Limited,Rizanovi,"Flat No.B-51-D, 5Th Floor, Vazir Cascade S.No.46, Kondhawa Khurd, Maharashtra, Pune","Flat No.B-51-D, 5Th Floor, Vazir Cascade S.No.46, Kondhawa Khurd, Pune, Maharashtra"
false_negative,blocking_miss,S1-976825474,S2-31944090,,False,Commission on Environmental Protection,Commission on,"Moore, OK, 2126 Parkview Drive","2126 PARVIEW DRIVE, MOORE, OK"
false_negative,blocking_miss,S1-976825474,S2-579999215,,False,Commission on Environmental Protection,Commission on Environmental Porgtetion,"Moore, OK, 2126 Parkview Drive","2126 PARKVIEW DRVE, MOORE, OK"
false_negative,blocking_miss,S1-976825474,S3-604582237,,False,Commission on Environmental Protection,Commission on,"Moore, OK, 2126 Parkview Drive","2126 Parkview Dr, Moore, Oklahoma"
false_negative,missing_address,S1-829811088,S2-423685951,0.47536970807890594,True,"Mendoza, Murray and Odle LLC","Mendoza, Murray & Odle  L.L.C.","102 High Street, Burkesville, KY",
false_negative,numeric_conflict,S1-632544469,S3-42795333,0.3398017718744798,True,Kerianne Israel Bio,Kerianne Israel,"178 Henry Street, New Haven, CT","Connecticut, 78 Henry Street, New Haven"
false_negative,missing_address,S1-727318054,S2-130622110,0.7045436214736573,True,Silver Hospitality Technologies,Silver Hóspitality Technologies,"Winnie, TX, 14905 Farm To Market 1406",
false_negative,numeric_conflict,S1-964362316,S3-465889691,0.32138043133164096,True,Benard Ramaco Inc,Benard Ramaco [Incorporated],"205 Anderson Street, Village Of Holmen, WI","Village Of Holmen, Wisconsin, 05 Anderson Street"
false_negative,blocking_miss,S1-567139358,S2-70345250,,False,Dental Great Specialists Inc,DENTAL GREAT (SPECIALISTS),"225 Alabama Street, Unit UNIT A, Vallejo, CA",
false_negative,blocking_miss,S1-567139358,S3-486854802,,False,Dental Great Specialists Inc,Dental Girtta Specialists Ínc,"225 Alabama Street, Unit UNIT A, Vallejo, CA","22 Alabama St, # UNIT A, Valljeo CITY, California"
false_negative,blocking_miss,S1-567139358,S3-60009740,,False,Dental Great Specialists Inc,dentalgreatspecialists.com,"225 Alabama Street, Unit UNIT A, Vallejo, CA","22 Alabama St, Unit UNIT A, Valljeo CITY, California"
false_negative,script_variation,S1-117320831,S2-426186691,0.10314984320269711,True,Sai Real Technology Pvt Ltd,साई रियल टेक्नोलॉजी प्रा. लि.,"Chamber No. 355, Patiala House, New Delhi, Central Delhi, Delhi","HN #348 CHAMBGR NO. 355, NEW DELHI, CENTRAL DELHI, Delhi"
false_negative,script_variation,S1-117320831,S2-756845585,0.33071713551047877,True,Sai Real Technology Pvt Ltd,साई रियल टेक्नोलॉजी प्रा. लि.,"Chamber No. 355, Patiala House, New Delhi, Central Delhi, Delhi","HN #348 CHAMBER NO. 355, CENTRAL DELHI, NEW DELHI, Delhi"
false_negative,blocking_miss,S1-605374131,S2-731940651,,False,Ferrari & Fleming Mountain,#ferrari,"20000 108th Lane, Peoria, AZ",
false_negative,text_variation_or_ambiguous,S1-605374131,S2-99801421,0.5060601891854934,True,Ferrari & Fleming Mountain,Ferrari and Fleming,"20000 108th Lane, Peoria, AZ","20000 108ND LN, SUN CIT YCITY, AZ"
false_negative,numeric_conflict,S1-478705685,S2-138512826,0.303279726770188,True,Vns Trading Private Limited,Shri Vns Trndnfg Private Limited,"Viii 408/J, Ernakulam, Industrial Development Area Keenpuram, South Vazhakulam, Kerala, Ernakulam","VIII 00408/J, INDUSTRIAL DEVELOPMENT AREA KEENPURAM, SOUTH VAZHAKULAM, ERNAKULAM, Kerala"
false_negative,text_variation_or_ambiguous,S1-341355221,S2-590890287,0.01818945471452723,True,Buono Custom Pearl LLC,Vantagearc,"2122 Sleepy Valley Road, Unit Lot B, Hot Springs National Park, AR","HOT SPRINGS NATIONAL PARK, 2122 SLEEPY VALLEY ROAD, AR"
false_negative,missing_address,S1-341355221,S3-558519374,0.6415790442249782,True,Buono Custom Pearl LLC,Buono Custom Pearl L.L.C.,"2122 Sleepy Valley Road, Unit Lot B, Hot Springs National Park, AR",
false_negative,missing_address,S1-341355221,S3-561175465,0.6294225211280603,True,Buono Custom Pearl LLC,Buono Custom [Pearl],"2122 Sleepy Valley Road, Unit Lot B, Hot Springs National Park, AR",
false_negative,blocking_miss,S1-861455245,S2-558423990,,False,Cozy Seafood,COZY SEAFOOD  CORPORATION,"2723 Woodgrove Street, Fl 1, Olympia, WA","2723 WOODGROVE ST, null, OLYMPIA, WA"
false_positive,text_variation_or_ambiguous,S1-185372616,S2-326985591,0.7700379056487493,True,Al Constructions Limited,Al Constructions Pvt Ltd,"First Floor 358B, Sri Gopal Nagar Gopalpura Bypass, Jaipur, Rajasthan","DOOR NO 0943 FIRST FLOOR 365B, SRI GOPAL NAGAR GOPALPURA BYPASS, JAIPUR, Rajasthan"
false_negative,numeric_conflict,S1-546228964,S2-599588803,0.4349705462671708,True,Town Of,Town Of Ínc.,"8586 Chelsea Drive, Noblesville, IN","NOBLESVILLE, IN, 586 CHELSEA DR"
false_negative,blocking_miss,S1-546228964,S2-962323773,,False,Town Of,town.com,"8586 Chelsea Drive, Noblesville, IN","IN, 586 CHELSEA DRIVE, NOBLESVILLE"
false_negative,blocking_miss,S1-546228964,S3-153571667,,False,Town Of,Town  Of Ventures,"8586 Chelsea Drive, Noblesville, IN",
false_negative,blocking_miss,S1-763191164,S3-695349907,,False,Mccrea Salon Inc,mccréasalon.com,"790 Fairview Avenue, Unit 57, Annapolis, MD","790-792 Fairview Ave, PO Box 6712, Annapolis, Maryland"
false_negative,blocking_miss,S1-315737260,S2-272717341,,False,Womens Health Physicians,Physicians Health W0mens,"1919 Evergreen Park Drive, Unit 79, Olympia, WA","1919 EVERGREEN PALK DR, OLYMPIA, WA"
false_negative,blocking_miss,S1-315737260,S3-174345306,,False,Womens Health Physicians,Physicians Womens Health,"1919 Evergreen Park Drive, Unit 79, Olympia, WA","1919 Evergreen Park Dr, Unit 79, Olympia, Washington"
false_negative,blocking_miss,S1-315737260,S3-296814587,,False,Womens Health Physicians,Womens Health Physicians Commission,"1919 Evergreen Park Drive, Unit 79, Olympia, WA","1919 Evergreen Park Drive, Olympia, Washington"
false_negative,blocking_miss,S1-611253693,S2-918075723,,False,"Guerrero, Castro and Olivieri LLC","Guerrero, Castro & Olliveiri LLC","VA, Newport News City, 919 Colleen Drive",
false_negative,blocking_miss,S1-611253693,S3-953011215,,False,"Guerrero, Castro and Olivieri LLC","Guerrero, Castro &","VA, Newport News City, 919 Colleen Drive","919B Colleen Drive, Newport News City, Virginia"
false_negative,blocking_miss,S1-746300234,S2-358949781,,False,East Hospitality Private Limited,East  Hospitality Limited Center,"No.15, Kumarapuram, Chromepet, Chennai, Tamil Nadu","##1, KUMARAPURAM, CHROMEPET, CHENNAI, தமிழ்நாடு"
false_negative,blocking_miss,S1-746300234,S3-239780844,,False,East Hospitality Private Limited,East Private Limited Center Enterprises,"No.15, Kumarapuram, Chromepet, Chennai, Tamil Nadu",
false_negative,blocking_miss,S1-746300234,S3-837124103,,False,East Hospitality Private Limited,ஈஸ்ட் ஹாஸ்பிடாலிட்டி Private Limited,"No.15, Kumarapuram, Chromepet, Chennai, Tamil Nadu","1, Kumarapuram, Chromepet, Chennai, TN"
false_negative,script_variation,S1-803823273,S2-192413332,0.4434687346629767,True,Ss Lakshmi Care Pvt Ltd,एसएस लक्ष्मी केयर प्रा. लि.,"H.No. D2/545 B Shiv Durga Vihar, Lakarpur, Faridabad, Haryana","H.NO. D6/545 B SHIV DURGA VIHAR, DIVREPORTINGCIRCLE, FARIDABAD, हरियाणा"
false_negative,missing_address,S1-245983244,S2-566475990,0.3287799252327094,True,Pioneer Farms LLP,Pioneer Farms L.L.P. L.L.P.,"Software Technology Parkchandra Nagar, Palakkad, Kottayam, Kerala",
false_negative,numeric_conflict,S1-546896307,S2-128344093,0.06464008564572744,True,Sabra Gordon Return,Sabra Gordon,"5010 King Road, Milwaukie, OR","010 KING RD, PORTLAND, OR"
false_negative,numeric_conflict,S1-546896307,S2-42344199,0.49542562296049264,True,Sabra Gordon Return,Sabra Gordon (Return) (Return),"5010 King Road, Milwaukie, OR","OR, 010 KING ROAD, PORTLAND"
false_negative,numeric_conflict,S1-546896307,S2-550084733,0.19245949777297264,True,Sabra Gordon Return,SABRA GORDON RETURN INC,"5010 King Road, Milwaukie, OR","010 KING ROAD, PORTLAND, OR"
false_negative,numeric_conflict,S1-546896307,S2-977299474,0.22886822851295419,True,Sabra Gordon Return,Sabra Return Gordon,"5010 King Road, Milwaukie, OR","010 King Rd, PORTLAND, OR"
false_negative,text_variation_or_ambiguous,S1-546896307,S3-479244705,0.7194753766097133,True,Sabra Gordon Return,Sabra Gordon Réturn,"5010 King Road, Milwaukie, OR","King Road, N/A, Portlad, Oregon"
false_negative,blocking_miss,S1-732549968,S2-172229148,,False,Real Infrastructure Pvt Ltd,रियल इंफ्रास्ट्रक्चर प्रा. लि.,"B6-102, First Floor, Block B, Sector 77, Faridabad, Haryana","B6-102, FARIDABAD, PALWAL, हरियाणा"
false_negative,script_variation,S1-732549968,S2-197982578,0.7221648479791128,True,Real Infrastructure Pvt Ltd,रियल इंफ्रास्ट्रक्चर प्रा. लि.,"B6-102, First Floor, Block B, Sector 77, Faridabad, Haryana","B6-102, FIRST FLOOR, BLOCK B, SECTOR 77, FARIDABAD, PALWAL, Haryana"
false_negative,blocking_miss,S1-535296646,S3-557583011,,False,"Wood and Topete, LLC","Wood and Tpohtd, LLC","48 Nightengale Avenue, Massena, NY","48 Nightengale Ave, <NULL>, Massnea, New York"
false_negative,numeric_conflict,S1-64888823,S2-28105391,0.6456397270808124,True,"Perez, Mcleish and Sanchez",PEREZ MCLEISH AND SANCHEZ INC.,"136 Stringham Road, Higginson, AR","13 STRINGHAM RD, HIGGINSON, AR"
false_negative,blocking_miss,S1-566830040,S2-315442303,,False,Summit Society Corp,Summit Society,"30 First Street, ME, West Gardiner","1ST STREET, WEST GARDINER, ME"
false_negative,blocking_miss,S1-341774512,S2-131196310,,False,Librius Resources,LIBRIUS RSE0URCES RSEOURCES,"11020 Wilsonville Road, Wilsonville, OR",
false_negative,text_variation_or_ambiguous,S1-341774512,S2-425312734,0.3470519602895482,True,Librius Resources,Librius Center,"11020 Wilsonville Road, Wilsonville, OR","WILSONVILLE ROAD, WILSONVILLE, OR"
false_negative,text_variation_or_ambiguous,S1-448313586,S2-311207219,0.002535053970979535,True,Value Energy Dynamics LLC,WEXHALOKELO | www.wexhalokel.com,"7600 Hungary Ridge Terrace, Henrico County, VA","7600- HUNGARY RIDGE TER, GLEN ALLLEN, VA"
false_negative,blocking_miss,S1-448313586,S2-900033127,,False,Value Energy Dynamics LLC,Value Energy,"7600 Hungary Ridge Terrace, Henrico County, VA","GLEN ALLEN CDP, HUNGARY RIDGE TER, VA"
false_negative,missing_address,S1-391697616,S2-883236441,0.5823100567980746,True,Kritan Manufacturing Corp,Kritan Manufacturing [Corp],"D-1/417 Ground Floor, Ashok Nagar Shahdara, North East Delhi, Delhi",
false_negative,blocking_miss,S1-391697616,S3-202179701,,False,Kritan Manufacturing Corp,Kritanmanufacturing.Com,"D-1/417 Ground Floor, Ashok Nagar Shahdara, North East Delhi, Delhi","D-##1/417 Ground Floor, North East Delhi, DL"
false_negative,text_variation_or_ambiguous,S1-216410805,S3-343362032,0.15640887190793298,True,Peniify Navigation LLC,Orbievogild,"Williamson County, TN, 1212 Round Grove Court","Williamson County, 1212 Roubd Grove Ct, Tennessee"
false_positive,similar_name_different_address,S1-996420920,S2-387859572,0.7790102356687977,True,"Torres, Mitchell and Bardon Inc","Torres, Mitche1l and Bardon Corp","NY, Forest Hills, 108-58 63 Drive","108-69 63 DR, FOREST HILLS, NY"
false_negative,blocking_miss,S1-639266819,S2-774102204,,False,Peak Golden Hologram,Peak Goedegen Hologram,"7222 Langston Road, Seattle, WA",
false_negative,blocking_miss,S1-490123111,S3-294109186,,False,Ivenon Medicines Inc,Ivenon Medicines,"106 Vineyard Street, Weatherford, TX",
false_positive,script_variation,S1-658889650,S2-161242160,0.7721982796175404,True,Balaji Investments Private Limited,ಲಕ್ಷ್ಮಿ ಇನ್ವೆಸ್ಟ್‌ಮೆಂಟ್ಸ್ ಪ್ರೈವೇಟ್ ಲಿಮಿಟೆಡ್,"No. 208/H 1St Floor Hbr Layout 1St Stage 2Nd Block Bda 80 Feet Road, Bangalore, Karnataka","NO C-2, 80 FT ROAD, 1ST STAGE, 2ND BLOCK HBR LAYOUT, KACHARAKANAHALLI, BENGALURU, BANGALORE, Karnataka"
false_negative,blocking_miss,S1-658889650,S3-984601748,,False,Balaji Investments Private Limited,Balaji Investments Limited (Private),"No. 208/H 1St Floor Hbr Layout 1St Stage 2Nd Block Bda 80 Feet Road, Bangalore, Karnataka",
false_negative,blocking_miss,S1-676464828,S2-353831602,,False,Red Services,रेड सर्विसेज,"30, Jha Krishna Nagar Kydganj, Allahabad, Uttar Pradesh","ALLAHABAD, H.NO 77 30, PRAYAGRAJ, Uttar Pradesh"
false_negative,blocking_miss,S1-676464828,S3-343310442,,False,Red Services,रेड सर्विसेज,"30, Jha Krishna Nagar Kydganj, Allahabad, Uttar Pradesh","30, Jha Krishna Nagar Kydganj, Allahabad, UP"
false_negative,blocking_miss,S1-369253711,S2-100292981,,False,Optimal Realty Technologies,Optimal Réarity Technologies Technologies,"1202 River Street, Connersville, IN","1202 RIVER ST, CONNERSVIILLE, IN"
false_negative,blocking_miss,S1-369253711,S3-790082643,,False,Optimal Realty Technologies,Optimal Technologies Services,"1202 River Street, Connersville, IN",
false_negative,blocking_miss,S1-507611874,S2-32829133,,False,Digital Unique Properties Private Limited,Private Digital Unique Properties Ltd,"No 105, 7Th Main, M.L.A Layout R.M.V. Extension, Bangalore, Karnataka","NO 105, BANGLORE, Karnataka"
false_negative,blocking_miss,S1-507611874,S2-547090611,,False,Digital Unique Properties Private Limited,Limited Digital Unique Private Service,"No 105, 7Th Main, M.L.A Layout R.M.V. Extension, Bangalore, Karnataka","DOOR NO 105, BENGALURU, BANGALORE, Karnataka"
false_negative,blocking_miss,S1-507611874,S2-916850302,,False,Digital Unique Properties Private Limited,ಡಿಜಿಟಲ್ ಯುನೀಕ್ ಪ್ರಾಪರ್ಟೀಸ್ ಪ್ರೈವೇಟ್ ಲಿಮಿಟೆಡ್,"No 105, 7Th Main, M.L.A Layout R.M.V. Extension, Bangalore, Karnataka","#105, BANGLORE, Karnataka"
false_negative,blocking_miss,S1-334410941,S3-58589293,,False,Foundation Amg Constructions Private Limited,Foundation Amg Costruntimosl Private Limited,"S No. 680/1/3/2 H.No.2, Snehal Kunj Near Sant Eknath Society, Bibvewadi, Pune, Maharashtra","Pune, MH, Pune, S No. 680/1/3/2 H.no.2"
false_negative,missing_address,S1-129962485,S2-332069431,0.5823100567980746,True,Surgical Associates of Benson,Surgical Associates of  Benson,"5600 50, Benson, NC",
false_negative,blocking_miss,S1-616048026,S3-159416709,,False,ZCF Advisory Pvt. Ltd.,zcfadvisory.com,"Plot No. 07, Gut No.115, Near Mhaske Petrol Pump, Aurangabad, Maharashtra","No 07, Aurangabad, महाराष्ट्र"
false_negative,blocking_miss,S1-27838129,S2-627753118,,False,Shree Infrastructure Limited,श्री इंफ्रास्ट्रक्चर लिमिटेड,"S. No. 8A, Pl No. 43, Shop No. 3 Kondhwa Khurd, Pune, Maharashtra","S. NO. 8A, POONA, PUNE, Maharashtra"
false_negative,blocking_miss,S1-592221975,S3-473043097,,False,24HR Locksmith LLC,Locksmith 24HR LLC,"Village Of Hobart, WI, 3014 Freedom Road","3014 Freedom Road, Oneia, Wisconsin"
false_negative,blocking_miss,S1-592221975,S3-769274796,,False,24HR Locksmith LLC,24HR Locksmith,"Village Of Hobart, WI, 3014 Freedom Road","3014 Freedom Rd, Oneia, Wisconsin"
false_negative,blocking_miss,S1-660170296,S3-729501081,,False,Daskroi Arya Private Limited,Daskroi Private  Limited Center,"9B-1 Lane12 Greenwoods, Ahmedabad, S P Ring Road, Gujarat, Daskroi","Daskroi, GJ, Lane12 Greenwoods"
false_negative,blocking_miss,S1-108314429,S2-628035494,,False,Supreme Dream It,सुप्रीम ड्रीम आईटी,"Office No F-39, First Floor Eternity Commercial Premises, Lbs Marg, Teen Hath Naka, Thane, Maharashtra","OFFICE NO F-39., THANE, महाराष्ट्र"
false_negative,numeric_conflict,S1-337056330,S2-723364168,0.1503838364932835,True,"Hammerschmidt, Reyes & Dietrich Fitness","HAMMERSCHMIDT, REYES & DIETRICH","WA, Farmington, 601 Main Street","WA, FARMINGTON, 587 MAIN STREET"
false_negative,blocking_miss,S1-54364450,S3-346282630,,False,Al Power Limited,Mr Al P0wer Limited,"50-116-6/3, F No 203, Surya Krishna Appt Hill View Layout, Seethammadhara, Visakhapatnam, Vishakhapatnam, Andhra Pradesh","50-116-6/3, Vishakhapatnam, AP"
false_negative,blocking_miss,S1-54364450,S3-616715865,,False,Al Power Limited,అల్ పవర్ లిమిటెడ్,"50-116-6/3, F No 203, Surya Krishna Appt Hill View Layout, Seethammadhara, Visakhapatnam, Vishakhapatnam, Andhra Pradesh","50-116-6/3, Visakhapatnam, ఆంధ్రప్రదేశ్"
false_positive,text_variation_or_ambiguous,S1-368121265,S2-534631162,0.7556774300128629,True,Marvel Welfare Society,MARVEL WELFARE SOCIETY VENTURES,"C/O S/O Madan Lal Kulhari, Plot No-G284 Riico Area, Ratangarh, Churu, Rajasthan","#A-42 C/O S/O MADAN LAL KULHARI, PLOT NO-G284 RIICO AREA, RATANGARH, Rajasthan"
false_negative,blocking_miss,S1-368121265,S2-899257408,,False,Marvel Welfare Society,MARVEL WELFARE SICGETY,"C/O S/O Madan Lal Kulhari, Plot No-G284 Riico Area, Ratangarh, Churu, Rajasthan",
false_negative,blocking_miss,S1-368121265,S3-533835239,,False,Marvel Welfare Society,Vioquoio,"C/O S/O Madan Lal Kulhari, Plot No-G284 Riico Area, Ratangarh, Churu, Rajasthan","C/O S/O Madan Lal Kulhari, Plot No-G284 Riico Area, Ratangarh, Churu, Rajasthan"
false_negative,blocking_miss,S1-926656202,S2-870283131,,False,"Mccullough, Con, DMD PLLC","Mccullough, Con, DMD","110864 4580 Road, Sallisaw, OK",
false_negative,blocking_miss,S1-200103720,S2-135456085,,False,Polaris,POBLAMIS,"2001 Clinton Avenue, Unit Unit F102, Brighton, NY","2001 CLINTON AVE, BRIGHTON, NY"
false_negative,blocking_miss,S1-200103720,S3-128569298,,False,Polaris,P0laris,"2001 Clinton Avenue, Unit Unit F102, Brighton, NY","2001 Clinton Avenue, # Unit F102, Rohester, New York"
false_negative,text_variation_or_ambiguous,S1-376252799,S3-267399570,0.12260519180071175,True,Rebecca Stites Dividend Inc,Rebecca Sitctse Dividend Inc,"9 Lifetime Way, Unit Unit 904, Sweden, NY","9 Lifetime Way, PO Box 8677, Brockport, New York"
false_negative,text_variation_or_ambiguous,S1-376252799,S3-574359596,0.7473427102015673,True,Rebecca Stites Dividend Inc,rebecca stites dividend inc,"9 Lifetime Way, Unit Unit 904, Sweden, NY","9 Lifetime Way, PO Box 8677, Brockport, New York"
false_negative,blocking_miss,S1-782508253,S3-972683424,,False,Metro Project,Metro Porjcet,"3416 3rd Street, Tulsa, OK","#3416 3th Street, Tulsa CDP, Oklahoma"
false_negative,text_variation_or_ambiguous,S1-258843006,S3-28233634,0.7306598319345556,True,Patriot Global,Patriot Service,"6811 Gables Way, Johnston, IA","6811 Gables Way, Johnston, Iowa"
false_negative,text_variation_or_ambiguous,S1-574042573,S2-124154669,0.09453755872100987,True,Smd (India) Service Private Limited,M/s Smd (India) Service Private,"D-501, Building No. 3, Vakratund Residency, Dhokali Naka, Thane (West), Thane, Thane, Maharashtra","D-5-01, BUILDING NO. 3, VAKRATUND RESIDENCY, DHOKALI NAKA, THANE (WEST), TAANE, THANE, Maharashtra"
false_negative,text_variation_or_ambiguous,S1-574042573,S2-601082528,0.19358081829248078,True,Smd (India) Service Private Limited,Smd (India) Service (Private),"D-501, Building No. 3, Vakratund Residency, Dhokali Naka, Thane (West), Thane, Thane, Maharashtra","Maharashtra, D-5-01, BUILDING NO. 3, VAKRATUND RESIDENCY, DHOKALI NAKA, THANE (WEST), THANE, THANE"
false_negative,text_variation_or_ambiguous,S1-574042573,S2-799924722,0.3737348544567695,True,Smd (India) Service Private Limited,Smd (iIndsr) Service Private Limited,"D-501, Building No. 3, Vakratund Residency, Dhokali Naka, Thane (West), Thane, Thane, Maharashtra","D-5-01, BUILDING NO. 3, VAKRATUND RESIDENCY, DHOKALI NAKA, THANE (WEST), THANE, THANE, Maharashtra"
false_negative,text_variation_or_ambiguous,S1-574042573,S2-834846785,0.17623080811105762,True,Smd (India) Service Private Limited,Smd  (India) Service Private,"D-501, Building No. 3, Vakratund Residency, Dhokali Naka, Thane (West), Thane, Thane, Maharashtra","D-5-01, BUILDING NO. 3, VAKRATUND RESIDENCY, DHOKALI NAKA, THANE (WEST), THANE, THANE, महाराष्ट्र"
false_negative,text_variation_or_ambiguous,S1-574042573,S2-968286430,0.6798843985184527,True,Smd (India) Service Private Limited,Smd (India) Private Limited Services,"D-501, Building No. 3, Vakratund Residency, Dhokali Naka, Thane (West), Thane, Thane, Maharashtra","D-5-01, BUILDING NO. 3, VAKRATUND RESIDENCY, DHOKALI NAKA, THANE (WEST), THANE, THANE, Maharashtra"
false_negative,blocking_miss,S1-964933813,S3-480348484,,False,Anchor Payroll Digital,Anchor  Payroll,"2034 Elmwood Drive, Salem, OR","203 Elmwood Dr, Salem, Oregon"
false_negative,blocking_miss,S1-964933813,S3-579943212,,False,Anchor Payroll Digital,anchorpayrolldigital.com,"2034 Elmwood Drive, Salem, OR","203 Elmwood Drive, Salem, Oregon"
false_negative,text_variation_or_ambiguous,S1-633496044,S3-757599725,0.7100107876241791,True,Devaya Arc Private Limited,Devaya  Arc Private,"C/O Nabi Ahmed, Phad Sheikh, Bans Mandi Near Mamma Plywood, Domehla Road, Rampur, Uttar Pradesh","C/o Nabi Ahmed, Rampur, उत्तर प्रदेश"
false_negative,blocking_miss,S1-376970708,S2-650850656,,False,Martinez Critical Ltd,Martinez [Critical],"29 Hillside Avenue, Oyster Bay, NY","#29 HILLSIDE AVE, GLEN HEAD, NY"
false_positive,text_variation_or_ambiguous,S1-969354731,S2-981935625,0.9741109557266294,True,Premier Brothers,Dr Premier  Brothers Industries,"C/O Shri Rajendra Marutira Deowalkar, Jagaji Tq. Dist. Osmanabad Jagaji, Osmanabad, Maharashtra","#34 C/O SHRI RAJENDRA MARUTIRA DEOWALKAR, JAGAJI TQ. DIST. OSMANABAD JAGAJI, OSMANABAD, Maharashtra"
false_negative,blocking_miss,S1-969354731,S3-612804851,,False,Premier Brothers,premierbrothers.com,"C/O Shri Rajendra Marutira Deowalkar, Jagaji Tq. Dist. Osmanabad Jagaji, Osmanabad, Maharashtra","C/o Shni Rajendra Marutira Deowalkar, Jagaji Tq. Dist. Osmanabad Jagaji, Dharashiv, Osmanabad, MH"
false_negative,text_variation_or_ambiguous,S1-969354731,S3-849042992,0.1697516599283905,True,Premier Brothers,Premier Bmhtesr,"C/O Shri Rajendra Marutira Deowalkar, Jagaji Tq. Dist. Osmanabad Jagaji, Osmanabad, Maharashtra","C/o Shri Rajendra Marutira Deowalkar, Jagaji Tq. Dist. Osmanabad Jagaji, Dharashiv, Osmanabad, MH"
false_negative,blocking_miss,S1-969354731,S3-879918040,,False,Premier Brothers,M/s premier br0thers,"C/O Shri Rajendra Marutira Deowalkar, Jagaji Tq. Dist. Osmanabad Jagaji, Osmanabad, Maharashtra",
false_negative,blocking_miss,S1-40216441,S3-858416087,,False,Foot & Ankle Group,fankle.com,"760 Walnut Avenue, Islip, NY","760 Walnut Ave, Islip, New York"
false_positive,text_variation_or_ambiguous,S1-503100597,S2-198538157,0.9814443256420041,True,Vaibhav Seva Samiti Care,Vaibhav Seva Samiti Care Limited,"N-116 Flat No 2Panchsheel Park, New Delhi, South Delhi, Delhi","N-116 FLAT NO 23PANCHSHEEL PARK, NEW DELHI, Delhi"
false_negative,similar_address_different_name,S1-396080187,S2-332664529,0.09772195894262589,True,Clark & Collura Bny Inc.,Wexbeloiri,"233 Richardson Road, North Wilkesboro, NC","233 RICHARDSON RD, NORTH WILKESBORO, NC"
false_negative,text_variation_or_ambiguous,S1-177288532,S2-484814311,0.5783193409438714,True,Stoughton Surgical Health,STOUGHTON  SGUHHNCLA HEALTH,"27 Manor Drive, Unit 6, Stoughton, MA","27 MANOR DR, STOUGHTON, MA"
false_negative,blocking_miss,S1-422305284,S2-529422166,,False,Jagdishpur Institute,ijagdishpur.com,"Kolkata, 18B Ashutosh Mukherjee Road, Kolkata, West Bengal, 4Th Floor Homeland Mall, Howrah","4TH FLOOR HOMELAND MALL, KOLKATA, HOWRAH, পশ্চিমবঙ্গ"
false_negative,missing_address,S1-422305284,S2-819677508,0.5823100567980746,True,Jagdishpur Institute,Jagdishpur  Institute,"Kolkata, 18B Ashutosh Mukherjee Road, Kolkata, West Bengal, 4Th Floor Homeland Mall, Howrah",
false_negative,blocking_miss,S1-924789073,S3-82792476,,False,Baba Exports Private Limited,Baba  Exports Private Ltd #45990,"Gujarat, Surat City, Upper Gr.Flr Sy.No-143(P) & 144, Millennium Textile Market, Kamela Darwaja, Ring Road, Shop-C-2127, Surat","Shop-c-2127, Surat City, Surat, GJ"
false_negative,blocking_miss,S1-297337084,S2-113418517,,False,Bright Pilates,BPILATES.COM,"4555 Yale Creek Road, Fl 1, Jacksonville, OR","YALE CREEK ROAD, JACKSONVILLE, OR"
false_negative,text_variation_or_ambiguous,S1-334417320,S3-693718963,0.4269567089576039,True,Morrissey Interstate Ares LLC,L.L.C. Morrissey lnterstate Ares,"4473 Red Bird Lane, Dallas, TX","Red Bird Lane, Dallas, Texas"
false_negative,text_variation_or_ambiguous,S1-661709010,S3-182875911,0.4056191109351573,True,Swasti (India) Hotels Limited,Swasti Hotels Limited Center,"Shop No. 2, 3, Sairaj Apartment Near Thackray Garden Midc Road Badlapur, East, Thane, Maharashtra","Shop No. 6, 3, Sairaj Apartment Near Thackray Garden Midc Road Badlapur, East, Thane, MH"
false_negative,text_variation_or_ambiguous,S1-661709010,S3-748512773,0.5854896395916356,True,Swasti (India) Hotels Limited,Shri Swasti (India) Hotels Límited,"Shop No. 2, 3, Sairaj Apartment Near Thackray Garden Midc Road Badlapur, East, Thane, Maharashtra","Shop No. 6, 3, Sairaj Apartment Near Thackray Garden Midc Road Badlapur, East, Thane, MH"
false_negative,blocking_miss,S1-890837584,S3-599918922,,False,Urgent Care Gulf Health,Urgent Care Gu1f Héalth,"712 Pike Street, Unit APARTMENT 1, Covington, KY","712 Pie St, # Apartment 1, Covington Ky, Kentucky"
false_negative,blocking_miss,S1-261832575,S2-806805510,,False,Unified Diamond Devices LLC,UNIFIED DIAMOND DECISE LLC,"3105 147th Avenue E, Unit APARTMENT  E, Tulsa, OK","147TH AVE E, TULSA, OK"
false_negative,blocking_miss,S1-261832575,S3-368680110,,False,Unified Diamond Devices LLC,Unified Devices LLC Services,"3105 147th Avenue E, Unit APARTMENT  E, Tulsa, OK","310 147th Ave E, <NULL>, Tulssa, Oklahoma"
false_negative,blocking_miss,S1-261832575,S3-393437563,,False,Unified Diamond Devices LLC,Unified Diam0nd Devices [LLC],"3105 147th Avenue E, Unit APARTMENT  E, Tulsa, OK","310 147th Ave E, Oklahoma, Tulssa, <NULL>"
false_negative,missing_address,S1-6609416,S2-288781388,0.5823100567980746,True,Irwin Veterinary Clinic LLC,Irwin Veterinary Clinic Llc,"15100 Frederick Road, Woodbine, MD",
false_negative,blocking_miss,S1-6609416,S3-153802311,,False,Irwin Veterinary Clinic LLC,@irwinveterinary,"15100 Frederick Road, Woodbine, MD","Frederick Rd, Woodbine, Maryland"
false_negative,numeric_conflict,S1-6609416,S3-827595869,0.2688989331747733,True,Irwin Veterinary Clinic LLC,Irwin Veterinary,"15100 Frederick Road, Woodbine, MD","015100 Frederick Rd, Woodbine, Maryland"
false_negative,blocking_miss,S1-50128809,S2-840476388,,False,Astech Hospital,Astech Services #68919,"Dr. Vikram Sarabhai Instronics Estate Thiruvanmayur, Chennai., Plot No.L2, Chennai, Tamil Nadu, Chennai",
false_negative,text_variation_or_ambiguous,S1-356920881,S2-351374457,0.6546504557129879,True,Shel's Data PLLC,She1's  Data P.L.L.C.,"5502 Route 48, Decatur, IL","5502 ROUTE 48, DECATUR, IL"
false_negative,blocking_miss,S1-356920881,S3-573042489,,False,Shel's Data PLLC,Ciradova,"5502 Route 48, Decatur, IL","5502 Route 48, <NULL>, Decatur, Illinois"
false_negative,text_variation_or_ambiguous,S1-826680840,S3-491756355,0.1504351359625615,True,Vijay Trading LLP,Smt Vijay Trdgn LLP,"Gf-457, Mohali, Punjab, Ropar, Omaxe Cassia, New Chandigarh","Mohali, Ropar, PB, Plot 237 Gf-457"
false_negative,missing_address,S1-424214120,S2-259974751,0.7472876131066694,True,Ferran Titan LLC,Ferran Títan LLC,"1037 920, Ephraim, UT",
false_negative,blocking_miss,S1-795981268,S2-80112229,,False,Menaka Capital Partners,menakacapitalpartners.com,"Flat No 206, S No 15/2, Pisoli, Mountscape Pune City, Pune, Maharashtra","206 , S NO 15/2, PISOLI, MOUNTSCAPE PUNE CITY, PUNE, महाराष्ट्र"
false_negative,text_variation_or_ambiguous,S1-795981268,S3-837492370,0.5161346297965402,True,Menaka Capital Partners,Menaka Partners Capital,"Flat No 206, S No 15/2, Pisoli, Mountscape Pune City, Pune, Maharashtra","Flat No 206, Kondhave Khurd, महाराष्ट्र"
false_negative,text_variation_or_ambiguous,S1-267751309,S3-236073761,0.4683651012877346,True,Hind Infrastructure Pvt Ltd,Hind Pvt Ltd Center,"718, Parimal Soc., Solanki Bunglow, Tulsibag, Ambawadi, Ellisbridge, Ahmedabad, Gujarat","H.no 44 718, Parimal Soc., Solanki Bunglow, Tulsibag, Ambawadi, Ellisbridge, Ahmedabad, GJ"
false_negative,similar_address_different_name,S1-267751309,S3-566919575,0.01491885952969406,True,Hind Infrastructure Pvt Ltd,Shri Brixonyxnyla,"718, Parimal Soc., Solanki Bunglow, Tulsibag, Ambawadi, Ellisbridge, Ahmedabad, Gujarat","No 44 718, Parimal Soc., Solanki Bunglow, Tulsibag, Ambawadi, Ellisbridge, Ahmedabad, GJ"
false_positive,text_variation_or_ambiguous,S1-144479590,S2-411973864,0.9245073456336211,True,Nr Sangh Partners,Smt Nr Sangh Partners Private Limited,"Ii-Floor, 13/3, Verma Complex, Kaushalpur Bypass Road, Opposite Omaxe M, All, Agra, Uttar Pradesh","NO 83 II-FLOOR, 13/3, VERMA COMPLEX, KAUSHALPUR BYPASS ROAD, OPPOSITE OMAXE M, ALL, AGRA, Uttar Pradesh"
false_negative,blocking_miss,S1-144479590,S3-246140117,,False,Nr Sangh Partners,Nr Sfashg Partners,"Ii-Floor, 13/3, Verma Complex, Kaushalpur Bypass Road, Opposite Omaxe M, All, Agra, Uttar Pradesh","Ii-floor, Agra, उत्तर प्रदेश"
false_negative,blocking_miss,S1-270963211,S2-24305687,,False,Golden Tattoo,GOLDEN  TATTOO LP,"620 1st Street, Minerva, OH","618 1ST STREET, MINERVA, OH"
false_negative,blocking_miss,S1-355291787,S3-22631745,,False,Duffy Enclave LLC,Duffy LLC Enclave,"32953 Highway 74, Kingston, AR",
false_negative,numeric_conflict,S1-621305595,S2-402874367,0.18866139489067535,True,Schumacher Signs Care,Schumacher Signs Care Inc,"2285 Quaker Road, Hartland, NY","02285 QUAKER ROAD, GASSPORT, NY"
false_negative,blocking_miss,S1-271486334,S2-568016408,,False,Bombay Surya Investments Pvt Ltd,বোম্বে সূর্য ইনভেস্টমেন্টস প্রাইভেট লিমিটেড,"157B Dharamatalla Street, Kolkata, Calcutta, West Bengal","DOOR NO B3/157B DHARAMATALLA STREET, KOLKATA, CALCUTTA, পশ্চিমবঙ্গ"
false_negative,script_variation,S1-271486334,S2-701987265,0.7057079835458857,True,Bombay Surya Investments Pvt Ltd,বোম্বে সূর্য ইনভেস্টমেন্টস প্রাইভেট লিমিটেড,"157B Dharamatalla Street, Kolkata, Calcutta, West Bengal","B3/157B DHARAMATALLA STREET, KOLKATA, CALCUTTA, West Bengal"
false_negative,blocking_miss,S1-271486334,S2-840010628,,False,Bombay Surya Investments Pvt Ltd,বোম্বে সূর্য Investments Pvt Ltd,"157B Dharamatalla Street, Kolkata, Calcutta, West Bengal","B3/157B DHARAMATALLA STREET, KOLKATA, CALCUTTA, পশ্চিমবঙ্গ"
false_negative,blocking_miss,S1-271486334,S3-743732820,,False,Bombay Surya Investments Pvt Ltd,Bombay Surya Pvt Ltd (Center),"157B Dharamatalla Street, Kolkata, Calcutta, West Bengal","##157B Dharamatalla Street, Tribeni, Calcutta, WB"
false_negative,blocking_miss,S1-271486334,S3-835877174,,False,Bombay Surya Investments Pvt Ltd,বোম্বে Surya ইনভেস্টমেন্টস প্রাইভেট লিমিটেড,"157B Dharamatalla Street, Kolkata, Calcutta, West Bengal","Door No ##157B Dharamatalla Street, Tribeni, Calcutta, WB"
false_negative,numeric_conflict,S1-209482919,S3-572971287,0.2676541365474307,True,Castro's Precision Specialists,Castro's Precision,"763 17C, Owego, NY","76 17C, Owego, New York"
false_positive,text_variation_or_ambiguous,S1-136209003,S2-635712367,0.8469238408523465,True,Kritam Mills,KRITAMA  MILLS,"14 Rajinigandhaa 4Th Flr Flatno 403 Oshiwara Mahada Complex Opp Shree Restaurant Andh, Eri, Mumbai, Maharashtra","#25 RAJINIGANDHAA 4TH FLR FLATNO 403 OSHIWARA MAHADA COMPLEX OPP SHREE RESTAURANT ANDH, ERI, महाराष्ट्र"
false_negative,numeric_conflict,S1-453129360,S2-52095147,0.014010362515141933,True,Brier Dental Care Associates,Brier Dental Care Associates Corporation,"WA, Brier, 2153 213th Place","153 213TH PL, PMB 6637, LYNNWOOD, WA"
false_negative,blocking_miss,S1-968316460,S2-15008971,,False,Department of Environmental Protection,DEPARTMENT OF  ENVIRONMENTAL,"307 Madison Place, Leeds, AL","307  MADISON PL, LEEDS, AL"
false_negative,blocking_miss,S1-614802826,S2-75938139,,False,Tri-State Fitness LLC,tristatefitness.com,"112 Parham Street, Hampton, TN","12 PARHAM STREET, HAMPOTN CITY, TN"
false_negative,blocking_miss,S1-943546103,S3-440443534,,False,Peak Meridian,Peak Mermifan,"415 First Street, Ocean Isle Beach, NC","15 First St, Ocean Isle Beach, North Carolina"
false_negative,blocking_miss,S1-892542478,S2-17819224,,False,Wildlife Initiative Center,Wildlife Initiative Center Corporation,"720 Southline Drive, Lebanon, OH","0720 SOUTHLINE DR, LEBAANON CITY, OH"
false_negative,blocking_miss,S1-892542478,S2-319220931,,False,Wildlife Initiative Center,WILDLIFE INITIATIVE CETNRE,"720 Southline Drive, Lebanon, OH","0720 SOUTHLINE DR, LEBAANON CITY, OH"
false_negative,numeric_conflict,S1-501818829,S3-761853381,0.743805322430634,True,Worldwide Producer Private Limited,M/s Worldwide  Producer Private Limited,"389 A, Pt Deen Dayal, Upadhyay Nagar Sukhliya, Indore, Madhya Pradesh","Pt Deen Dayal, Upadhyay Nagar Sukhliya, Indore, MP, 989 A, Indore"
false_negative,blocking_miss,S1-582716987,S2-637004378,,False,Primary Care Physicians of Lovettsville Town,primarycarephysicians.com,"17 A Berlin Pike, Lovettsville Town, VA","BERLIN PIKE, PMB 8022, LOVETTSVILLE TOWN, VA"
false_negative,blocking_miss,S1-582716987,S3-954159567,,False,Primary Care Physicians of Lovettsville Town,Primary Care Physicians Physicians of Lvfetstvlne Town,"17 A Berlin Pike, Lovettsville Town, VA","1 Berlin Pike, Lovettsville Town, Virginia"
false_positive,text_variation_or_ambiguous,S1-928419077,S2-664800681,0.9726824188538192,True,Nexrivue Management,Nexrivue Management Ltd,"1858 Whistling Straits Avenue, Unit Apt 301, Fayetteville, AR","1859B WHISTLING STRAITS AVENUE, FAYETTEVILLE, AR"
false_negative,missing_address,S1-928419077,S3-327082444,0.5645793250088569,True,Nexrivue Management,Nexrivue-[Management],"1858 Whistling Straits Avenue, Unit Apt 301, Fayetteville, AR",
false_negative,similar_address_different_name,S1-928419077,S3-982296732,0.6946338485825767,True,Nexrivue Management,Orbionyx+,"1858 Whistling Straits Avenue, Unit Apt 301, Fayetteville, AR","1858 Whistling Straits Avenue, Unit Apt 301, Fayetteville, AR"
false_negative,missing_address,S1-644311644,S2-941382158,0.5823100567980746,True,Stormie Maldonado Safe Therapy Inc,STORMIE MALDONADO SAFE THERAPY [INC],"5100 Cheltenham Boulevard, Lyndhurst, OH",
false_negative,blocking_miss,S1-645102243,S2-852499470,,False,Oncology Fresh Physicians LLC,Onc0logy Oncology Physicians Fresh LLC,"11620 238th Street, Illinois City, IL","238RD STREET, ILLINOIS CITY, IL"
false_negative,text_variation_or_ambiguous,S1-96259258,S2-150220422,0.2095566070916574,True,Platinum Research Networks Inc,Platinum Research,"Alabaster, AL, 580 5th Avenue","Fifth Ave, ALABASTER, AL"
false_negative,blocking_miss,S1-96259258,S3-943722796,,False,Platinum Research Networks Inc,Platinum (Research),"Alabaster, AL, 580 5th Avenue","5th Ave, Alabaster, Alabama"
false_negative,blocking_miss,S1-576786369,S3-19080751,,False,Physical Therapy Medicine Inc,Physical Threlp Medicine Inc,"9127 Lincoln Avenue, Brookfield, IL","9127 1/2 Lincoln Ave, Brookfield, Illinois"
false_negative,similar_address_different_name,S1-10188804,S3-656543514,0.45988550806505724,True,White Servicesprivate Corporation,Mirakelokelo,"C/O Jitendra Singh, Angar Ward No 32, Aurangabad, Aurangabad(Bh), Bihar","C/O Jitendra Singh, Angar Ward No 32, Aurangabad, Aurangabad(Bh), Bihar"
false_negative,blocking_miss,S1-175765526,S2-851479418,,False,Sunrise Services Pvt Ltd,सनराइज सर्विसेज प्रा. लि.,"C/O Ratibhan S/O Sh. Bheem Singh Vpo Mundet Khadar, Shamli, Muzaffarnagar, Uttar Pradesh","NO. 012 C/O RATIBHAN S/O SH. BHEEM SINGH VPO MUNDET KHADAR, SHAMLI, MUZAFFARNAGAR, Uttar Pradesh"
false_negative,text_variation_or_ambiguous,S1-422807932,S2-487947031,0.6015344082222129,True,Kalimpong Seva Samiti,Sri KALIMPONG SEVA SAMITI COMPANY,"Mumbai City, Maharashtra, Mumbai, Apollo Arcade R. K. Singh Marg, Mogra, Andheri (East), 304","304/3, APOLLO ARCADE R. K. SINGH MARG, MOGRA, ANDHERI (EAST), MUMBAI, Maharashtra"
false_negative,numeric_conflict,S1-79143149,S2-186915639,0.5216434486276843,True,Gavin & Moss Redwood,6avin & Moss Redwood Co,"2210 Chief John Drive, Chena Ridge, AK","02210 CHIEF JOHN DR, CHENA RIDGE, AK"
false_positive,text_variation_or_ambiguous,S1-9487868,S2-254473983,0.9583740909010491,True,Harikesh Estate Private Limited,Harikesh Estate  Group Private,"4Th Floor, Wellesly Court, S. No. 15/B, Wellesly Road, Camp, Pune, Pune, Maharashtra","Maharashtra, NO A-8TH FLOOR, WELLESLY COURT, S. NO. 15/B, WELLESLY ROAD, CAMP, PUNE, PUNE"
false_negative,numeric_conflict,S1-32067657,S3-278500930,0.2972215947545112,True,ZSE Electricity Inc,ZSE Electricity,"408 Adams Street, Wellsburg, IA","40 Adams St, Wellsburg, Iowa"
false_negative,blocking_miss,S1-32067657,S3-837185382,,False,ZSE Electricity Inc,Arcpyraavi,"408 Adams Street, Wellsburg, IA","Adams St, Wellsburg, Iowa"
false_negative,text_variation_or_ambiguous,S1-614234858,S2-748362531,0.21354890456460932,True,Supreme (India) Energy Private Limited,5UPREME (INDIA) ENERGY PRIVATE LIMITED | www.supremei.com,"C/O, Mahendra Sharma, Perbhati Ram Binoliya, Kishan Garh Bass, Alwar, Rajasthan","C/O, KISHAN GARH BASS, KOTKASIM, Rajasthan"
false_negative,blocking_miss,S1-48392308,S3-36776226,,False,Maid Barbershop PLLC,P.L.L.C. Maid Barbershop,"MO, 18709 St Albans Road, Glencoe","18709 St Albans Rd, Glencoe, null, Missouri"
false_negative,blocking_miss,S1-812121547,S3-552017100,,False,Physical Therapy Physicians of Vernon,Physical Therapy Physicians Of Services,"Vernon, VT, 44 West Road","West Road, N/A, Vernon, Vermont"
false_negative,blocking_miss,S1-812121547,S3-603101766,,False,Physical Therapy Physicians of Vernon,Physical Therapy Physicians of  Vernon Federation,"Vernon, VT, 44 West Road","44 West Rod, Vermont, Vernon, N/A"
false_negative,blocking_miss,S1-812121547,S3-831799369,,False,Physical Therapy Physicians of Vernon,Physical Therapy [Physicians],"Vernon, VT, 44 West Road","44 West Road, N/A, Vernon, Vermont"
false_negative,blocking_miss,S1-123768035,S2-209981369,,False,Miller Peace LLC,Mi1ler Peace LLC,"871 Biddle Road, Galion, OH","BIDDLE ROAD, GALION, OH"
false_negative,numeric_conflict,S1-874529834,S2-605816903,0.5400699994007183,True,Atlas PC,ATLAS,"2506 Grape Lane, Pasadena, TX","02506 GRAPE LN, PASADENA, TX"
false_positive,text_variation_or_ambiguous,S1-737689599,S2-462061789,0.8785381521329586,True,Vivid Minerals Private Limited,PRIVATE VIVID STUDIOS LIMITED,"Bihar, Gaya, C/O Shiv Dulari Devi, Gaya","DOOR NO 6 C/O SHIV DULARI DEVI, GAYA, Bihar"
false_negative,text_variation_or_ambiguous,S1-737689599,S3-571627447,0.5384157339669555,True,Vivid Minerals Private Limited,Vivid Private Limited Center,"Bihar, Gaya, C/O Shiv Dulari Devi, Gaya","Gaya, BR, Door No 395 C/o Shiv Dulari Devi"
false_negative,text_variation_or_ambiguous,S1-460372783,S2-145229641,0.6754223961175863,True,Sai Tech Limited,Sai Téch Ltd,"Vill-Chaulgola, Po-Nilambarpur, Mandirbazar, South 24 Parganas, West Bengal","VILL-CHAULGOLA, PO-NILAMBARPUR, MANDIRBAZAR, West Bengal"
false_negative,blocking_miss,S1-460372783,S2-3741817,,False,Sai Tech Limited,সাই টেক লিমিটেড,"Vill-Chaulgola, Po-Nilambarpur, Mandirbazar, South 24 Parganas, West Bengal","VILL-CHAULGOLA, PO-NILAMBARPUR, 24 PARAGANAS SOUTH, পশ্চিমবঙ্গ"
false_negative,blocking_miss,S1-460372783,S2-467696158,,False,Sai Tech Limited,সাই টেক লিমিটেড,"Vill-Chaulgola, Po-Nilambarpur, Mandirbazar, South 24 Parganas, West Bengal","VILL-CHAULGOLA, SOUTH 24 PARGANAS, West Bengal"
false_negative,text_variation_or_ambiguous,S1-420519239,S2-316378915,0.5812719199626943,True,Garrett Clear Flex Company,Garrett Clear Flex,"NY, 421 Fulton Avenue, Unit Apartment 1, Mount Vernon","421-423 FULTON AVENUE, MOUNT VERNON, NY"
false_negative,blocking_miss,S1-420519239,S2-365141122,,False,Garrett Clear Flex Company,#GARRETTCLEAR,"NY, 421 Fulton Avenue, Unit Apartment 1, Mount Vernon","NY, MOUNT VERNON, 421-423 FULTON AVE"
false_negative,text_variation_or_ambiguous,S1-420519239,S2-562782980,0.5399628800967913,True,Garrett Clear Flex Company,Garrett Clear,"NY, 421 Fulton Avenue, Unit Apartment 1, Mount Vernon","421-423 FULTON AVE, MOUNT VERNON, NY"
false_negative,text_variation_or_ambiguous,S1-195085433,S2-480662247,0.6513047159250859,True,"Ruthy Adams, D.D.S.","Adams,, Ruthy [D.D.S.]","4132 Florence Road, Oyster Bay, NY","FLORENCE RD, SEAFORD, NY"
false_negative,text_variation_or_ambiguous,S1-195085433,S3-360613089,0.18800164274078704,True,"Ruthy Adams, D.D.S.","Ruthy Acerms, D.D.5.","4132 Florence Road, Oyster Bay, NY","New York, Seaford, 4132- Florence Road"
false_negative,missing_address,S1-589492732,S2-804947117,0.7235060295385977,True,"Jeanine Baker, L.C.S.W., PC","Jeanine Bttaked, L.C.S.W., PC","4408 Morten Avenue, Glendale, AZ",
false_negative,blocking_miss,S1-30601649,S3-452985334,,False,"Leonard, Doretta D., D.D.S. Partners",Leonarddorettad.Com,"2007 Twisted Oak Circle, Norman, OK","2007 Twisted Oak Circle, Norman, Oklahoma"
false_negative,blocking_miss,S1-256543145,S3-736599264,,False,Nikhil Enterprises LLP,Nikhi1 Enterprises  LLP,"Jaipur, Shiv Path Krishna Nagar-Ii, Lalkothi, Rajasthan, Jaipur, B-8","Plot 442 B-8, Jaipur, RJ"
false_negative,blocking_miss,S1-241771203,S2-60642390,,False,Heritage Network,Drexvio,"3833 50th Street, Unit 1, Lubbock, TX","3833 50ST STREET, LUBBOCK, TX"
false_negative,text_variation_or_ambiguous,S1-241771203,S3-572060136,0.7405913056368907,True,Heritage Network,Heritage Center,"3833 50th Street, Unit 1, Lubbock, TX","Texas, 3833 50th St, Lubbock"
false_negative,blocking_miss,S1-990636782,S3-442596462,,False,Solutions Shree Lifecare Limited,Solutions Sáer Lifecare Limited,"B/16, Manthan Appartment, Near Anand Nagar Road Satellite, Ahmedabad, Gujarat",
false_negative,blocking_miss,S1-763904630,S2-224657290,,False,My Producer Private Limited,માય પ્રોડ્યુસર પ્રાઇવેટ લિમિટેડ,"120, Ashishnagar Society, Nr. Ratnasagar Cross Road, Ahmedabad, Gujarat","00120, NR. RATNASAGAR CROSS ROAD, AHMEDABAD, Gujarat"
false_positive,text_variation_or_ambiguous,S1-255143604,S2-766221606,0.871192910043484,True,Kcs Brothers Pvt Ltd,-- Kcs LLP Brothers,"G280H, First Floor, Florence Residency Sushant Lok-Ii, Sector - 57, Gurgaon, Haryana","G283H, FIRST FLOOR, FLORENCE RESIDENCY SUSHANT LOK-II, SECTOR - 57, UGO, GURGAON, Haryana"
false_negative,text_variation_or_ambiguous,S1-928373600,S2-406834503,0.6788253225982301,True,Ushodaya Enterprises,Ushodaya Enterprises Corporation,"2Nd-Fr, Fl-B, 255/2, Ambagan Colony, Nawpara, Kolkata, Kolkata, Howrah, West Bengal","7-ND-FR, FL-B, 255/2, AMBAGAN COLONY, NAWPARA, KOLKATA, KOLKATA, West Bengal"
false_negative,text_variation_or_ambiguous,S1-198253066,S3-920702508,0.43589887056189225,True,My Systems Private Limited,My 5ystems Pivet Limited,"A503 Nalanda Usha Colony Chs Evershine Nagar Ramchandra Lane Malad West, Mumbai, Mumbai City, Maharashtra","महाराष्ट्र, A503 Nalanda Usha Colony Chs Evershine Nagar Ramchandra Lane Malad West, Mumbai City, Mumbai"
false_negative,blocking_miss,S1-701963289,S2-515255104,,False,Chetan Fab Private Limited,Dr CHETAN FAB PRIVATE LIMITED,"33-G Dairy Farm, Madanpur, Khadar, New Delhi, Delhi",
false_negative,missing_address,S1-370104959,S2-344388694,0.5823100567980746,True,Regional Prime Services,Regional Prime Services,"Unit 26, TN, Nashville, 6501 Harding Pike",
false_negative,blocking_miss,S1-41455909,S3-593091902,,False,White Infra Limited,Ltd White Infra,"B-106, 1St Floor, Kssidc Industri Rajajinagar, Bangalore, Karnataka","Block C-327- B-106, Bengaluru, KA"
false_negative,missing_address,S1-904423327,S2-427148637,0.4754418433438773,True,Keystone Data Group,KEYSTONE DATA,"Redding, CA, 1587 San Francisco Street",
false_negative,blocking_miss,S1-115480125,S2-135488312,,False,Future Consultants Pvt Ltd,ஃபியூச்சர் கன்சல்டன்ட்ஸ் பிரைவேட் லிமிடெட்,"No.5 Victoria Salai Kamarajapuram Anakapuhur, Chennai, Tamil Nadu","4-5 VICTORIA SALAI KAMARAJAPURAM ANAKAPUHUR, CHENNAI, தமிழ்நாடு"
false_negative,script_variation,S1-115480125,S2-374186578,0.005221847790500119,True,Future Consultants Pvt Ltd,ஃபியூச்சர் கன்சல்டன்ட்ஸ் பிரைவேட் லிமிடெட்,"No.5 Victoria Salai Kamarajapuram Anakapuhur, Chennai, Tamil Nadu","NO.4-5 VICTORIA SALAI KAMARAJAPURAM ANAKAPUHUR, CHENNAI, தமிழ்நாடு"
false_negative,blocking_miss,S1-115480125,S3-892499836,,False,Future Consultants Pvt Ltd,ஃபியூச்சர் கன்சல்டன்ட்ஸ் பிரைவேட் லிமிடெட்,"No.5 Victoria Salai Kamarajapuram Anakapuhur, Chennai, Tamil Nadu","No.5 Victoria Salai Kamarajapuram Anakapuhur, Chennai, Chengalpattu, தமிழ்நாடு"
false_negative,blocking_miss,S1-551266640,S2-328210699,,False,Cascade Classic Velos LLC,Cascade Classic LLC Service,"110 Carey Court, Lebanon, TN",
false_negative,similar_address_different_name,S1-551266640,S2-861212853,0.029080261648123322,True,Cascade Classic Velos LLC,Lyravio,"110 Carey Court, Lebanon, TN","110 1/2 CAREY COURT, LEBANON, TN"
false_negative,blocking_miss,S1-551266640,S3-246839944,,False,Cascade Classic Velos LLC,Cascade Classic Velos,"110 Carey Court, Lebanon, TN",
false_negative,blocking_miss,S1-551266640,S3-416475541,,False,Cascade Classic Velos LLC,Cascade Velos Classic LLC,"110 Carey Court, Lebanon, TN",
false_positive,missing_address,S1-856245983,S2-576087673,0.7637165646874025,True,Locklear Foods,Locklear Foos,"1291 Tiller Lane, Arden Hills, MN",
false_negative,blocking_miss,S1-856245983,S2-106690728,,False,Locklear Foods,Jaxbrix,"1291 Tiller Lane, Arden Hills, MN","1291 TILLER LN, SAINT PAUL, MN"
false_negative,numeric_conflict,S1-604755175,S2-80537818,0.0221119077169988,True,"Susette A. Bramble, DO, PC","Susette A. Bramble, PC Services","7317 Kennington Court, Charlotte, NC","7330 KENNINGTON COURT, CHARLOTTE, NC"
false_negative,text_variation_or_ambiguous,S1-683072339,S3-876598656,0.7014824231473207,True,Mills Hall Inc,Mi1ls Hall Ínc,"2318 28th Place, Phoenix, AZ","2318 1/2 28th Pl, Phoenix, Arizona"
false_negative,blocking_miss,S1-473662212,S2-669490621,,False,Classic Solutions Limited,क्लासिक सॉल्यूशंस लिमिटेड,"702, Plot No.13, 1St Flr, Saraswati Baug, Jogeshwari East, Mumbai, Maharashtra","702/7, JOGESHWARI EAST, MUMBAI, Maharashtra"
false_negative,numeric_conflict,S1-20281966,S3-486693387,0.07419953361187366,True,Grand Oxley P.C.,Grand  Oxley LLC,"7322 College Street, Lima, NY","7452 College Street, Lmia, New York"
false_negative,text_variation_or_ambiguous,S1-301938602,S3-285369157,0.4746707688336117,True,Meteor & Co,M/s Meteor +,"F-14B, Riico Industrial Area, Gudli, Udaipur, Rajasthan","F-14b, Riico Industrial Area, Gudli, Udaipur, RJ"
false_negative,blocking_miss,S1-473605632,S3-534791685,,False,Stmarys Solutions Private Limited,SS,"25/S16/14/16, Khader Nawaz Khan Road, Chennai, Tamil Nadu","25/S16/14/16, Khader Nawaz Khan Road, Chennai, Tamil Nadu"
false_negative,text_variation_or_ambiguous,S1-133947718,S2-164780530,0.7411296135124086,True,"Family Care Associates, Inc","Family Associates, Inc 5ervice","Unit 95, 299 Brookwood Drive, SC, Seneca","SENECA, SC, BROOKWOOD DR"
false_negative,blocking_miss,S1-133947718,S3-223181689,,False,"Family Care Associates, Inc","Family Ccdcr Associates, Inc","Unit 95, 299 Brookwood Drive, SC, Seneca","Brookwood Drive, Senecca, South Carolina"
false_negative,text_variation_or_ambiguous,S1-472071034,S2-84256342,0.002733195001136861,True,Minadyne,ARIAKELO,"3766 Sharon Amity Road, Unit 7, Charlotte, NC","PMB 9710, NC, 3766- SHARON AMITY ROAD, CHARLOTTE"
false_negative,missing_address,S1-206777887,S3-852572307,0.6138365753441428,True,Crystal Activate LLC,Crystal Activate,"116 Livingston Drive, Brownwood, TX",
false_positive,text_variation_or_ambiguous,S1-355774586,S3-577752257,0.7578113588633019,True,Ashirwad Care Private Limited,Ashirwad Care Group Private,"3A, (Ground Floor) Perumal Koil Street, Kaladipet, Chennai, Tamil Nadu","C-8a, (Ground Floor) Perumal Koil Street, Kaladipet, Chennai, TN"
false_negative,text_variation_or_ambiguous,S1-355774586,S3-896900686,0.5681070703679536,True,Ashirwad Care Private Limited,Ashirwad Care Limited Center,"3A, (Ground Floor) Perumal Koil Street, Kaladipet, Chennai, Tamil Nadu","Chennai, TN, Chennai, 3A"
false_negative,blocking_miss,S1-245090476,S3-967297166,,False,Premier Services Private Limited,premierservices.com,"7-156, Sita Jayalakshmi Street Ravindra Nagar, Turangi, Kakinada, East Godavari, Andhra Pradesh","7-156, Konaseema, East Godavari, AP"
false_negative,blocking_miss,S1-504316764,S3-371311729,,False,Eastern Solutions Private Limited,ఈస్టర్న్ సొల్యూషన్స్ ప్రైవేట్ లిమిటెడ్,"8-69/9, Plot No 22, Dwaraka Nagar, Uppal, K.V.Rangareddy, Telangana","6-8-69/9, Uppal, K.v.rangareddy, TG"
false_negative,blocking_miss,S1-135417661,S3-297731663,,False,Lanni Conte Blue Black LLC,lanniconteblue.com,"1427 Church Street, Sulphur Springs, TX","null, 1427 Church St, Sulphur Springs, Texas"
false_positive,text_variation_or_ambiguous,S1-890078961,S2-325483425,0.9192400790283699,True,Nagora Homes Private Limited,Nagorayn Homes Private Ltd,"Office No. 201-A, Plot No. 348 Rajkamal-1, Ward 12B, Gandhidham, Kachchh, Gujarat","OFFICE NO. 00201-A, PLOT NO. 348 RAJKAMAL-1, WARD 12B, GANDHIDHAM, Gujarat"
false_negative,blocking_miss,S1-890078961,S2-352924719,,False,Nagora Homes Private Limited,NAGORA HOMES PRIVATE,"Office No. 201-A, Plot No. 348 Rajkamal-1, Ward 12B, Gandhidham, Kachchh, Gujarat",
false_negative,text_variation_or_ambiguous,S1-890078961,S2-506480227,0.7270329288748342,True,Nagora Homes Private Limited,*** Nagora Homes,"Office No. 201-A, Plot No. 348 Rajkamal-1, Ward 12B, Gandhidham, Kachchh, Gujarat","OFFICE NO. 00201-A, PLOT NO. 348 RAJKAMAL-1, WARD 12B, KACHCHH, ગુજરાત"
false_negative,numeric_conflict,S1-907348738,S2-847230200,0.005649750424011841,True,"Henderson Dynamic Arch, Inc.","Henderson Dynamic Arch,","1231 205th Street, Shoreline, WA","231 205RD ST, SEATTLE TOWNSHIP, WA"
false_negative,blocking_miss,S1-373191932,S3-473039308,,False,Federal Fund Inc,Federal Fund Ínc,"526 Hamilton Avenue, IN, Indianapolis",
false_negative,blocking_miss,S1-691056732,S2-672743249,,False,Meridian,Xylonoviorbi,"125 Rulau Road, Village Of Iola, WI","0125 RULAU ROAD, VILLAGE OF IOLA, WI"
false_negative,blocking_miss,S1-691056732,S3-19731574,,False,Meridian,Meridian LP,"125 Rulau Road, Village Of Iola, WI","125 1/2 Rulau Road, Village Of Iola, Wisconsin"
false_negative,blocking_miss,S1-691056732,S3-353193247,,False,Meridian,Meridian LP,"125 Rulau Road, Village Of Iola, WI","125 1/2 Rulau Rd, Iola, Wisconsin"
false_negative,blocking_miss,S1-691056732,S3-922952677,,False,Meridian,Mellidian,"125 Rulau Road, Village Of Iola, WI","125 1/2 Rulau Rd, Village Of Iola, Wisconsin"
false_negative,script_variation,S1-706996278,S2-768176881,0.6824758933980164,True,Aditya Constructions LLP,आदित्य कंस्ट्रक्शंस एलएलपी,"Latur, Dinanath Nagar, Maharashtra, Latur, R-3/859/3/1","R-3/859/3/1, DINANATH NAGAR, REGIONAL OFFICE AURANGABAD, LATUR, महाराष्ट्र"
false_negative,blocking_miss,S1-874996738,S3-159551928,,False,Shree Digital Global Private Limited,श्री डिजिटल ग्लोबल प्राइवेट लिमिटेड,"Flb/304, Bhoomisagar, Plot No-112/113, Sector-22, Kamothe, Navimumbai, Raigarh, Maharashtra","Plot 6-331 Flb/304, Bhoomisagar, Plot No-112/113, Sector-22, Kamothe, Navimumbai, Kharghar Navi Mumbai, MH"
false_negative,blocking_miss,S1-874996738,S3-495176734,,False,Shree Digital Global Private Limited,श्री डिजिटल ग्लोबल प्राइवेट लिमिटेड,"Flb/304, Bhoomisagar, Plot No-112/113, Sector-22, Kamothe, Navimumbai, Raigarh, Maharashtra","Raigarh, Kharghar Navi Mumbai, Plot 6-331 Flb/304, MH"
false_negative,blocking_miss,S1-330354148,S3-167356636,,False,Stag Inc,Stag,"7600 350, Columbus, IN","7600. 350, Columbus CDP, Indiana"
false_negative,blocking_miss,S1-251810442,S2-130644754,,False,Star International Private Limited,स्टार इंटरनेशनल प्राइवेट लिमिटेड,"711, Veena Killedar Ind Estate, 10/14 Pais Street Byculla (W), Mumbai, Maharashtra","711, 10/14 PAIS STREET BYCULLA (W), MUMBAI, Maharashtra"
false_negative,blocking_miss,S1-251810442,S3-232760248,,False,Star International Private Limited,स्टार इंटरनेशनल प्राइवेट लिमिटेड,"711, Veena Killedar Ind Estate, 10/14 Pais Street Byculla (W), Mumbai, Maharashtra","711, 10/14 Pais Street Byculla (W), Mumbai, MH"
false_negative,blocking_miss,S1-251810442,S3-405275461,,False,Star International Private Limited,Star Private Limited-Services,"711, Veena Killedar Ind Estate, 10/14 Pais Street Byculla (W), Mumbai, Maharashtra","711, 10/14 Pais Street Byculla (W), Mumbai, MH"
false_negative,blocking_miss,S1-711733303,S3-851984845,,False,Global Foods Pvt Ltd,Global Foods ಪ್ರೈವೇಟ್ ಲಿಮಿಟೆಡ್,"No 265/A, 34Th A Cross, 5Th Main 4Th Block Jayanagar, Bangalore, Karnataka, Bangalore, Karnataka","ಕರ್ನಾಟಕ, Bangalore, 265/A/3"
false_negative,blocking_miss,S1-900173938,S3-428331645,,False,"Heritage Diagnostic Works, Inc","Heritage Diagnostic Wors, Inc","WI, 1918 Alaska Street, City Of Oshkosh","Alaska Street, Oshkosh, Wisconsin"
false_negative,blocking_miss,S1-619445573,S2-133477338,,False,A Cure 7 You LLC,A Cé 7 You LLC,"3424 Elva Avenue, Dallas, TX","TX, DALLAS, ELVA AVE"
false_negative,text_variation_or_ambiguous,S1-847456757,S2-839805095,0.5728514223516384,True,Seek Enterprises,Seek Services,"South Delhi, Delhi, E-20, New Delhi, Block B1, Mohan Co-Operative Industrial Area Mathura Road","E-20, BLOCK B1, MOHAN CO-OPERATIVE INDUSTRIAL AREA MATHURA ROAD, NEW DELHI, Delhi"
false_negative,missing_address,S1-847456757,S3-341375605,0.5645793250088569,True,Seek Enterprises,Seek Enterprises,"South Delhi, Delhi, E-20, New Delhi, Block B1, Mohan Co-Operative Industrial Area Mathura Road",
false_negative,blocking_miss,S1-700369852,S2-786560470,,False,Global Logistics Private Limited,குளோபல் லாஜிஸ்டிக்ஸ் பிரைவேட் லிமிடெட்,"Flat No. Sj, Block. 4, Jain Housing, Thalambur, Chennai, Kancheepuram, Chennai, Kancheepuram, Tamil Nadu","FLAT NO. SJ, CHENNAI, KANCHEEPURAM, Tamil Nadu"
false_negative,blocking_miss,S1-700369852,S3-786434471,,False,Global Logistics Private Limited,Global Logistics Prcvate Limited,"Flat No. Sj, Block. 4, Jain Housing, Thalambur, Chennai, Kancheepuram, Chennai, Kancheepuram, Tamil Nadu","Chennai, Kancheepuram, TN, Flat No. Sj"
false_positive,script_variation,S1-520141960,S2-481906185,0.8111123233990902,True,Shakti Investment Limited,एस इन्वेस्टमेंट प्राइवेट लिमिटेड,"Hd-161, Wework Berger Del, C-001/A2, Sector 16B, Noida, Gautam Buddha Nagar, Uttar Pradesh","Uttar Pradesh, GAUTAM BUDDHA NAGAR, NOIDA, SECTOR 16B, C-001/A2, WEWORK BERGER"
false_negative,blocking_miss,S1-520141960,S3-164421736,,False,Shakti Investment Limited,Shakti इन्वेस्टमेंट Limited,"Hd-161, Wework Berger Del, C-001/A2, Sector 16B, Noida, Gautam Buddha Nagar, Uttar Pradesh","UP, Gautam Buddha Nagar, Hd-161, Noida"
false_negative,text_variation_or_ambiguous,S1-470019549,S2-818736947,0.45918719892083826,True,Randene Wilson Delta Jewelers LLC,Randene  Wilson Delta Jewelers LLC,"4 Robin Drive, New Scotland, NY","ROBIN DR, VOORHEESVILE, NY"
false_negative,blocking_miss,S1-642800623,S2-552144628,,False,Balaji Finance Private Limited,बालाजी फाइनेंस प्राइवेट लिमिटेड,"Co Ramalal Mehar Garam, Bhilwara, Mandol Nivasii Bijoliy, Bhilwara, Rajasthan","CO RAMALAL MEHR GARAM, BHILWARA, राजस्थान"
false_negative,missing_address,S1-185551815,S2-946710970,0.6392573354223937,True,Producer Zeta Sales Associates,Producer Zeta Sales Associates Corp,"Pune, Rh.No.2, Bld No.7, Point Sr. No. 25/2A, Undri Pune, Maharashtra, Pune",
false_negative,missing_address,S1-185551815,S2-978066138,0.5823100567980746,True,Producer Zeta Sales Associates,Producer Zeta Sales  Associates,"Pune, Rh.No.2, Bld No.7, Point Sr. No. 25/2A, Undri Pune, Maharashtra, Pune",
false_negative,text_variation_or_ambiguous,S1-807696930,S2-272083512,0.476893354852484,True,Nataraj Holdings,Nataraj Limited,"Mathura, Pili Kothi, Arya Samaj Road Holi Gate Mathura, Mathura, 62/25A, Uttar Pradesh","62/25A, PILI KOTHI, ARYA SAMAJ ROAD HOLI GATE MATHURA, MATHURA, उत्तर प्रदेश"
false_negative,text_variation_or_ambiguous,S1-807696930,S2-798314434,0.20057562513738972,True,Nataraj Holdings,M/s Nataraj LLP,"Mathura, Pili Kothi, Arya Samaj Road Holi Gate Mathura, Mathura, 62/25A, Uttar Pradesh","62/25A, PILI KOTHI, ARYA SAMAJ ROAD HOLI GATE MATHURA, MATHURA, Uttar Pradesh"
false_negative,numeric_conflict,S1-668252557,S2-268009320,0.18938260822201763,True,Carpenter Kogyo Group,Carpenter Kogyo,"1326 Apache Street, Phoenix, AZ","001326 APACHE STREET, AZ, CAPITOL"
false_negative,blocking_miss,S1-668252557,S2-52101489,,False,Carpenter Kogyo Group,Carpenter Kogyo LLC - 4584897788,"1326 Apache Street, Phoenix, AZ","APACHE ST, PHOENIX, AZ"
false_negative,text_variation_or_ambiguous,S1-478316325,S3-199524531,0.6754180198451089,True,Avik Care LLP,Avik Cer Cer LLP,"50, Sawan Nagar, Halalpur, Lalghati, Bhopal, Madhya Pradesh","50, Bhopal, MP"
false_negative,missing_address,S1-693230948,S3-149069273,0.5877252376004434,True,Quality Chemical Dynamics LLC,Quality Chemical Dynamics,"7146 Thorncliffe Boulevard, OH, Parma",
false_negative,blocking_miss,S1-265823681,S3-788244669,,False,Re Care Limited,@recare,"G-41, Midc Ambad, Nashik, Maharashtra","Block E-945 G-41, Midc Ambad, Nashik, MH"
false_negative,blocking_miss,S1-265823681,S3-9898459,,False,Re Care Limited,Center Re Limited,"G-41, Midc Ambad, Nashik, Maharashtra","Block E-945 G-41, Nashik, MH"
false_positive,text_variation_or_ambiguous,S1-866593538,S3-184134723,0.846792582884259,True,Growfast Human Company,Growfast Company India,"Barasat - Ii, C/O Md. Habibar Rahaman, North 24 Parganas, West Bengal, Paltadanga, P.S Shasan","39 C/o Md. Habibar Rahaaan, Paltadanga, P.s Shasan, North 24 Parganas, Keyadanga, WB"
false_negative,blocking_miss,S1-910522835,S2-818768514,,False,Guzman Sound Inc,Guzman Soud Inc,"707 4th Avenue, Unit Unit 8, Moorhead, MN",
false_negative,text_variation_or_ambiguous,S1-910522835,S3-776732814,0.462714355995036,True,Guzman Sound Inc,Guzman Sound,"707 4th Avenue, Unit Unit 8, Moorhead, MN","Unit Unit 8, Minnesota, Moorhead, 0707 4th Ave"
false_negative,blocking_miss,S1-203646264,S2-50471953,,False,Ridgeline Hub Inc,Ridgeline Inc Center,"787 2150, Cedar City, UT","2150, CEDA RCITY, UT"
false_negative,blocking_miss,S1-203646264,S3-718878507,,False,Ridgeline Hub Inc,Ridgeline  Hub,"787 2150, Cedar City, UT",
false_positive,text_variation_or_ambiguous,S1-743953225,S3-735728885,0.920393956434271,True,Balaji Technologies Private Limited,Balaji Technologies Private,"New Friends Colony, Delhi, South Delhi, 238A, New Delhi","E 6A, South Delhi, New Delhi, दिल्ली"
false_negative,blocking_miss,S1-743953225,S2-499519374,,False,Balaji Technologies Private Limited,बालाजी टेक्नोलॉजीज प्राइवेट लिमिटेड,"New Friends Colony, Delhi, South Delhi, 238A, New Delhi","A-238A, null, SOUTH DELHI, NEW DELHI, Delhi"
false_negative,missing_address,S1-906026984,S2-133375172,0.572355845343226,True,Mcwilliams Veterinary Clinic LP,Mcwilliams Veterinary LP Clinic,"139 Sulphur River Loop, Hutto, TX",
false_negative,missing_address,S1-570904433,S2-126165140,0.5823100567980746,True,"Lira S. Schwartz, DMD","Lira S. Schwartz, Dmd","70 Addie Way, VA, Campbell County",
false_negative,missing_address,S1-952290019,S2-801182610,0.6890553533209599,True,Novell Institute of Technology,Novell Institute of Téchnology,"A-169, Sushant Lok Phase-I, Gurgaon, Haryana",
false_negative,text_variation_or_ambiguous,S1-566880440,S3-411891764,0.6640892417695139,True,Family Associates LLC,Family Aslcdcitates LLC,"400 Donley Court, Southlake, TX","400 1/2 Donley Court, Southlake, Texas"
false_negative,blocking_miss,S1-305004234,S3-185987873,,False,Garcia Global,Verapyraaria,"2000 Maryland Avenue, Wilmington, DE","2000-C Maryland Avenue, Wilmington, Delaware"
false_negative,blocking_miss,S1-16801377,S2-896632753,,False,N+ Home Inc,N+ Inc Center,"1633 Overbrook Road, Lyndhurst, OH","1633 OVERBROOK ROAD, CLEVELAND, OH"
false_negative,blocking_miss,S1-654180556,S3-981949001,,False,Dental Health,Dental Hilalmhh,"401 Delaware Street, Kansas City, MO","#401 Delaware Saint, Kansas City, Missouri"
false_negative,blocking_miss,S1-55194939,S2-685231634,,False,Universal Enterprises Private Limited,யுனிவர்சல் எண்டர்பிரைசஸ் பிரைவேட் லிமிடெட்,"No.58/1, Ground Floor M.A.R.Avenue Woothucattan Street, Periamet, Chennai, Tamil Nadu","NO 58/1, CHENNAI, PERIAMET, Tamil Nadu"
false_negative,blocking_miss,S1-55194939,S3-250036117,,False,Universal Enterprises Private Limited,யுனிவர்சல் எண்டர்பிரைசஸ் பிரைவேட் லிமிடெட்,"No.58/1, Ground Floor M.A.R.Avenue Woothucattan Street, Periamet, Chennai, Tamil Nadu","Periamet, Chennai, TN, H.no 58/1"
false_negative,blocking_miss,S1-230364386,S3-964617210,,False,Internal Medicine Clinic LLC,Jaxnyla,"3 Clover Circle, Dover, MA","#3 Clover Circle, Dover, Massachusetts"
false_negative,blocking_miss,S1-201352003,S3-104238142,,False,India Mara Mart Center,lndia Mara Mart Center Corporation,"Santosh Nagar Colony, Greater Noida Noida, Noida, Gautam Buddha Nagar, Uttar Pradesh","Santosh Nagar Colony, Greater Noida Noida, Noida, Gautam Buddha Nagar, UP"
false_negative,blocking_miss,S1-201352003,S3-613036607,,False,India Mara Mart Center,indiamaramart.com,"Santosh Nagar Colony, Greater Noida Noida, Noida, Gautam Buddha Nagar, Uttar Pradesh","Santosh Nagar Colomy, Greater Noida Noida, Noida, Gautam Buddha Nagar, UP"
false_negative,text_variation_or_ambiguous,S1-201352003,S3-654431927,0.4257630263336124,True,India Mara Mart Center,India Center Mara Center,"Santosh Nagar Colony, Greater Noida Noida, Noida, Gautam Buddha Nagar, Uttar Pradesh","Santosh Nagar Colony, Greater Noida Noida, Gautam Buddha Nagar, Noida, UP"
false_negative,blocking_miss,S1-681370417,S2-46237837,,False,Navarrete and High LLC,Navarrete and High,"1986 Hoot Owl Junction, Nichols, IA",
false_negative,missing_address,S1-681370417,S3-580964268,0.5645793250088569,True,Navarrete and High LLC,Navarrete and High Llc,"1986 Hoot Owl Junction, Nichols, IA",
false_negative,blocking_miss,S1-231584839,S3-110275490,,False,Dejesus Reserve,Dejesu Reserve,"Whitefield, OK, 10034 Hoyt Road","1003 Hoyt Road, Whitefield, Oklahoma"
false_negative,numeric_conflict,S1-607233450,S2-755901438,0.2616438459399089,True,Bangalore North Projects Private Limited,BANGALORE  PROJECTS PRIVATE LIMITED CENTER,"#5, Silver Glade, Wellington Street, Bangalore North, Bangalore, Karnataka","HN 429 1, SILVER GLADE, WELLINGTON STREET, BANGALORE NORTH, Karnataka"
false_negative,similar_name_different_address,S1-377855217,S3-338225287,0.019579547511760845,True,Meantime Polytechnic,Meantime Polytechnic,"A584, Sushant Lok 1 Near Iffco Chowk, Metro Station, Gurgaon, Haryana","A84, Gurgaon, हरियाणा"
false_negative,blocking_miss,S1-830992080,S3-510514898,,False,Tech Surya Builders LLP,टेक सूर्य बिल्डर्स एलएलपी,"C/O Prateek Govind Prasad Mandliya Ward No 13, Pura Mohalla Kayampur, Mandsaur, Indore, Madhya Pradesh","C/o Prateek Govind Prasad Mandliya Ward No B3/13, Mandsaur, Indore, मध्य प्रदेश"
false_negative,blocking_miss,S1-830992080,S3-786422265,,False,Tech Surya Builders LLP,टेक सूर्या बिल्डर्स एलएलपी,"C/O Prateek Govind Prasad Mandliya Ward No 13, Pura Mohalla Kayampur, Mandsaur, Indore, Madhya Pradesh","C/o Prateek Govind Prasad Mandliya Ward No B3/13, Pura Mohalla Kayampur, Mandsaur, Indore, मध्य प्रदेश"
false_negative,numeric_conflict,S1-715319505,S2-175082430,0.33194265095280995,True,Liberty Montessori School,Liberty  Montessori,"16230 Litchfield Road, Unit 3023, Surprise, AZ","16086 LITCHFIELD ROAD, SURPRISE, AZ"
false_negative,text_variation_or_ambiguous,S1-715319505,S3-685503372,0.5495356322776873,True,Liberty Montessori School,Liberty Montessori,"16230 Litchfield Road, Unit 3023, Surprise, AZ","Surrpise, Arizona, 16086 Litchfield Road, # 3023"
false_negative,blocking_miss,S1-358863436,S3-910855268,,False,Crystal Desert Wireless Inc,Crystal Desert  Inc Service,"AZ, Phoenix, 12642 40th Street","12642 40nd St, <NULL>, Phoeenix CITY, Arizona"
false_negative,blocking_miss,S1-900101374,S2-233542225,,False,Perfect (india) (India) Private Limited,PERFECT  (ID)IA (INDIA) PRIVATE LIMITED,"F-118, First Floor, Plot No.5, R.K.Plaza, Sector-21, Phase-3, Rohini, Delhi, North West Delhi, Delhi","#154 F-118, FIRST FLOOR, PLOT NO.5, R.K.PLAZA, SECTOR-21, PHASE-3, ROHINI, DELHI, दिल्ली"
false_negative,blocking_miss,S1-900101374,S2-308942277,,False,Perfect (india) (India) Private Limited,perfectindiaindia.com,"F-118, First Floor, Plot No.5, R.K.Plaza, Sector-21, Phase-3, Rohini, Delhi, North West Delhi, Delhi","DOOR NO 154 F-118, FIRST FLOOR, PLOT NO.5, R.K.PLAZA, SECTOR-21, PHASE-3, ROHINI, DELHI, Delhi"
false_negative,numeric_conflict,S1-545572900,S3-539139218,0.3375761007107277,True,QTJ It Corp,Corp QTJ It,"Arihant Aura, 12Th Floor, B-1206, D-13-1 Ttc Midc Turbhe, Navi Mumbai, Mumbai City, Maharashtra","Hn 289 Arihant Aura, Greater Mumbai, Mumbai City, MH"
false_negative,blocking_miss,S1-8308496,S3-156332885,,False,Cascade Charities L.L.C.,Cascade Charities Enterprises,"42 James Street, Schenectady, NY",
false_negative,blocking_miss,S1-689062665,S2-583345024,,False,Sree Developers Private Limited,ஸ்ரீ டெவலப்பர்ஸ் பிரைவேட் லிமிடெட்,"H54A Maruthupandian Street Kalakshetra Colony Besant Nagar, Chennai, Tamil Nadu","H4A MARUTHUPANDIAN STREET KALAKSHETRA COLONY BESANT NAGAR, MADRAS, CHENNAI, தமிழ்நாடு"
false_negative,blocking_miss,S1-689062665,S2-951053917,,False,Sree Developers Private Limited,Dr Sree Developers Private,"H54A Maruthupandian Street Kalakshetra Colony Besant Nagar, Chennai, Tamil Nadu","H4A MARUTHUPANDIAN STREET KALAKSHETRA COLONY BESANT NAGAR, CHENNAI, தமிழ்நாடு"
false_negative,blocking_miss,S1-689062665,S3-422091156,,False,Sree Developers Private Limited,Sree டெவலப்பர்ஸ் பிரைவேட் லிமிடெட்,"H54A Maruthupandian Street Kalakshetra Colony Besant Nagar, Chennai, Tamil Nadu","9-80 H54a Maruthupandian Street Kalakshetra Colony Besant Nagar, Chennai, TN"
false_negative,blocking_miss,S1-689062665,S3-742563559,,False,Sree Developers Private Limited,ஸ்ரீ டெவலப்பர்ஸ் பிரைவேட் லிமிடெட்,"H54A Maruthupandian Street Kalakshetra Colony Besant Nagar, Chennai, Tamil Nadu","No 9-80 H54a Maruthupandian Street Kalakshetra Colony Besant Nagar, Chennai, TN"
false_negative,text_variation_or_ambiguous,S1-819087535,S3-332162022,0.6830962458597488,True,Narayan & Co,Nbaihatygan & Co #56184,"6-2-5/1 Kotipalli Vari Veedhi, Narsapuram, West Godavari, Andhra Pradesh","Narsapuram, West Godavari, ఆంధ్రప్రదేశ్, 6-2-5/1 Kotipalli Vari Veedhi"
false_negative,blocking_miss,S1-896895186,S2-974228347,,False,Desir Harbor,harbordesir.com,"800 Mccormick Boulevard, Clifton Forge Town, VA","CLIFTON FORGE TOWN, ##800 MCCORMICK BLVD, VA"
false_negative,blocking_miss,S1-306871361,S2-92664005,,False,Urgent Care Associates LLC,URGENT CARE,"211 33rd Street, Richmond City, VA","211 33TH STREET, RICHMOND CITY, VA"
false_negative,missing_address,S1-934464695,S3-826075631,0.5645793250088569,True,Direct Procap LLC,Direct Procap-LLC,"6498 79A, Barker, NY",
false_negative,blocking_miss,S1-13568886,S2-692291659,,False,Chapman & Ford Exploration Company,Chapman & F0rd Exploration Company,"1713 Port Millsto Trail, Wylie, TX",
false_negative,blocking_miss,S1-327770839,S2-745808239,,False,"Orthopedic Care, Inc",Tavomira,"VA, Richmond City, 1900 Floyd Avenue","VA, RICHMOND, 1900  FLOYD AVENUE"
false_negative,blocking_miss,S1-163194922,S2-936549184,,False,Ss Laxmi Builders LLP,எஸ்எஸ் லக்ஷ்மி பில்டர்ஸ் எல்எல்பி,"Tamil Nadu, Plaza Centre No.129, G.N.Chetty Road, Chennai, Shop No.130","130, G.N.CHETTY ROAD, NUNGAMBAKKAM, Tamil Nadu"
false_negative,blocking_miss,S1-163194922,S3-468132215,,False,Ss Laxmi Builders LLP,Ss Laxmi LLP Center,"Tamil Nadu, Plaza Centre No.129, G.N.Chetty Road, Chennai, Shop No.130","H.no 130/2, Plaza Centre No.129, G.n.chetty Road, Chennai, TN"
false_negative,missing_address,S1-840476840,S2-974569477,0.5823100567980746,True,"Kelsy Beese, Esq., DDS PC","Kelsy Beese, Esq., DDS  PC","NC, Raleigh, 4118 Gardenlake Drive",
false_negative,text_variation_or_ambiguous,S1-345867059,S2-448646706,0.011275900955381047,True,Anderson and Welsh Cadenza LLC,Drexonyxdelta,"White, 113 Quincy Circle, PA","113 QUINCY CIR, WHITE, PA"
false_negative,blocking_miss,S1-54478561,S2-50477045,,False,Advanced Clean Oxley,Advanced Oxley Cénter,"1494 Maple Road, OH, Cleveland Heights","1494 MAPLE RD, CLEVELAND, OH"
false_negative,blocking_miss,S1-454861422,S3-882734564,,False,Best Marketing Private Limited,বেস্ট মার্কেটিং প্রাইভেট লিমিটেড,"229, A.J.C. Bose Road Crescent Tower, 9Th Floor., Kolkata, Howrah, West Bengal","229, Kolkata, Howrah, WB"
false_negative,numeric_conflict,S1-282062892,S2-847091890,0.028983095489997696,True,Bay Minette Interstate Eaton,Bay Minette - 5333145780,"326 Sowell Avenue, Bay Minette, AL","226 Sowell Ave, BAY MINETTE, AL"
false_negative,numeric_conflict,S1-282062892,S3-429306162,0.7268584441733853,True,Bay Minette Interstate Eaton,Bay Minette Eaton Center,"326 Sowell Avenue, Bay Minette, AL","26 Sowell Avenue, Bay Minette, Alabama"
false_negative,blocking_miss,S1-282062892,S3-858499312,,False,Bay Minette Interstate Eaton,Synpyra,"326 Sowell Avenue, Bay Minette, AL","328 Sowell Ave, Baldwin County, Alabama"
false_negative,blocking_miss,S1-573181598,S3-115773098,,False,Hillary Dale Templeton LLC,hdtempleton.com,"4795 N Fork Road, Columbia Falls, MT","4795 North Fork Rd, Columbia Falls, Montana"
false_negative,missing_address,S1-573181598,S3-578983472,0.5645793250088569,True,Hillary Dale Templeton LLC,Hillary Dale Templeton Llc,"4795 N Fork Road, Columbia Falls, MT",
false_negative,text_variation_or_ambiguous,S1-103496541,S2-670547810,0.06006429647571556,True,Hetherington Wisekey LLC,Hetherington LLC Wisekey,"303 Wagram Place, Flat Rock, NC","WAGRAM PL, HENDERSONVILLE, NC"
false_negative,blocking_miss,S1-103496541,S3-80599885,,False,Hetherington Wisekey LLC,hetheringtonwisekey.com | www.hetheringt.com,"303 Wagram Place, Flat Rock, NC","303 Wagram Pl, Hendersonville, North Carolina"
false_negative,numeric_conflict,S1-496572430,S3-916648502,0.3204097902562318,True,Interstate Interests LLC,Interstate Interetss LLC,"330 Mcdonald Lane, Unit B, Cedar Creek, TX","329 Mcdonald Ln, Unit B, Cedar Creek ICTY, Texas"
false_negative,blocking_miss,S1-192464688,S2-194976967,,False,Shiva Impex Private Limited,shivaimpex.com,"Ah 13, Sr.Hig, Sukhliya, Indore, Madhya Pradesh","AH 13, SR.HIG, SUKHLIYA, INDRE, Madhya Pradesh"
false_negative,blocking_miss,S1-958903676,S2-382742033,,False,Borough Of,BOROUGH OF CENTER,"910 Washington Street, Unit APT 28, Arma, KS","ARMA, KS, WASHINGTON STREET"
false_negative,blocking_miss,S1-958903676,S3-915616375,,False,Borough Of,Bnorhu Of,"910 Washington Street, Unit APT 28, Arma, KS","910 Washington Street, # APT 28, Arma, Kansas"
false_negative,blocking_miss,S1-450547104,S2-107825790,,False,Ivenic Insurance LLC,Ivenic Insurance,"2111 Fort Macon Road, Unit 308, Atlantic Beach, NC",
false_positive,text_variation_or_ambiguous,S1-443677246,S2-640034990,0.8177007501483434,True,Ram It Private Limited,Properties Dayal India-Private Limited,"172, Naigaum Cross Road, Sharda Theatre Building, Dadar (E), Mumbai, Maharashtra","172, NAIGAUM CROSS ROAD, SHARDA THEATRE BUILDING, DADAR (E), महाराष्ट्र"
false_positive,text_variation_or_ambiguous,S1-443677246,S2-721954422,0.8177007501483434,True,Ram It Private Limited,properties dayal india private limited,"172, Naigaum Cross Road, Sharda Theatre Building, Dadar (E), Mumbai, Maharashtra","172, NAIGAUM CROSS ROAD, SHARDA THEATRE BUILDING, DADAR (E), महाराष्ट्र"
false_negative,blocking_miss,S1-443677246,S2-965935117,,False,Ram It Private Limited,राम आईटी प्राइवेट लिमिटेड,"172, Naigaum Cross Road, Sharda Theatre Building, Dadar (E), Mumbai, Maharashtra","172, MUMBAI, Maharashtra"
false_negative,blocking_miss,S1-443677246,S3-314281674,,False,Ram It Private Limited,Ram It-Private,"172, Naigaum Cross Road, Sharda Theatre Building, Dadar (E), Mumbai, Maharashtra","महाराष्ट्र, Navi Mumbai, 172"
false_negative,numeric_conflict,S1-496999838,S2-834324244,0.34748285645825944,True,Fresh Massage! Corp,Fresh Massage! [Corp],"1010 Salter Path Road, Unit 27, Indian Beach, NC","NC, ATLANTIC BEACH, 101 SALTER PATH RD"
false_negative,text_variation_or_ambiguous,S1-499957073,S3-3473566,0.44175247289458014,True,Farber Integrated LLC,Farber LLC Center,"15568 Skyline Avenue, Prior Lake, MN","Skyline Ave, Prior Lake, Minnesota"
false_negative,blocking_miss,S1-208219506,S2-578054707,,False,Super Global Private Limited,सुपर ग्लोबल प्राइवेट लिमिटेड,"C - 149, Prabhu Nath Nagar Near Shiv Mandir, Chapra, Saran, Bihar","C - 149, SANDHA DHALLA, Bihar"
false_negative,blocking_miss,S1-208219506,S3-48185934,,False,Super Global Private Limited,सुपर ग्लोबल प्राइवेट लिमिटेड,"C - 149, Prabhu Nath Nagar Near Shiv Mandir, Chapra, Saran, Bihar","C - 149, Saran, Chapra, BR"
false_negative,numeric_conflict,S1-911975464,S2-596814306,0.06726121273044947,True,25 28 Properties,25  28 5ervice,"111 Huron Street, Brooklyn, NY","0111 HURON ST, BROOKLYN, NY"
false_negative,numeric_conflict,S1-911975464,S2-601000410,0.27030859549779346,True,25 28 Properties,>> THE 25 28 PROPERTIES,"111 Huron Street, Brooklyn, NY","BROOKLYN, 0111 HURON ST, PO BOX 1656, NY"
false_negative,script_variation,S1-83540698,S2-398610972,0.6442595958576386,True,Southern Technology Private Limited,సదర్న్ టెక్నాలజీ ప్రైవేట్ లిమిటెడ్,"13-4-11/3 B C Road New Gajuwaka, Visakhapatnam, Vishakhapatnam, Andhra Pradesh","13-4-11/3 B C ROAD NEW GAJUWAKA, VIZAG, VISHAKHAPATNAM, ఆంధ్రప్రదేశ్"
false_negative,blocking_miss,S1-559204846,S2-156277276,,False,Padma Capital (India) Private Limited,Padma Capital Private Limited Services,"C/O Jay Keshav Bhojaviya, O Sai Nagar Tulaskar Wadi, M.G Cross Rdno1, Kandivali, Mumbai, Mumbai City, Maharashtra",
false_negative,blocking_miss,S1-559204846,S3-246358794,,False,Padma Capital (India) Private Limited,Mr Padma Capital (Índia) (Private),"C/O Jay Keshav Bhojaviya, O Sai Nagar Tulaskar Wadi, M.G Cross Rdno1, Kandivali, Mumbai, Mumbai City, Maharashtra","Charkop, MH, Bombay, C/o Jay Keshav Bhojaviya"
false_negative,text_variation_or_ambiguous,S1-559204846,S3-91240020,0.5358435136696921,True,Padma Capital (India) Private Limited,Smt Padma Capital ((India)),"C/O Jay Keshav Bhojaviya, O Sai Nagar Tulaskar Wadi, M.G Cross Rdno1, Kandivali, Mumbai, Mumbai City, Maharashtra","C/o Jay Keshav Bhojaviya, O Sai Nagar Tulaskar Wadi, M.g Cross Rdno1, Kandivali, Bombay, Charkop, महाराष्ट्र"
false_negative,numeric_conflict,S1-279224001,S2-366805346,0.7220790881039807,True,Keystone Retail Union,Keystone Retail Unbcg,"Merrill, IA, 400 Webster St","40 WEBSTER ST, MERRILL, IA"
false_negative,numeric_conflict,S1-279224001,S2-503044503,0.20946677276237405,True,Keystone Retail Union,Keystone Retail,"Merrill, IA, 400 Webster St","40 WEBSTER SAINT, MERRILL, IA"
false_negative,missing_address,S1-279224001,S3-426403584,0.5645793250088569,True,Keystone Retail Union,KEYSTONE RETAIL UNION,"Merrill, IA, 400 Webster St",
false_negative,blocking_miss,S1-279224001,S3-986602546,,False,Keystone Retail Union,Keystone Retai1 [Union],"Merrill, IA, 400 Webster St",
false_negative,blocking_miss,S1-218844806,S3-487803993,,False,Dermatology Clinic Corp,Dermatology-Clinic Corp Authority,"1815 Brownsville Road, Brownsville, KY","1815 Brownsville Rd, Brownsville, Kentucky"
false_negative,blocking_miss,S1-218844806,S3-783986178,,False,Dermatology Clinic Corp,Veonovi,"1815 Brownsville Road, Brownsville, KY","1815 Brownsville Rd, Brownsville, Kentucky"
false_negative,blocking_miss,S1-218844806,S3-882205136,,False,Dermatology Clinic Corp,Nexlyra,"1815 Brownsville Road, Brownsville, KY","1815 Brownsville Rd, Brownsville, Kentucky"
false_negative,blocking_miss,S1-218844806,S3-969714819,,False,Dermatology Clinic Corp,@dermatologyclinic,"1815 Brownsville Road, Brownsville, KY","1815 Brownsville Road, Brownsville, Kentucky"
false_negative,blocking_miss,S1-738659651,S3-490887480,,False,Patiala Controls Limited,Belodelta Labs,"Madhya Pradesh, Plot 158, Bhopal, Sector 1 Shakti Nagar, Bhopal","Plot 158, Sector 1 Shakti Nagar, Bhopal, Madhya Pradesh"
false_negative,blocking_miss,S1-969888445,S2-568328962,,False,Cardiology Associates LLC,cardiologyassociates.com,"450 Linda Lee Street, Riverton, WY","450 LINDA LEE STREET, RVIERTON CDP, WY"
false_negative,blocking_miss,S1-969888445,S2-745710946,,False,Cardiology Associates LLC,cardiologyassociates.com,"450 Linda Lee Street, Riverton, WY","LINDA LEE ST, RVIERTON CDP, WY"
false_negative,blocking_miss,S1-969888445,S3-890025637,,False,Cardiology Associates LLC,Irixylo,"450 Linda Lee Street, Riverton, WY","450 Linda Lee Saint, Riverton, Wyoming"
false_negative,blocking_miss,S1-305725751,S2-143771879,,False,Lucky Cleaning Service,LUCKY CLEANING SÉRVICE,"815 Spring Run Road, New Milton, WV",
false_negative,text_variation_or_ambiguous,S1-305725751,S2-576888482,0.6402677281171002,True,Lucky Cleaning Service,Lucky Cleaning Service Corporation,"815 Spring Run Road, New Milton, WV","815-819 SPRING RUN RD, NEW MILTON, WV"
false_negative,blocking_miss,S1-305725751,S3-894464516,,False,Lucky Cleaning Service,Lucky Service Clhtehnig,"815 Spring Run Road, New Milton, WV","815 Spring Run Rd, New Milton, West Virginia"
false_negative,blocking_miss,S1-695249406,S2-517518044,,False,Cook and Sturgeon LLC,Cook and Sutgron LLC,"12 Stage Road, Ulster, NY",
false_negative,numeric_conflict,S1-612259202,S3-576502072,0.23391455734715777,True,"Hoch, Pardue & Longacre Center","Hoch, Pardue &","6498 Perry Park Boulevard, Perry Park, CO","6167 Perry Park Bld, Perry Park, Colorado"
false_negative,blocking_miss,S1-415967130,S2-717032700,,False,Super Properties Private Limited,सुपर प्रॉपर्टीज प्राइवेट लिमिटेड,"Plot No 9, Khno 640/151/2/3/9 F/F, Delhi, North Delhi, Delhi","9, DELHI, NORTH DELHI, Delhi"
false_negative,blocking_miss,S1-675832474,S3-919028060,,False,Department of Public Works,departmentpublicworks.com,"NC, 656 Dallas Rose Drive, Wendell","656 Dallas Rose Dr, Wendell, North Carolina"
false_negative,script_variation,S1-952697277,S3-4289304,0.5478586734799734,True,Golden Construction Private Limited,गोल्डन कंस्ट्रक्शन प्राइवेट लिमिटेड,"Property No D-3, Shiv Durga Vihar, Faridabad, Haryana","Door No 873 Property No D-3, Faridabad, HR"
false_negative,blocking_miss,S1-398281182,S3-409354170,,False,Diamond Dynamic Giant,Diamond Dynamic Center,"107 Windridge Drive, Winchester, KY","Kentucky, Winchester, 107A Windridge Dr"
false_negative,blocking_miss,S1-398281182,S3-654989219,,False,Diamond Dynamic Giant,diamonddynamicgiant.com,"107 Windridge Drive, Winchester, KY","107A Windridge Drive, Winchester, Kentucky"
false_negative,blocking_miss,S1-358756181,S2-645313024,,False,KBG Signature Plum,pksignature.c0m,"MN, 6337 5th Street, Fridley","633 FIFTH ST, NULL, FRIDLEY, MN"
false_negative,blocking_miss,S1-561735809,S2-113871694,,False,First Methodist Church,METHODIST FIRST CMRREH,"806 Ghent Street, Montgomery, AL","GHENT SAINT, MONTGOMERY, AL"
false_negative,text_variation_or_ambiguous,S1-565952920,S2-632174727,0.1292043473947954,True,Sosonex Global Mortgage,Evopyra,"Columbus, 4253 Donlyn Court, OH","4253-4255 DONLYN COURT, COLUMBUS, OH"
false_negative,missing_address,S1-565952920,S3-757119276,0.6200413261259428,True,Sosonex Global Mortgage,Sosonex Global Mortgage Ltd,"Columbus, 4253 Donlyn Court, OH",
false_negative,blocking_miss,S1-497010228,S3-77728692,,False,Brown and Guerra Bynordic LLC,Brown and Geor Bynordic LLC,"304 Hamilton Street, Norristown Borough, PA","304 Hamilton St, Norristown Borough, Pennsylvania"
false_negative,numeric_conflict,S1-976348016,S3-643877638,0.1235817480131773,True,Consulting Jaguar Creation Ltd,Consulting Jaguar-Creation,"No.61, Hpv Towers Logaiah Colony, V Cross Street, Saligr, Amam, Chennai, Tamil Nadu","#6-1, Chennai, TN"
false_negative,blocking_miss,S1-849228000,S2-922491930,,False,"Georgia Ray, DPM","The Georgia Ray, DPM","552 Road 170, Emporia, KS",
false_negative,missing_address,S1-230629640,S2-651800245,0.49032266168751193,True,Collado & Stahl Corp,Collado and Stahl  Corp,"6810 Kennedy Drive, Colleyville, TX",
false_negative,blocking_miss,S1-830359792,S2-161605902,,False,Cure Coffee!,Cure Coffee! Ltd - 1818102956,"NY, 554 Christiana Street, North Tonawanda","554 CHRISTIANA ST, N TONAWANDA, NY"
false_negative,blocking_miss,S1-830359792,S2-491093241,,False,Cure Coffee!,Coffee! Cure Ltd,"NY, 554 Christiana Street, North Tonawanda","554 CHRISTIANA STREET, N TONAWANDA, NY"
false_negative,blocking_miss,S1-205244277,S3-242152029,,False,White Trusted Fox Group,White Fox  Group Center,"613 Doane Drive, Clarksville, TN",
false_negative,blocking_miss,S1-205244277,S3-376612738,,False,White Trusted Fox Group,whitetrustedfox.com,"613 Doane Drive, Clarksville, TN","Doane Dr, Clarksville, Tennessee"
false_negative,numeric_conflict,S1-520433474,S2-956935463,0.7445852938943281,True,Mega (India) Services Corp,MEGA (ÍNDIA) SERVICES CORP,"254 Rabindra Sarani, Kolkata, Calcutta, West Bengal","00254 RABINDRA SARANI, KOLKATA, পশ্চিমবঙ্গ"
false_negative,blocking_miss,S1-419401927,S3-580100080,,False,Elixir Services Private Limited,Elixir Services Private Ltd,"A 503, Lakhani Galaxy, Sector 15, Plot No 83, C.B.D Belapur, Navi Mumbai, Raigarh, Maharashtra",
false_negative,blocking_miss,S1-471300400,S3-134935891,,False,A Cure 9 All LLC,cure9all.com,"737 Hwy 39, Unit LOT B, Chelsea, AL","Alabama, Chelesa, PMB 6888, 737 Hwy 39"
false_negative,blocking_miss,S1-471300400,S3-149615482,,False,A Cure 9 All LLC,A Cure 9 All,"737 Hwy 39, Unit LOT B, Chelsea, AL","737 Hwy 39, PMB 223, Chelesa, Alabama"
false_negative,blocking_miss,S1-471300400,S3-86969228,,False,A Cure 9 All LLC,A Cure 9 All,"737 Hwy 39, Unit LOT B, Chelsea, AL","Alabama, 737 Hwy 39, Chelesa"
false_negative,blocking_miss,S1-23315180,S2-607178770,,False,East Consultancy Private Limited,ईस्ट कंसल्टेंसी प्राइवेट लिमिटेड,"Sr No 27, H.No.1/2, 3Rd, Floor Vitthal Rukhmai H S, Pune City, Pune, Maharashtra","SR NO 027, H.NO.1/2, 3RD, FLOOR VITTHAL RUKHMAI H S, PUNE, PUNE CITY, महाराष्ट्र"
false_negative,blocking_miss,S1-23315180,S2-924517170,,False,East Consultancy Private Limited,ईस्ट कंसल्टेंसी प्राइवेट लिमिटेड,"Sr No 27, H.No.1/2, 3Rd, Floor Vitthal Rukhmai H S, Pune City, Pune, Maharashtra","SR NO 027, PUNE CITY, PUNE, महाराष्ट्र"
false_negative,blocking_miss,S1-23315180,S3-189026982,,False,East Consultancy Private Limited,ईस्ट कंसल्टेंसी प्राइवेट लिमिटेड,"Sr No 27, H.No.1/2, 3Rd, Floor Vitthal Rukhmai H S, Pune City, Pune, Maharashtra","महाराष्ट्र, Pune Region, Block A-262 Sr No 27"
false_negative,blocking_miss,S1-23315180,S3-463459476,,False,East Consultancy Private Limited,East C0nsuitactn Private Limited,"Sr No 27, H.No.1/2, 3Rd, Floor Vitthal Rukhmai H S, Pune City, Pune, Maharashtra","Block A-262 Sr No 27, MH"
false_negative,similar_name_different_address,S1-23315180,S3-470085918,0.01937861744422004,True,East Consultancy Private Limited,East Consultancy-Private Limited,"Sr No 27, H.No.1/2, 3Rd, Floor Vitthal Rukhmai H S, Pune City, Pune, Maharashtra","Block A-262 Sr No 27, Pune Region, Pune, MH"
false_negative,text_variation_or_ambiguous,S1-82323190,S2-264840591,0.5440833579950977,True,Bhavya Consultancy Private Limited,Shri BHAVYA CONSULTANCY PRIVATE,"House No: Mig 722, Phase-1 Bhel, Serilingampalli, Rangareddy, Telangana","DOOR NO 721 HOUSE NO: MIG 722, PHASE-1 BHEL, SERILINGAMPALLI, Andhra Pradesh"
false_negative,text_variation_or_ambiguous,S1-552228137,S3-712340314,0.00846288225670558,True,Sarika Holdings,Sri Sarika Ltd,"Gulmohar Cross Road No. 9, J.V.P.D. Scheme, Mumbai- 400 049, Mumbai, Mumbai City, Maharashtra","Gulmohar Cross Road No. ##9, Mumbai City, Virar, MH"
false_positive,numeric_conflict,S1-830783056,S2-270909158,0.8751732113118852,True,Internal Medicine Heritage Physicians Group,Internal Medicine Heritage Physicians  Group Group,"1132 Gary Avenue, Tulsa, OK","##1145 GARY AVE, TULSA, OK"
false_negative,blocking_miss,S1-830783056,S2-494516525,,False,Internal Medicine Heritage Physicians Group,Medicine Internal Hmeriaaeg Physicians Group,"1132 Gary Avenue, Tulsa, OK","OK, 1132C GARY AVENUE, TULSA"
false_negative,blocking_miss,S1-830783056,S2-602841956,,False,Internal Medicine Heritage Physicians Group,Internal Medicine Physicians Group Sérvice,"1132 Gary Avenue, Tulsa, OK","1132C GARY AVE, TULSA, OK"
false_negative,blocking_miss,S1-365365234,S2-625270973,,False,Womens Health Clinic,Womens Health-Services,"6227 Cash Oaks Drive, Spring, TX","CASH OAKS DRIVE, SPRING, TX"
false_negative,blocking_miss,S1-365365234,S3-263543261,,False,Womens Health Clinic,clinic health womens,"6227 Cash Oaks Drive, Spring, TX","6227 Cash Oaks Drive, Spring, Texas"
false_negative,blocking_miss,S1-483894360,S2-755225366,,False,Croce's Advanced Cafe LLC,Croce's Cafe Advanced LLC,"4711 1/2 Vaughan Street, Austin, TX",
false_negative,text_variation_or_ambiguous,S1-237316361,S3-724268889,0.225769631648878,True,Sree Finance Ltd,Sree Ltd  Partners,"H. No. 75-Om, Phase-4, Vijay Vihar, New Delhi, West Delhi, Delhi","DL, #74-Om, West Delhi, New Delhi, Phase-4, Vijay Vihar"
false_negative,blocking_miss,S1-237316361,S3-739778336,,False,Sree Finance Ltd,SF,"H. No. 75-Om, Phase-4, Vijay Vihar, New Delhi, West Delhi, Delhi","H. No. 75-Om, Phase-4, Vijay Vihar, New Delhi, West Delhi, Delhi"
false_negative,blocking_miss,S1-879904651,S2-698536913,,False,Delta Industrial,Delta [Services],"1125 Heritage Knoll Drive, Wake Forest, NC",
false_negative,text_variation_or_ambiguous,S1-879904651,S3-878533980,0.7255895308022953,True,Delta Industrial,Delta Partners,"1125 Heritage Knoll Drive, Wake Forest, NC","1125 Heritage Knoll Dr, Wake Forest, North Carolina"
false_negative,blocking_miss,S1-559826322,S3-587611315,,False,Surgical Associates Inc.,Surgical Associates [Incorporated] | www.surgicala.com,"1215 Alpine Road, Rockford, IL","1215 1/2 Alpine Rd, Rockford, Illinois"
false_negative,blocking_miss,S1-559826322,S3-735108213,,False,Surgical Associates Inc.,Surgical Associates,"1215 Alpine Road, Rockford, IL","Alpine Road, Rockford, Illinois"
false_negative,blocking_miss,S1-654632454,S2-3508902,,False,Delhi Consulting Company,delhiconsulting.com,"House 157, 2Nd Floor, Block-Bq, Delhi, North West Delhi, Delhi","HOUSE 157 , 2ND FLOOR, BLOCK-BQ, DELHI, दिल्ली"
false_negative,blocking_miss,S1-654632454,S3-294980976,,False,Delhi Consulting Company,De1hi Consulting Cómpany,"House 157, 2Nd Floor, Block-Bq, Delhi, North West Delhi, Delhi","2Nd Floor, Block-bq, DL, Delhi, North West Delhi, House 57"
false_negative,blocking_miss,S1-654632454,S3-502677063,,False,Delhi Consulting Company,Delhi Consulting,"House 157, 2Nd Floor, Block-Bq, Delhi, North West Delhi, Delhi",
false_negative,blocking_miss,S1-654632454,S3-874646244,,False,Delhi Consulting Company,@Delhiconsulting,"House 157, 2Nd Floor, Block-Bq, Delhi, North West Delhi, Delhi","House 57, 2Nd Floor, Block-bq, Delhi, North West Delhi, DL"
false_negative,blocking_miss,S1-728252887,S3-229207874,,False,Cardiology Partners,Cardiology (Partners) (Partners),"600 Harvest Lane, Harrodsburg, KY",
false_negative,blocking_miss,S1-226073536,S3-109420219,,False,Ochoa Wireless LLC,Ochoa Wírfeess LLC,"2313 25th Avenue, Broadview, IL","25th Ave, Broadview, Illinois"
false_negative,blocking_miss,S1-300602914,S2-713302469,,False,Green Capital LLC,Green Caiptl LLC,"Fort Washington, 12503 Macduff Drive, MD","12503D MACDUFF DRIVE, FT. WSHINGTON, MD"
false_negative,blocking_miss,S1-479325469,S2-639870136,,False,Advanced Aerospace Networks LLC,Advanced Aerospace Networks  LLC - 7329184679,"106 Laurel Crossing, WV, Huntington",
false_negative,blocking_miss,S1-596791289,S2-886430178,,False,First Agro Private Limited,फर्स्ट एग्रो प्राइवेट लिमिटेड,"2/24, Buddhi Vihar Near Lic Office, Moradabad, Uttar Pradesh","24, SAMBHAL (BHIM NAGAR), MORADABAD, उत्तर प्रदेश"
false_negative,blocking_miss,S1-291754750,S2-946134244,,False,Sp Shree Private Limited,Sp Shree Private,"Mumbai City, Maharashtra, Arabian Apartment, Shop No.2, Opp. Dena Bank Pitamber Lane, Mahim West, Mumbai, 17",
false_negative,blocking_miss,S1-291754750,S3-747820530,,False,Sp Shree Private Limited,Sp Private Limited Partners,"Mumbai City, Maharashtra, Arabian Apartment, Shop No.2, Opp. Dena Bank Pitamber Lane, Mahim West, Mumbai, 17","Raigad, महाराष्ट्र, Mumbai City, 17/2"
false_negative,blocking_miss,S1-26185567,S3-678635132,,False,Shiv Properties Limited,शिव प्रॉपर्टीज लिमिटेड,"Maharashtra, Mumbai, 104 1-A Brindavanpoonam Nagar Andheri E, Mumbai","104/9 1-A Brindavanpoonam Nagar Andheri E, Mumbai, MH"
false_negative,text_variation_or_ambiguous,S1-684233082,S3-907360232,0.4524917166074442,True,Legacy Alpha Co,Legacy Alpha (ID: 86677),"VA, 2004 Omohundro Avenue, Norfolk City","Omohundro Ave, Norfolk, Virginia"
false_negative,script_variation,S1-266029458,S2-386399463,0.433359538968571,True,Premier Trading Private Limited,प्रीमियर ट्रेडिंग प्राइवेट लिमिटेड,"Sn.93, Bldg. H-12, Fl.172 Mhb Colony, Laxmi Nagar, Pune, Maharashtra","PUNE, SN.93, W MAHA, Maharashtra"
false_negative,blocking_miss,S1-666808254,S3-398707553,,False,Innovative Properties Private Limited,Dr Innovative Private Properties Limited,"307, 3Rd Floor, Marol Bhavan M.V. Road, Marol, Andheri (E), Mumbai, Maharashtra","0307, 3Rd Floor, Marol Bhavan M.v. Road, Marol, Andheri (E), Mumbai, MH"
false_negative,blocking_miss,S1-44801711,S2-6954987,,False,Lower Critical,LOWER [CRIGTIERRANL],"1685 Trillium Lane, Lake Forest, IL","01685 TRILLIUM LN, LAKE FORESTT CITY, IL"
false_negative,blocking_miss,S1-44801711,S2-754059308,,False,Lower Critical,*** Lower Crnitcal,"1685 Trillium Lane, Lake Forest, IL","01685 TRILLIUM LANE, LAKE FORESTT CITY, IL"
false_negative,text_variation_or_ambiguous,S1-44801711,S3-949522388,0.0016356362778607357,True,Lower Critical,Arcveocalo,"1685 Trillium Lane, Lake Forest, IL","1685 Trillium Ln, PO Box 6252, Lake Forest, Illinois"
false_negative,blocking_miss,S1-390515607,S3-448641555,,False,Nmg Techno Private Limited,NT,"Plot No. 78, Floor Ground, Pkt-2, Sec 24, Landmark Near Delhi Public Schoo, L, Rohini, New Delhi, North West, Delhi","Floor Ground, Pkt-2, Sec 24, Landmark Near Delhi Public Schoo, L, Rohini, Delhi, North West, Plot No. 78, New Delhi"
false_negative,blocking_miss,S1-796160428,S3-405845273,,False,Bown Alliancebernstein,bownalliancebernstein.com,"362 Desert Rose Loop, Sisters, OR","Desert Rose Loop, Sisters, Oregon"
false_negative,blocking_miss,S1-689151950,S2-285837279,,False,West Fargo Foot & Ankle Partners,WEST FARG0 FOOT + ANKLE PARTNERS,"402 5th Avenue, Unit Unit 310, West Fargo, ND","WEST FARGO, ND, FIFTH AVE, NULL"
false_negative,text_variation_or_ambiguous,S1-689151950,S3-477436782,0.6747854997447751,True,West Fargo Foot & Ankle Partners,West Fargo Foot & Ankle Center,"402 5th Avenue, Unit Unit 310, West Fargo, ND","402 5th Avenue, West Fargo, North Dakota"
false_negative,blocking_miss,S1-689151950,S3-924440175,,False,West Fargo Foot & Ankle Partners,West Fargo Foot & Ánkle Partners | www.westfargo.com,"402 5th Avenue, Unit Unit 310, West Fargo, ND","17 Fifth Ave, N/A, West Fargo, North Dakota"
false_negative,numeric_conflict,S1-689151950,S3-951439562,0.02627006573174076,True,West Fargo Foot & Ankle Partners,West Fargo Foot & Ankle Partners Corporation,"402 5th Avenue, Unit Unit 310, West Fargo, ND","17 5st Ave, West Fargo, North Dakota, N/A"
false_negative,text_variation_or_ambiguous,S1-982327390,S3-494680083,0.3787221639538823,True,"Hardy, Ralph and Earnhardt","Hardy, Ralph","8706 Florence Avenue, Fl 0, Saint Louis, MO","8707 Florence Ave, Fl 0, Saint Louis, Missouri"
false_positive,text_variation_or_ambiguous,S1-89926024,S2-990190915,0.8812764168879695,True,Community Institute P.C.,Co Community Institute,"ME, 81 Colonial Pemaquid Drive, Bristol","84B COLONIAL PEMAQUID DR, BRISTOL, ME"
false_negative,text_variation_or_ambiguous,S1-89926024,S3-961888734,0.6101799986304886,True,Community Institute P.C.,Community Community Institute LLC,"ME, 81 Colonial Pemaquid Drive, Bristol","81-83 Colonial Pemaquid Dr, New Harbor, Maine"
false_negative,missing_address,S1-872328571,S3-592040423,0.6386457836842683,True,Metro Oceanhawk LLC,Metro Oceanhawk L.L.C.,"3047 Sandy Road, Badger, AK",
false_negative,text_variation_or_ambiguous,S1-418546063,S2-701815176,0.6686823450821858,True,Kolkata Labs Pvt Ltd,Pvt Kolkata Lsl Ltd,"252 & 253/1 Bangur Avenueblock-B, Kolkata, Calcutta, West Bengal","NO 251 & 253/1 BANGUR AVENUEBLOCK-B, NORTH 24 PARGANAS, CALCUTTA, পশ্চিমবঙ্গ"
false_negative,numeric_conflict,S1-189873641,S2-354942980,0.5483131405800344,True,Creative Constructions Pvt Ltd,Creative Constructions Pvt,"Room No. 507, 5Th Floor, Diamond Prestige 41A, A J C Bose Road, Nona Pukur Tram De, Pot, Kolkata, Kolkata, Howrah, West Bengal","ROOM NO. 50, 5TH FLOOR, DIAMOND PRESTIGE 41A, A J C BOSE ROAD, NONA PURUR TRAM DE, POT, KOLKATA, KOLKATA, West Bengal"
false_negative,blocking_miss,S1-189873641,S3-620503381,,False,Creative Constructions Pvt Ltd,CC,"Room No. 507, 5Th Floor, Diamond Prestige 41A, A J C Bose Road, Nona Pukur Tram De, Pot, Kolkata, Kolkata, Howrah, West Bengal","Kolkata, 5Th Floor, Diamond Prestige 41A, A J C Bose Road, Nona Pukur Tram De, Pot, Kolkata, Room No. 507, West Bengal, Howrah"
false_negative,script_variation,S1-189873641,S3-809169289,0.007661820975454731,True,Creative Constructions Pvt Ltd,ক্রিয়েটিভ কনস্ট্রাকশনস প্রাইভেট লিমিটেড,"Room No. 507, 5Th Floor, Diamond Prestige 41A, A J C Bose Road, Nona Pukur Tram De, Pot, Kolkata, Kolkata, Howrah, West Bengal","Door No 489 Room No. 507, 5Th Floor, Diamond Prestige 41A, A J C Bose Road, Nona Pukur Tram De, Pot, Kolkata, Kolkata, Howrah, পশ্চিমবঙ্গ"
false_negative,blocking_miss,S1-503980417,S2-366458765,,False,Colors Industries LLP,colorsindustries.com,"3, Bentinck Street, 3Rd Floor, Room No. C-9, Kolkata, Kolkata, Howrah, West Bengal","NO. 990 3, BENTINCK STERET, 3RD FLOOR, ROOM NO. C-9, KOLKATA, KOLKATA, West Bengal"
false_negative,text_variation_or_ambiguous,S1-503980417,S2-56471653,0.42032270648909137,True,Colors Industries LLP,>> Colors Industry LLP,"3, Bentinck Street, 3Rd Floor, Room No. C-9, Kolkata, Kolkata, Howrah, West Bengal","H.NO 990 3, KOLKATA REGION, KOLKATA, West Bengal"
false_negative,text_variation_or_ambiguous,S1-503980417,S3-91691835,0.1209118164003961,True,Colors Industries LLP,((Llp)) Colors Índustries,"3, Bentinck Street, 3Rd Floor, Room No. C-9, Kolkata, Kolkata, Howrah, West Bengal","3, Kolkata, Dalhousie Kolkata, পশ্চিমবঙ্গ"
false_negative,blocking_miss,S1-647271118,S3-547630654,,False,Surgical Physicians,Surgicalphysicians.Com,"6249 Bolland Trail, Inver Grove Heights, MN","Inver Grove Heights, 6249 Bolland Trl, Minnesota"
false_negative,blocking_miss,S1-615653006,S3-183547062,,False,Urology Physicians,Urology Physotiafs,"5729 Isleta Boulevard, Albuquerque, NM","572 Isleta Blvd, Albuquerque, New Mexico"
false_negative,blocking_miss,S1-615653006,S3-394709818,,False,Urology Physicians,Urology 5ervice,"5729 Isleta Boulevard, Albuquerque, NM","572 Isleta Boulevard, PO Box 4099, South Valley, New Mexico"
false_negative,blocking_miss,S1-668945768,S3-115213325,,False,Lakshmi Best Trading Private Limited,Fayedelta,"Flat No # 102, Srinivasa Plaza, Opp:Smiline Dental Srinagar Colony Main Road, Punjagutta, Hyderabad, Telangana","Srinivasa Plaza, Opp:Smiline Dental Srinagar Colony Main Road, Punjagutta, Hyderabad, Telangana, Hyderabad, Flat No # 102"
false_negative,blocking_miss,S1-668945768,S3-655833825,,False,Lakshmi Best Trading Private Limited,లక్ష్మి బెస్ట్ ట్రేడింగ్ ప్రైవేట్ లిమిటెడ్,"Flat No # 102, Srinivasa Plaza, Opp:Smiline Dental Srinagar Colony Main Road, Punjagutta, Hyderabad, Telangana","Flat No # 02, Srinivasa Plaza, Opp:smiline Dental Srinagar Colony Main Road, Punjagutta, Hyderabad City Region, Hyderabad, తెలంగాణ"
false_negative,missing_address,S1-361079132,S3-340712226,0.5794673396314536,True,Regional Silver High,Regional Silver High Co,"1919 Cannonwood Lane, Austin, TX",
false_negative,text_variation_or_ambiguous,S1-967963009,S2-282640282,0.7446062189107358,True,Target Technologies Private Limited,Smt Target Technologies Private Ltd,"C/O Patel Babubhai Gobarbhai At.Manipura Po.Vijapur (Rural) (Part), Vijapur, Mahesana, Gujarat","C/O PATEL BABUBHAI GOBARBHAI AT.MANIPURA PO.VIJAPUR (RURAL) (PART), VIJAPUR, ગુજરાત"
false_negative,blocking_miss,S1-819817405,S2-550508476,,False,Anand Lakshmi Food Private Limited,ఆనంద్ లక్ష్మీ ఫుడ్ ప్రైవేట్ లిమిటెడ్,"H.No 1-8-449/2/1, Atigadda Main Road Opp, Secunderabad, Hyderabad, Telangana","NO 1-8-449/2/1, BEGUMPET, Andhra Pradesh"
false_negative,blocking_miss,S1-819817405,S3-698344684,,False,Anand Lakshmi Food Private Limited,Anand Lfrdksmhri Food Private Limited,"H.No 1-8-449/2/1, Atigadda Main Road Opp, Secunderabad, Hyderabad, Telangana","Secunderabad, Andhra Pradesh, H.no 1-1-8-449/2/1, Hyderabad"
false_negative,blocking_miss,S1-94338120,S3-444378443,,False,Anny Ray Rocky Winvest,Anny Ray,"10506 Park Heights Avenue, Garfield Heights, OH","Clevelnd, Park Heights Avenue, Ohio"
false_negative,blocking_miss,S1-746432186,S2-676904592,,False,Reliable Environmental Concepts,Reliable Concepts Center,"129 Perham Street, Unit Apartment 9, Farmington, ME","129 PERHAM ST, FARMINGTON, ME"
false_negative,blocking_miss,S1-898266742,S2-789004921,,False,Etawah Town Services Private Limited,@etawahtown,"567 Harsh Nagar, Etawah Town, Etawa, Uttar Pradesh","उत्तर प्रदेश, 567 HARSH NAGAR, ETAWAH TOWN"
false_negative,numeric_conflict,S1-898266742,S3-954088010,0.16468927969425481,True,Etawah Town Services Private Limited,Etawah T0wn  Services Private,"567 Harsh Nagar, Etawah Town, Etawa, Uttar Pradesh","0567 Harsh Nagar, Etawa, Etawah Town, UP"
false_positive,text_variation_or_ambiguous,S1-244962329,S3-510391529,0.8639235996781632,True,Atlantic Value P.C.,Atlantic Inc Value,"124 Strong Avenue, Wayne, OH","133C Strong Ave, Wayne, Ohio"
false_negative,numeric_conflict,S1-224746847,S2-164699346,0.270200987498808,True,RLV Facility Ltd,RLV  Faaciltiy Ltd,"Shop No.4216, Laxman Rekha Mandir Charan Paduka Road, Panchavati, Nashik, Maharashtra","महाराष्ट्र, DOOR NO 421 , LAXMAN REKHA MANDIR CHARAN PADUKA ROAD, PANCHAVATI, NASHIK"
false_negative,numeric_conflict,S1-224746847,S2-489796140,0.19097206940252498,True,RLV Facility Ltd,RLV Facilciayt Ltd,"Shop No.4216, Laxman Rekha Mandir Charan Paduka Road, Panchavati, Nashik, Maharashtra","421 , LAXMAN REKHA MANDIR CHARAN PADUKA ROAD, PANCHAVATI, NASHIK, महाराष्ट्र"
false_negative,numeric_conflict,S1-224746847,S2-597383499,0.5772497346123093,True,RLV Facility Ltd,RLV FACILITY,"Shop No.4216, Laxman Rekha Mandir Charan Paduka Road, Panchavati, Nashik, Maharashtra","SHOP NO.421 , LAXMAN REKHA MANDIR CHARAN PADUKA ROAD, PANCHAVATI, NASHIK, Maharashtra"
false_negative,missing_address,S1-224746847,S3-459984940,0.7064240788194887,True,RLV Facility Ltd,RLV Fcaility Ltd,"Shop No.4216, Laxman Rekha Mandir Charan Paduka Road, Panchavati, Nashik, Maharashtra",
false_negative,blocking_miss,S1-136272797,S3-160558162,,False,Summit Project LLC,>> Summit Prjcget LLC,"631 Oak Run Trail, Unit 211, Oak Park, CA","631 Oak Run Trl, null, Oak Park, California"
false_negative,text_variation_or_ambiguous,S1-125446148,S2-106502515,0.6203923658527541,True,Shubh Developers,Shubh  Developers Company,"Plot No B-9-167, Rajawadi Chs Ltd Chittaranjan Nagar, Ghatkopar (East), Mumbai, Mumbai City, Maharashtra","DOOR NO 960 PLOT NO B-9-167, RAJAWADI CHS LTD CHITTARANJAN NAGAR, GHATKOPAR (EAST), MUMBAI, Maharashtra"
false_negative,blocking_miss,S1-125446148,S2-423568466,,False,Shubh Developers,Mr Shubh Developers,"Plot No B-9-167, Rajawadi Chs Ltd Chittaranjan Nagar, Ghatkopar (East), Mumbai, Mumbai City, Maharashtra","DOOR NO 960 PLOT NO B-9-167, RAJAWADI CHS LTD CHITTARANJAN NAGAR, GHATKOPAR (EAST), MUMBAI, Maharashtra"
false_negative,missing_address,S1-752146382,S2-981419396,0.5823100567980746,True,Winner Medical Centre,Winner  Medical Centre,"319, Time Tower, Sector-28, Main Mg Road, Near Iffco Chowk, Gurgaon, Haryana",
false_negative,blocking_miss,S1-891304632,S3-789969457,,False,Keystone Inc,Keystone Inc,"1205 Hoover Road, Junction City, KS",
false_negative,blocking_miss,S1-891304632,S3-88726927,,False,Keystone Inc,Dovanex,"1205 Hoover Road, Junction City, KS","1205 1/2 Hoover Road, Junction City, Kansas"
false_negative,blocking_miss,S1-525763542,S3-912663022,,False,Dental Cornerstone Health LLC,Dental  Cornerstone,"60 Wildhurst Road, Tonka Bay, MN",
false_negative,numeric_conflict,S1-576518496,S3-655876618,0.745539779554944,True,Education Fund,Education Fnd,"158 G C And P Road, Clearview, WV","West Virginia, 159 G C And P Road, Clearview"
false_negative,numeric_conflict,S1-420427872,S2-213155256,0.21577582989528898,True,Perfect Impex Private Limited,Perfect Impex Private,"Arazi No.367, Parshuram Pur Sarnath, Varanasi, Uttar Pradesh","ARAZI NO.00367, PARSHURAM PUR SARNATH, VARANASI, उत्तर प्रदेश"
false_negative,blocking_miss,S1-204500555,S2-107828029,,False,Hitech International LLP,હાઇટેક ઇન્ટરનેશનલ એલએલપી,"6, Akash Complex, Ahmadabad City, Ahmedabad, Gujarat","Gujarat, 6, AHMADABAD CITY, AHMEDABAD"
false_negative,blocking_miss,S1-204500555,S3-555830143,,False,Hitech International LLP,હાઇટેક ઇન્ટરનેશનલ એલએલપી,"6, Akash Complex, Ahmadabad City, Ahmedabad, Gujarat","#6, Ahmadabad City, Ahmedabad, GJ"
false_negative,missing_address,S1-204500555,S3-919700437,0.7050776058172232,True,Hitech International LLP,Hitech International (L.L.P.),"6, Akash Complex, Ahmadabad City, Ahmedabad, Gujarat",
false_negative,text_variation_or_ambiguous,S1-42267670,S3-399407459,0.04460534900834958,True,Mahal Avam,Mahal-Services,"A 1003 Pioneer Belina, Bhirad Althan, Bhimrad Canal Road Opp Meera Heights, Surat, Gujarat","A 1003- Pineer Belina, Vadodara Region, Surat, GJ"
false_negative,blocking_miss,S1-44443695,S3-698583654,,False,Great Star Universal LLC,Great Star,"6547 Fernwood Drive, Lisle, IL","Illinois, 6547 Fernwgod Dr, Lisle"
false_negative,blocking_miss,S1-676421584,S2-312865513,,False,Ortiz Beyond of Albany,Ortiz Beyond-of Albany LLC,"193 Colonie Street, Unit Apartment 2, Albany, NY",
false_negative,missing_address,S1-676421584,S3-521050527,0.5645793250088569,True,Ortiz Beyond of Albany,Ortiz Beyond Of Albany,"193 Colonie Street, Unit Apartment 2, Albany, NY",
false_negative,numeric_conflict,S1-365627014,S2-565057839,0.21603487059615176,True,Pediatric Dental Quality Physicians,Pediatric Dental Quality Center,"1310 Artesian Avenue, Chicago, IL","2310 ARTESIAN AVE, CHICAGO, IL"
false_negative,blocking_miss,S1-73642156,S3-116921667,,False,Meridian,Meridian LP,"1421 Jacquelin Street, Richmond City, VA","001421 Jacquelin Street, Richmond, Virginia"
false_negative,blocking_miss,S1-73642156,S3-895757781,,False,Meridian,Meridian,"1421 Jacquelin Street, Richmond City, VA","Virginia, Richmond, Jacquelin St"
false_negative,blocking_miss,S1-138757267,S3-598667270,,False,Gulf Society,Gulf Sociemfyt,"8 Galahad Road, Northborough, MA",
false_negative,blocking_miss,S1-373777470,S2-864810151,,False,Consultants Buddha Info Limited,Consultants Baduha Info Limited,"Beta-1 Greater Noida, Greater Noida, Gautam Buddha Nagar, C-522, Uttar Pradesh","#639  C-522, BETA-1 GREATER NOIDA, GREATER NOIDA, उत्तर प्रदेश"
false_negative,blocking_miss,S1-867694536,S3-841269322,,False,North Hempstead Wen Inc,North-Wen Inc [Center],"4 Mill Drive, Unit Apartment 2C, North Hempstead, NY","Mill Drive, # Apartment 2C, North Hempstead, New York"
false_negative,missing_address,S1-290682826,S3-984259994,0.5645793250088569,True,Orange Town Advanced Partners,orange town advanced partners,"110 Boxley Lane, Orange Town, VA",
false_negative,blocking_miss,S1-814947612,S3-28916984,,False,Kelly Highland Old PLLC,Kelly Highland Old,"1260 Ridge Field Run, Schererville, IN",
false_negative,similar_address_different_name,S1-814947612,S3-376620490,0.20257613037966452,True,Kelly Highland Old PLLC,Khold.Com,"1260 Ridge Field Run, Schererville, IN","1260 Rhdge Field Run, Schererville, Indiana"
false_negative,blocking_miss,S1-322332429,S2-480913875,,False,Vulcan Enterprises Pvt Ltd,Vulcan Enemtlrprises Pvt Ltd,"Opp. St. Teresa School, Girwa, Udaipur, Rajasthan, Plot No.2 Sector 12","2. SECTOR 12, OPP. ST. TERESA SCHOOL, GIRWA, राजस्थान"
false_negative,blocking_miss,S1-835370945,S2-488286666,,False,Ace Packaging Works,Ace Packaging,"3 Mountain Road, Canton, CT","3 MOUNNAIN RD, CANTON, CT"
false_negative,blocking_miss,S1-494713551,S2-73435840,,False,Oncology Care LLC,Oncology Care,"TX, Unit 107, 5380 Mesa Street, City Of El Paso","TX, CITY OF EL PASO, MESA STREET"
false_negative,numeric_conflict,S1-176542590,S2-114028641,0.06661109114011181,True,Arihant Constructions Private Limited,Arihant Constructions Private Ltd Ltd,"Plot No. 104, Abhyankar Nagar, Nagpur, Maharashtra","DOOR NO 10 , ABHYANKAR NAGAR, NAGPUR, Maharashtra"
false_negative,blocking_miss,S1-176542590,S2-195978400,,False,Arihant Constructions Private Limited,अरिहंत कंस्ट्रक्शंस प्राइवेट लिमिटेड,"Plot No. 104, Abhyankar Nagar, Nagpur, Maharashtra","महाराष्ट्र, 10, NAGPUR"
false_negative,blocking_miss,S1-176542590,S3-845262301,,False,Arihant Constructions Private Limited,Mr Arihant Constructions Private,"Plot No. 104, Abhyankar Nagar, Nagpur, Maharashtra","Plst No. 104/2, Nagpur, MH"
false_negative,blocking_miss,S1-50596987,S3-578141341,,False,Vanguard Diagnostic Labs LLC,Vanguard Diagnostic LLC  Center,"215 Rivers Edge, James City County, VA",
false_negative,blocking_miss,S1-267594327,S3-461891095,,False,Foot & Ankle Associates,footankleassociates.com,"3792 Cedar Street, Williams, AZ","003792 Cedar St, Kaibab Estates West, Arizona"
false_negative,blocking_miss,S1-773518768,S2-385851464,,False,Ace Solutions Limited,M/s Ace Limited  Center,"Maharashtra, Nashik, Flat No.3, Prathamesh Appt, Prasanna Colony Sno.870, Near Surya Hotel, Kamod Nagar, In, Dira Nagar, Nashik",
false_negative,blocking_miss,S1-693351016,S2-345231272,,False,Family Center,FAMILY CENTER LP,"15640 548, Bldg 4, Forney, TX","15640B 548, FORNEY, TX"
false_negative,blocking_miss,S1-693351016,S3-488859969,,False,Family Center,Family Center Association,"15640 548, Bldg 4, Forney, TX","15640 548, Bldg. 4, Forneytownship, Texas"
false_negative,blocking_miss,S1-680682839,S2-833106126,,False,Shiv Trading,शिव ट्रेडिंग,"Office No 2, 2Nd Floor 37Happy Plaza, Near Ratlami Namkeen, Shopp, Ing Centre, Kota, Rajasthan","OFFICE NO #2, SAWAI MADHOPUR, Rajasthan"
false_negative,blocking_miss,S1-680682839,S3-665979359,,False,Shiv Trading,Kelonyla,"Office No 2, 2Nd Floor 37Happy Plaza, Near Ratlami Namkeen, Shopp, Ing Centre, Kota, Rajasthan","Office No 2, 2Nd Floor 37Happy Plaza, Near Ratlami Namkeen, Shopp, Ing Centre, Kota, Rajasthan"
false_positive,script_variation,S1-574260638,S2-665298765,0.8870470395619376,True,Jain Infra Private Limited,ಜೈನ್ ಪ್ರೊಡಕ್ಟ್ಸ್ ಪ್ರೈವೇಟ್ ಲಿಮಿಟೆಡ್,"No.85/1, 2Nd Floor 19Th Main, Sector - 1, H S R Layout, Bangalore, Karnataka","NO 85/10, 2ND FLOOR 19TH MAIN, SECTOR - 1, H S R LAYOUT, BANGALORE, Karnataka"
false_negative,blocking_miss,S1-574260638,S2-804971765,,False,Jain Infra Private Limited,Jain Infra Private Ltd,"No.85/1, 2Nd Floor 19Th Main, Sector - 1, H S R Layout, Bangalore, Karnataka",
false_negative,blocking_miss,S1-574260638,S3-472108865,,False,Jain Infra Private Limited,Smt Jain Ínfra Private [Ltd],"No.85/1, 2Nd Floor 19Th Main, Sector - 1, H S R Layout, Bangalore, Karnataka","#85/1, Bangalore, KA"
false_negative,blocking_miss,S1-574260638,S3-53824750,,False,Jain Infra Private Limited,ಜೈನ್ ಇನ್‌ಫ್ರಾ ಪ್ರೈವೇಟ್ ಲಿಮಿಟೆಡ್,"No.85/1, 2Nd Floor 19Th Main, Sector - 1, H S R Layout, Bangalore, Karnataka","No.85/1, Bangalore, KA"
false_negative,script_variation,S1-453048294,S2-701958641,0.6627757496129031,True,Real Solutions LLP,Real सॉल्यूशंस एलएलपी,"Plot No. 307, Block-A, Ist Floor, Sainik Colony, Faridabad, Haryana","PLOT NO. 307, BLOCK-A, IST FLOOR, SAINIK COLONY, FARIDABAD, हरियाणा"
false_negative,blocking_miss,S1-453048294,S2-734898781,,False,Real Solutions LLP,रियल सॉल्यूशंस एलएलपी,"Plot No. 307, Block-A, Ist Floor, Sainik Colony, Faridabad, Haryana","307, FARIDABAD, हरियाणा"
false_negative,numeric_conflict,S1-781209006,S2-218151416,0.6641618023922158,True,Wortman Allspring,Wortman Allspring LLC,"10900 Coastal Highway, Unit 910, Ocean City, MD","1090 COASTAL HWY, OCEAN CITY, MD"
false_negative,numeric_conflict,S1-781209006,S2-359542095,0.05732482950220242,True,Wortman Allspring,WORTMAN SERVICES,"10900 Coastal Highway, Unit 910, Ocean City, MD","1090 COASTAL HWY, OCEAN CITY, MD"
false_negative,blocking_miss,S1-390598890,S2-988476264,,False,Behavioral Health Center Inc.,Behavioral Helath Center Inc.,"3695 Lanning Road, Lawrenceburg, TN",
false_negative,text_variation_or_ambiguous,S1-72122014,S3-126233033,0.5024598214653847,True,Enterprises Aerial Entertainment Private Limited,Enterprises Aerial Entertainment Entertainment Private Ltd,"Flat No. 1701, Block F, Lansum Etania, Puppalguda, Rangareddy, Telangana","Flat No. 1701/1, Block F, Lansum Etania, Puppalguda, Rangareddy, TG"
false_negative,blocking_miss,S1-891471930,S3-57052468,,False,Yogeshwar & Sons Private Limited,Yogeshwar & Sons Limited Private,"4 Flr Common, R3 The Mall, Manav Mandir, Drivein Road, Ahmadabad City, Ahmedabad, Gujarat",
false_negative,text_variation_or_ambiguous,S1-605145106,S3-61252298,0.6584484050071019,True,Patriot Foundation P.C.,LLC Patriot Foundation,"Annapolis, Fl 0, 517 State Street, MD","State St, Floor 0, Annapolis, Maryland"
false_negative,text_variation_or_ambiguous,S1-770900896,S3-174033026,0.6095897427497203,True,Clean Staffing Union Inc,Clean Staffing,"20 Lorrine Lane, Camden, TN","20 1/2 Lorrine Ln, Camden, Tennessee"
false_positive,text_variation_or_ambiguous,S1-762064929,S3-904746121,0.9852680289254476,True,Ruiz Companies,Turner (Companies),"1917 17th Avenue, ID, Lewiston","1917 17th Avenue, Lewiston, Idaho"
false_negative,missing_address,S1-762064929,S3-570849656,0.532742368648071,True,Ruiz Companies,Ruiz Companies Inc,"1917 17th Avenue, ID, Lewiston",
false_negative,blocking_miss,S1-387750190,S3-665979354,,False,Modern Marketing,Modern  Services,"Kaircombaikotagiri The Nilgiris, The Nilgiris, The Nilgiri, Tamil Nadu","Kaircombaikotagiri The Nilgiris, The Nilgiris, The Nilgiri, தமிழ்நாடு"
false_negative,blocking_miss,S1-387750190,S3-966746934,,False,Modern Marketing,modernmarketing.com,"Kaircombaikotagiri The Nilgiris, The Nilgiris, The Nilgiri, Tamil Nadu","The Nilgiri, TN, Kaircombaikotagiri The Nilgiris, The Nilgiris"
false_positive,text_variation_or_ambiguous,S1-909548921,S2-386641463,0.8423375475837883,True,P/N View LLC,P/N View Holdings,"WI, W8046 23, Town Of Lamartine","W8067 23, TOWN OF LAMARTINE, WI"
false_negative,missing_address,S1-599986559,S3-155594500,0.5877252376004434,True,Oncology Value Associates,Oncology  Value Associates LLC,"403 Jeffrey Lane, Copperas Cove, TX",
false_negative,script_variation,S1-700768030,S2-802885336,0.6345150545636374,True,East It Pvt Ltd,ईस्ट आईटी प्रा. लि.,"Shed No 02 Opposite Green, Valley Palaza, Faridabad, Haryana","SHED NO 02 OPPOSITE GREEN, VALLEY PALAZA, FARIDABAD, Haryana"
false_negative,script_variation,S1-700768030,S3-867260868,0.570756116695791,True,East It Pvt Ltd,ईस्ट आईटी प्रा. लि.,"Shed No 02 Opposite Green, Valley Palaza, Faridabad, Haryana","Shed No 02 Opposite Green, Valley Palaza, Faridabad, हरियाणा"
false_negative,text_variation_or_ambiguous,S1-540897538,S3-449949564,0.6493496333146469,True,Back Developers,Back Services,"216A/18, Ground Floor, Gautam Nagar Near Father Angel Schoo L, New Delhi, Delhi","Gautam Nagar Near Father Angel Schoo L, DL, New Delhi, Block C-8-677 216A/18, Ground Floor"
false_negative,blocking_miss,S1-295577958,S2-843919215,,False,Shiva Management Private Limited,शिवा मैनेजमेंट प्राइवेट लिमिटेड,"10/3, Iind Floor, Shantai Vihar Complex, Near Shantai Hotel, Rasta Peth, Pune, Maharashtra","10/3, PUNE, Maharashtra"
false_negative,blocking_miss,S1-238498050,S3-11520322,,False,Eye Advanced Health Inc,Eyeadvancedhealth.C0m,"197 Gentle Breeze, Floresville, TX","Gentle Breeze, Floresville, Texas"
false_negative,numeric_conflict,S1-996762267,S3-188634083,0.5860713527570383,True,Community First Church,Community Frts-Church,"52 Jones Road, Charlton, MA","0052 Jones Rd, Charlton, Massachusetts"
false_negative,blocking_miss,S1-971426220,S3-201015943,,False,Excellence Travels (India) Private Limited,Excellence Travels (rIncl) Private Limited,"202 Hig 550, Sri Sai Apartments, Tirumalagiri, Hyderabad, Telangana","00202 Hig 550, Tirumalagiri, TG"
false_negative,blocking_miss,S1-125750434,S3-535184442,,False,Vision Desert Specialists LLC,Vision-Desert-Specialists LLC LLC,"9113 18th Street, Fl 0, Wichita, KS","9113 18st St, Wihcita CITY, Fl. 0, Kansas"
false_negative,blocking_miss,S1-95066525,S3-814206811,,False,Shree Krishna Agro Private Limited,श्री कृष्ण एग्रो प्राइवेट लिमिटेड,"Plot No-80 Block-B Mangolpuri Industrial Area Ph-2, New Delhi, North West, Delhi","Plot No-90 Block-b Mangolpuri Industrial Area Ph-2, DL, North West, New Delhi"
false_negative,blocking_miss,S1-84091530,S3-317198467,,False,Ambattur Infra Private Limited,Ambattur Infra Prívaete Limited,"A9 First Main Road, Chennai, Ambattur, Tiruvallur, Tamil Nadu","A9 First Main Road, Chennai, Thiruvallur, Ambattur, தமிழ்நாடு"
false_negative,blocking_miss,S1-389063285,S2-159163042,,False,"Price, Dale and Rendon Labs","Price, Dale and Rsndon Labs","TN, Memphis, 740 Lydgate Road",
false_negative,missing_address,S1-389063285,S2-196758358,0.5729202139701545,True,"Price, Dale and Rendon Labs","Price, Dale and Rendon Labs LP","TN, Memphis, 740 Lydgate Road",
false_negative,numeric_conflict,S1-389063285,S3-242009070,0.2237414769178934,True,"Price, Dale and Rendon Labs","Price, Dale and Rendon Labs LLC","TN, Memphis, 740 Lydgate Road","738 Lydgate Rd, Memphis, Tennessee"
false_negative,numeric_conflict,S1-389063285,S3-785207666,0.17550031746387115,True,"Price, Dale and Rendon Labs","Price, Dale and Rendon","TN, Memphis, 740 Lydgate Road","738 Lydgate Rd, PMB 4217, Memphis, Tennessee"
false_negative,blocking_miss,S1-389063285,S3-938184448,,False,"Price, Dale and Rendon Labs","Price, Partners and Rendon Dale","TN, Memphis, 740 Lydgate Road","738 Lydgate Rd, Memphis, Tennessee"
false_negative,text_variation_or_ambiguous,S1-305519778,S3-280090121,0.7256512357549808,True,Everrise Lab Pvt. Ltd.,Everrise Lab,"2/652 A, Erumapalayam Chennai By-Pass Road, Salem, Tamil Nadu","02/652 A, Salem, TN"
false_negative,blocking_miss,S1-660469792,S3-60033719,,False,Goodfellow Fields-Indianapolis,fgoodfellow.com,"9319 Sandbury Road, Indianapolis, IN","9319 Sandbury Rd, Indianapolis, Indiana"
false_negative,blocking_miss,S1-69897648,S2-336690675,,False,Black Products Pvt Ltd,ब्लैक प्रोडक्ट्स प्रा. लि.,"91, Floor-4, 85/93, Mehta House, Mumbai Samachar Marg, Fort, Mumbai, Maharashtra","91, MUMBAI, Maharashtra"
false_negative,similar_name_different_address,S1-69897648,S3-727501652,0.49105483708748343,True,Black Products Pvt Ltd,Black Poenucts Pvt Ltd,"91, Floor-4, 85/93, Mehta House, Mumbai Samachar Marg, Fort, Mumbai, Maharashtra","91, Mumbai, महाराष्ट्र"
false_negative,blocking_miss,S1-547878370,S2-53359117,,False,Innovative Consultants Pvt Ltd,इनोवेटिव कंसल्टेंट्स प्रा. लि.,"Mr. Jag Bahadur Singh Negi 193 S/F F/P Gautam Nagar, New Delhi, South Delhi, Delhi","Delhi, MR. JAG BAHADUR SINGH NEGI 19 S/F F/P GAUTAM NAGAR, NEW DELHI, FARIDABAD"
false_negative,blocking_miss,S1-547878370,S2-886827220,,False,Innovative Consultants Pvt Ltd,इनोवेटिव कंसल्टेंट्स प्रा. लि.,"Mr. Jag Bahadur Singh Negi 193 S/F F/P Gautam Nagar, New Delhi, South Delhi, Delhi","MR. JAG BAHADUR SINGH NEGI 19 S/F F/P GAUTAM NAGAR, NEW DELHI, FARIDABAD, Delhi"
false_negative,numeric_conflict,S1-547878370,S2-919693822,0.4700682890557322,True,Innovative Consultants Pvt Ltd,Innovative Consu1tants Pvt,"Mr. Jag Bahadur Singh Negi 193 S/F F/P Gautam Nagar, New Delhi, South Delhi, Delhi","MR. JAG BAHADUR SINGH NEGI 19 S/F F/P GAUTAM NAGAR, NEW DELHI, Delhi"
false_negative,script_variation,S1-547878370,S3-193372562,0.6201247447928192,True,Innovative Consultants Pvt Ltd,इनोवेटिव Consultants प्रा. लि.,"Mr. Jag Bahadur Singh Negi 193 S/F F/P Gautam Nagar, New Delhi, South Delhi, Delhi","Mr. Jag Bahadur Singh Negi 193 S/f F/p Gautam Nagar, New Delhi, South Delhi, DL"
false_negative,text_variation_or_ambiguous,S1-422011006,S3-658922633,0.39215637516199686,True,Ark Solutions LLP,Smt Ark LLP Center,"C/O Hiranmay Dey, Vill. Haidadpur Khantura, Habra - I, North 24 Parganas, West Bengal","C/o Hiranmay Dey, Habra - I, North 24 Parganas, WB"
false_negative,blocking_miss,S1-933487999,S2-671572070,,False,Supreme Healthcare Private Limited,सुप्रीम हेल्थकेयर प्राइवेट लिमिटेड,"A/104, New Ajit Society, Nr Asadullah School, Chand Nagar, Kausa Mumbra, Thane, Maharashtra","A/0104, NEW AJIT SOCIETY, NR ASADULLAH SCHOOL, CHAND NAGAR, KAUSA MUMBRA, NAVI MUMBAI REGION, THANE, Maharashtra"
false_negative,blocking_miss,S1-933487999,S3-455299452,,False,Supreme Healthcare Private Limited,Poivte Supreme Healthcare Limited,"A/104, New Ajit Society, Nr Asadullah School, Chand Nagar, Kausa Mumbra, Thane, Maharashtra","MH, Thane, NULL, A/104"
false_positive,text_variation_or_ambiguous,S1-57380156,S2-360112027,0.8600770753744879,True,Kolkata Builders Private Limited,Kolkata Builders Private Limited,"54/1 Canning Streetr No 5A P S Hare Street, Kolkata, Calcutta, West Bengal","36A-, METCALFE STREET, 7TH FLOOR, KOLKATA, KOLKATA, West Bengal"
false_positive,text_variation_or_ambiguous,S1-57380156,S2-995335550,0.7933075799341797,True,Kolkata Builders Private Limited,KOLKATA BUILDERS PRIVATE LTD,"54/1 Canning Streetr No 5A P S Hare Street, Kolkata, Calcutta, West Bengal","GROUND FLOOR 113B RIPON STREET, KOLKATA, West Bengal"
false_negative,blocking_miss,S1-57380156,S2-679422018,,False,Kolkata Builders Private Limited,UMBRAEVO,"54/1 Canning Streetr No 5A P S Hare Street, Kolkata, Calcutta, West Bengal","NO 54/1 CANNING STREETR NO 5A P S HARE STREET, KOLKATA, CALCUTTA, West Bengal"
false_negative,blocking_miss,S1-947879548,S3-447939451,,False,Technologies Earl Developers Private Limited,TED,"Hyderabad, 81A/F, Rangareddy, 8-2-293, 821, Mla Colony, Road No 12, Banjara Hills, Khairatabad, Telangana","81A/F, 8-2-293, 821, Mla Colony, Road No 12, Banjara Hills, Khairatabad, Hyderabad, Rangareddy, Telangana"
false_negative,blocking_miss,S1-419351883,S2-125818208,,False,Eastern Consulting Limited,ईस्टर्न कंसल्टिंग लिमिटेड,"5 Th Floor, Idea Square, B-42, Opp Citi Mall New Link Road, Andheri-West, Mumbai, Mumbai City, Maharashtra","5 TH FLOOR, MUMBAI, MUMBAI CITY, महाराष्ट्र"
false_negative,text_variation_or_ambiguous,S1-493928180,S2-212327295,0.3540322921676204,True,Target Traders,Target Services,"202, Kamdar Complex Rajapeth, Badnera Road, Amravati, Maharashtra","Maharashtra, NO. 87 202, KAMDAR COMPLEX RAJAPETH, BADNERA ROAD, AMRAVATI"
false_negative,similar_address_different_name,S1-540805807,S2-647926367,0.059276116737641195,True,Vatakara Pro Corporation,CIRALYRA,"9/3144 Z9, Grand Square Mall, Third Floor Edodi, Vatakara, Kozhikode, Kerala","9/3144/8 Z9, GRAND SQUARE MALL, THIRD FLOOR EDODI, VATAKARA, KOZHIKODE, കേരളം"
false_negative,blocking_miss,S1-676076109,S2-462174416,,False,Krishna Power,কৃষ্ণ পাওয়ার,"Salap, Battola, Dist- Howrah, Howrah, West Bengal","SALP, BATTOLA, DIST- HOWRAH, SOUTH BENGAL REGION, HOWRAH, West Bengal"
false_negative,blocking_miss,S1-676076109,S3-135328680,,False,Krishna Power,Shri Krishna Power,"Salap, Battola, Dist- Howrah, Howrah, West Bengal","Howrah, Battola, Dist- Howrah, Salap, WB, Howrah"
false_negative,blocking_miss,S1-294257477,S2-695893063,,False,Galaxy Infotech Pvt Ltd,ગેલેક્સી ઇન્ફોટેક પ્રા. લિ.,"Gf/11-Bharvi Towers, Opp. Sharda School, National Highway, Amraiwadi, Ahmadabad City, Ahmedabad, Gujarat","H.NO 214 GF/11-BHARVI TOWERS, AHMADABAD CITY, AHMEDABAD, Gujarat"
false_negative,blocking_miss,S1-294257477,S3-35640352,,False,Galaxy Infotech Pvt Ltd,ગેલેક્સી ઇન્ફોટેક પ્રા. લિ.,"Gf/11-Bharvi Towers, Opp. Sharda School, National Highway, Amraiwadi, Ahmadabad City, Ahmedabad, Gujarat","Gf/1b-harvi Towers, Ahmadabad City, ગુજરાત"
false_negative,script_variation,S1-301531502,S2-248808997,0.19497706934562048,True,Shyam It Limited,श्याम आईटी लिमिटेड,"2/2009, Amity Green, Haisemau, Gomtinagar Extn, Lucknow, Uttar Pradesh","2/2009, N/A, LUCKNOW, उत्तर प्रदेश"
false_positive,similar_address_different_name,S1-664690106,S2-817975760,0.7893234512980013,True,Royal Holdings,Holdings Overseas Royal,"Rajendra Pathpirmohani P.S- Gandhi Makdan, Patna, Bihar","NO 31 RAJENDRA PATHPIRMOHANI P.S- GANDHI MAKDAN, PATNA, Bihar"
false_negative,text_variation_or_ambiguous,S1-373312772,S2-447892405,0.6522567638536056,True,Clearfield Algonquin,Clearfield (Services),"640 1700, Clearfield, UT","UT, CLEARFIELD, 640 1700"
false_negative,blocking_miss,S1-373312772,S3-198676689,,False,Clearfield Algonquin,Clearfield  Agonumnc,"640 1700, Clearfield, UT",
false_negative,text_variation_or_ambiguous,S1-907108818,S2-587565561,0.5472777066376638,True,Lake Villa Chiron,LAKE VILLA VILLA CHIRON LP,"21363 Sarah Drive, Lake Villa, IL","21363-21367 SARAH DR, IL, WEST MILTMORE"
false_negative,blocking_miss,S1-907108818,S3-327461491,,False,Lake Villa Chiron,Lake-Villa - 9758207416,"21363 Sarah Drive, Lake Villa, IL","#21363 Sarah Dr, Lakke Villa, Illinois"
false_negative,blocking_miss,S1-451318876,S2-393780793,,False,TST Finlease Pvt Ltd,T5T  Finlease Pvt Ltd,"202, Maurya Complex, Opp C U Shah Collage, Ahmadabad City, Ahmedabad, Gujarat","202, AHMADABAD CITY, AHMEDABAD, Gujarat"
false_positive,text_variation_or_ambiguous,S1-839111081,S2-209412129,0.877549699904084,True,New Delhi Packers,New Delhi Packers Public Limited,"No.25A & 25B, Hauz Rani, Malviya Nagar, New Delhi, South Delhi, Delhi","#28A & 25B, HAUZ RANI, MALVIYA NAGAR, NEW DELHI, Delhi"
false_negative,missing_address,S1-898474889,S3-788075547,0.5645793250088569,True,Nadiya's Realty,Nadiya's Realty,"317 Graham Avenue, Carbondale, IL",
false_negative,blocking_miss,S1-334860526,S2-513081531,,False,Apex Enterprises,Apex  Enterprises Enterprises,"No 29 G Flr Akbarabad, 2Nd Street Kodambakkam, Chennai City Corporation, Chennai, Tamil Nadu",
false_negative,blocking_miss,S1-334860526,S3-213638471,,False,Apex Enterprises,Apex Enterprises Co,"No 29 G Flr Akbarabad, 2Nd Street Kodambakkam, Chennai City Corporation, Chennai, Tamil Nadu","2-9 G Flr Akbaraad, Chennai, தமிழ்நாடு"
false_negative,blocking_miss,S1-334860526,S3-559593538,,False,Apex Enterprises,Sri Apex Center,"No 29 G Flr Akbarabad, 2Nd Street Kodambakkam, Chennai City Corporation, Chennai, Tamil Nadu","TN, No 2-9 G Flr Akbarabad, Chennai City Corporation"
false_negative,blocking_miss,S1-104071954,S2-838714390,,False,Dhanbad Group,M/s Umbramirasyn,"No. 390, 7Th Main, 9Th Cross 2Nd Block, Jayanagar, Bangalore, Karnataka","NO. 390, BANGALORE, ಕರ್ನಾಟಕ"
false_negative,blocking_miss,S1-465064794,S2-221715398,,False,Silver Bistro,The Silver Bistro,"168 Jones Road, Sneedville, TN","PO BOX 5665, 168 JONES RD, TN, SNEEDVILLE"
false_negative,blocking_miss,S1-818988938,S3-849658139,,False,Reed School of Medicine LLC,Reed School of LLC Services,"5460 Edlou Place, Indianapolis, IN","05460 Edlou Pl, Indianapoli Scity, Indiana"
false_negative,blocking_miss,S1-98259862,S3-178396731,,False,Supreme Builders Pvt Ltd,SB,"Sry No-B2/1093, Narayan Nagar, Latur, Maharashtra","Sry No-B2/1093, Narayan Nagar, Latur, Maharashtra"
false_positive,script_variation,S1-105942077,S3-527593919,0.8440648165160868,True,Fortune Developers Private Limited,फॉर्च्यून डेवलपर्स फूड्स प्राइवेट लिमिटेड,"Hall No. 403 4Th Floor Ts Tower Ashok Marg, Lucknow, Uttar Pradesh","Hall No. 403 7Th Floor Ts Tower Ashok Marg, Lucknow, UP"
false_negative,blocking_miss,S1-776178068,S2-255591301,,False,Laxmi Maa Healthcare Pvt Ltd,लक्ष्मी माँ हेल्थकेयर प्रा. लि.,"C/O-Triveni Tiwari, Ward -17, Gola Bandh Road, Saraiyaganj, Mushahari, Muzaffarpur, Bihar, India., Mushahari, Muzaffarpur, Bihar","C/O-TRIVENI TIWARI, WARD -17, GOLA BANDH ROAD, SARAIYAGANJ, MUSHAHARI, MUZAFFARPUR, BIHAR, INDIA., MUSHAHARI, MOTIJHEEL, Bihar"
false_negative,blocking_miss,S1-776178068,S2-551412560,,False,Laxmi Maa Healthcare Pvt Ltd,लक्ष्मी माँ हेल्थकेयर प्रा. लि.,"C/O-Triveni Tiwari, Ward -17, Gola Bandh Road, Saraiyaganj, Mushahari, Muzaffarpur, Bihar, India., Mushahari, Muzaffarpur, Bihar","C/O-TRIVENI TIWARI, MUZAFFARPUR, MOTIJHEEL, Bihar"
false_negative,blocking_miss,S1-776178068,S3-101656724,,False,Laxmi Maa Healthcare Pvt Ltd,लक्ष्मी मां हेल्थकेयर प्रा. लि.,"C/O-Triveni Tiwari, Ward -17, Gola Bandh Road, Saraiyaganj, Mushahari, Muzaffarpur, Bihar, India., Mushahari, Muzaffarpur, Bihar","Mushahari, C/o-triveni Tiwari, बिहार, NULL"
false_positive,text_variation_or_ambiguous,S1-634302008,S3-93693426,0.9044791643895459,True,Howard and Liu Partners,Shrader and Liu Patnfrs,"4016 35th Street, Tacoma, WA","Washington, 4016 35th Street, Tacoma"
false_negative,blocking_miss,S1-656286659,S3-621198647,,False,Rogers and Rosario Trinity,Rogers  And Rosario Trinity LP,"303 Tom Butler Lane, Autryville, NC",
false_negative,blocking_miss,S1-656286659,S3-944390390,,False,Rogers and Rosario Trinity,Rogers  & Rosario,"303 Tom Butler Lane, Autryville, NC",
false_negative,text_variation_or_ambiguous,S1-961675587,S2-37044011,0.7463269258362725,True,Blue Kitchen Limited,Smt Blue Kitchen,"7Th Floor, Maximus Towers, 2A, Raheja Mindspace It Park, Hitec City, Shaikpet, Hyderabad, Telangana","NO 7TH FLOOR, MAXIMUS TOWERS, 2A, RAHEJA MINDSPACE IT PARK, HITEC CITY, SHAIKPET, తెలంగాణ"
false_negative,blocking_miss,S1-206517495,S3-345131244,,False,Kevue Partners Inc,Kevue Partners,"2237 Tarrallton Drive, Norfolk City, VA",
false_negative,blocking_miss,S1-404873713,S2-185709267,,False,Maa Constructions Private Limited,मां कंस्ट्रक्शंस प्राइवेट लिमिटेड,"C/O Smt Prabha Devi, Baba Vishwanath Bhawan, Bbbp, Rajnarayan Kunwar, Buxar, Bihar","C/O SMT PRABHA DEVI, BUXAR, Bihar"
false_negative,blocking_miss,S1-404873713,S2-835783353,,False,Maa Constructions Private Limited,मां कंस्ट्रक्शंस प्राइवेट लिमिटेड,"C/O Smt Prabha Devi, Baba Vishwanath Bhawan, Bbbp, Rajnarayan Kunwar, Buxar, Bihar","C/O SMT PRABHA DEVI, BUXAR, बिहार"
false_negative,blocking_miss,S1-404873713,S3-569427020,,False,Maa Constructions Private Limited,माँ कंस्ट्रक्शंस प्राइवेट लिमिटेड,"C/O Smt Prabha Devi, Baba Vishwanath Bhawan, Bbbp, Rajnarayan Kunwar, Buxar, Bihar","Buxar, BR, H.no 985 C/o Smt Prabha Devi"
false_negative,blocking_miss,S1-893158432,S2-54796079,,False,Henderson Platinum Air PC,Henderson Platinum,"5720 Guadalajara Drive, North Richland Hills, TX","5865 GUADALAJARA DR, <NULL>, NORTH RICHLAND HILLS, TX"
false_negative,similar_address_different_name,S1-893158432,S3-201013579,0.4727620750569205,True,Henderson Platinum Air PC,hpair.com,"5720 Guadalajara Drive, North Richland Hills, TX","5720 Guadalajara Dr, North Richland Hills, Texas"
false_positive,text_variation_or_ambiguous,S1-901287770,S2-103741797,0.7859425525704635,True,Rush Federation,Rush Federation Private Limited,"Gurukula Vidya Peth, Ibrahimpatnam, Hyderabad R.R.Dist., Andhra Pradesh, Telangana","H.NO 97 GURUKULA VIDYA PETH, IBRAHIMPATNAM, HYDERABAD R.R.DIST., Telangana"
false_positive,text_variation_or_ambiguous,S1-93097547,S2-997325993,0.8522885417134595,True,Nehru Place Telecom Private Limited,Private Nehru Place Cosmetics Limited,"207, Skipper House 62-63, Nehru Place, New Delhi, Delhi","B3/209, SKIPPER HOUSE 62-63, NEW DELHI, Delhi"
false_negative,blocking_miss,S1-815130043,S3-134879627,,False,Dermatology Partners,Dermatology [Parctnes],"515 Washington Street, Van Wert, OH","515 Washington Street, Van Wert, Ohio"
false_positive,text_variation_or_ambiguous,S1-54798193,S3-342840549,0.9528049894178562,True,Seven Construction Private Limited,Anand Constructions,"Door No. 3-29-39/34, Gunnus Grand, Opp. Rto Office Kundula Road, Krishna Nagar, Guntur, Andhra Pradesh","Door No. 3-29-39/34, Gunnus Grand, Opp. Rto Office Kundula Road, Krishna Nagar, Guntur, Gujjanagundla, AP"
false_negative,blocking_miss,S1-54798193,S2-851417082,,False,Seven Construction Private Limited,సెవెన్ కన్‌స్ట్రక్షన్ ప్రైవేట్ లిమిటెడ్,"Door No. 3-29-39/34, Gunnus Grand, Opp. Rto Office Kundula Road, Krishna Nagar, Guntur, Andhra Pradesh","NO 5-29-39/34, GUNTUR, Andhra Pradesh"
false_negative,blocking_miss,S1-896491532,S3-735203205,,False,Apna Services Private Limited,Mr Apna Svrtacs Private Limited,"17, Shirin Chamber, 4Th Floor, 348//50 Samual Street, Mumbai, Maharashtra",
false_negative,blocking_miss,S1-192845002,S3-913788386,,False,Shree Traders Private Limited,Shree,"C/O Balai Charan Paul, N0008 Vill:Gourangapur, P.O Sasati, P.S Shyampur, Shyampur, Howrah, West Bengal","C/O Balai Charan Paul, N0008 Vill:Gourangapur, P.O Sasati, P.S Shyampur, Shyampur, Howrah, West Bengal"
false_negative,numeric_conflict,S1-11277753,S3-337216835,0.7496119537557162,True,Banaras Consultant Pvt Ltd,Banaras Consultant Pvt,"Jaswant Singh D - 249, Ambedkar Colony Chhatterpur, New Delhi, South West Delhi, Delhi","Jaswant Singh D - 49, Ambedkar Colony Chhatterpur, New Delhi, South Delhi, DL"
false_negative,text_variation_or_ambiguous,S1-87953156,S2-921512173,0.6798125882136179,True,Bull Group,Bull LLC,"2421 Old Niota Road, Athens, TN","2421 OLD NIOTA ROAD, ATHENS TOWNSHIP, TN"
false_negative,blocking_miss,S1-87953156,S3-309408317,,False,Bull Group,Blnlrlu Gróup,"2421 Old Niota Road, Athens, TN","2421 Old Niota Rd, Atens, Tennessee"
false_negative,numeric_conflict,S1-31107551,S2-410007627,0.6121800136995112,True,Redding and Bell Bdc Inc.,reddingbellbdc.com,"6147 Langhorn Drive, Unit 312, Columbus, OH","OH, 614 LANGHORN DR, COLUMBUS"
false_negative,script_variation,S1-627660923,S2-224740147,0.29545293716834614,True,Great Consultancy,గ్రేట్ కన్సల్టెన్సీ,"Villa No.59, The Neighbourhood, Laxminagar, Rangareddy, K.V.Rangareddy, Telangana","VILLA NO.59, RANGAREDDY, K.V.RANGAREDDY, తెలంగాణ"
false_negative,blocking_miss,S1-817377301,S3-305379616,,False,Blue Yoga,Miranovi Co DBA Blue Yoga,"N2722 Grimshaw Road, Town Of Bear Bluff, WI","N2722 Grimshaw Road, Town Of Bear Bluff, WI"
false_positive,script_variation,S1-204072671,S2-72321159,0.8294211481576209,True,Transport Industrial Private Limited,एसएस इंटरनेशनल प्राइवेट लिमिटेड,"Rajasthan, R-407-A, Mandia Road, Rajasthan, Pali. Pali.","R-407-A, MANDIA ROAD, PALI. PALI., RAJASTHAN"
false_negative,text_variation_or_ambiguous,S1-204072671,S2-100005282,0.7283706577244127,True,Transport Industrial Private Limited,Transport Prívate Limited Service,"Rajasthan, R-407-A, Mandia Road, Rajasthan, Pali. Pali.","R-407-A, MANDIA ROAD, PALI. PALI., Rajasthan"
false_negative,blocking_miss,S1-204072671,S2-995273290,,False,Transport Industrial Private Limited,Transp0rt-Limited Private Industrial,"Rajasthan, R-407-A, Mandia Road, Rajasthan, Pali. Pali.","R-407-A, MANDIA ROAD, PALI. PALI., राजस्थान"
false_negative,blocking_miss,S1-236303006,S3-716626676,,False,"Prime Express Mining, PC","Prime Express Mining, Inc","Tarboro, NC, 4390 Mckendree Church Road","004390 Mckendree Church Rd, Tarboro, North Carolina"
false_negative,blocking_miss,S1-815324736,S3-257051907,,False,Dream Management Pvt Ltd,Yumavioriza,"Syno.48/4, Maruthi Estate, Thigalarapalaya Main Road, Bangalore North, Bangalore, Karnataka","Syno.48/4, Bangalore, KA"
false_negative,text_variation_or_ambiguous,S1-34764587,S2-246411585,0.053351597612274725,True,Milam Dynamic LLC,Milam LLC Center,"CA, Unit UNIT A, 2021 Campus Avenue, Ontario","CAMPUS AVE, ONTARO, CA"
false_negative,blocking_miss,S1-34764587,S2-589738597,,False,Milam Dynamic LLC,Gildzetajax,"CA, Unit UNIT A, 2021 Campus Avenue, Ontario","021 CAMPUS AVENUE, ONTARO, CA"
false_negative,numeric_conflict,S1-34764587,S2-696492787,0.07572962011882782,True,Milam Dynamic LLC,Milam Dynac LLC - 5522582377,"CA, Unit UNIT A, 2021 Campus Avenue, Ontario","021 CAMPUS AVENUE, ONTARO, CA"
false_positive,missing_address,S1-226799398,S3-602683534,0.7589726828182762,True,Midwest Sony,Midwest Sóny,"716 Cherokee Mountain Road, Jonesborough, TN",
false_negative,text_variation_or_ambiguous,S1-617357564,S3-181925270,0.612711330837409,True,Dasontech Newbury,Dasontech Newbury Co,"1306 River Road, Potsdam, NY","River Road, Norwood, New York"
false_negative,text_variation_or_ambiguous,S1-617357564,S3-307255884,0.5334597172638849,True,Dasontech Newbury,Dasontech Newbury,"1306 River Road, Potsdam, NY","River Road, Norwood, New York"
false_negative,blocking_miss,S1-773961437,S2-662142325,,False,Rader Desert Automotive Associates,Rader Desert Automotive,"10586 Tinsbloom Mill Lane, King George County, VA",
false_negative,blocking_miss,S1-850610107,S2-862241925,,False,Scholarship Center,Scholarship Center Inc.,"2178 Poe Avenue, Hempstead, NY","NY, EAST MEADOW, 217 POE AVENUE"
false_positive,text_variation_or_ambiguous,S1-460037388,S2-214475186,0.9918684399922638,True,Auran Japan Inc.,Aurin Japan Inc.,"104 County Rd 169, Athens, TN","104 COUNTY RD 169, ATHENS, TN"
false_negative,similar_address_different_name,S1-395629299,S2-616598083,0.013184505628341414,True,Teliia Resources LLC,Ariawex,"25 Phillip Avenue, Burlington, MA","25-27 PHILLIP AVE, BURLINGTON, MA"
false_negative,blocking_miss,S1-209781465,S2-102630184,,False,Aditya Technologies Private Limited,ஆதித்யா டெக்னாலஜீஸ் பிரைவேட் லிமிடெட்,"2Nd Floor, Plot No.1658, 2Nd Main Road Poombugar Nagar, Kolathur, Chennai, Tamil Nadu","2ND FLOOR, CHENNAI CITY REGION, CHENNAI, Tamil Nadu"
false_negative,blocking_miss,S1-209781465,S3-568696255,,False,Aditya Technologies Private Limited,ஆதித்யா டெக்னாலஜீஸ் பிரைவேட் லிமிடெட்,"2Nd Floor, Plot No.1658, 2Nd Main Road Poombugar Nagar, Kolathur, Chennai, Tamil Nadu","No 2Nd Floor, Chennai, TN"
false_negative,text_variation_or_ambiguous,S1-875902160,S3-327998180,0.6639849841308392,True,Wegner Elm Inc,Wegner Elm Incorporated,"46030 Crosby Road, Unit Lot 12, Bay Minette, AL","Alabama, Bay Minette, Crosby Rd"
false_negative,numeric_conflict,S1-791647367,S2-700442959,0.49407060459241825,True,Mays Patriot Owl,Mays Patriot Owl Co,"656 Joyce Drive, Garland, TX","81 JOYCE DRIVE, GARLAND, TX"
false_negative,blocking_miss,S1-791647367,S3-246979111,,False,Mays Patriot Owl,mpowl.com,"656 Joyce Drive, Garland, TX","Joyce Dr, Garland, Texas"
false_positive,text_variation_or_ambiguous,S1-11910817,S2-915885400,0.9731389947480761,True,Hawkins Keystone Group,Carter Keystone Group,"34 A Shattuck Street, Pepperell, MA","34 A SHATTUCK STREET, PEPPERELL, MA"
false_negative,text_variation_or_ambiguous,S1-215629898,S2-586070805,0.6247071945938645,True,Momin Ace Optics LLC,MOMIN ACE OTIPBSC LLC #48630,"135 530, Hurricane City, UT","530, HURRICANE CITY, UT"
false_negative,numeric_conflict,S1-926796247,S2-21632332,0.6615446290311532,True,Novium Seafood LLC,NOVIUM LLC SERVICE,"4511 Albany Avenue, Chicago, IL","04511 ALBANY AVE, CHICAGO, IL"
false_negative,numeric_conflict,S1-573005027,S2-509473061,0.0212914373855927,True,Cascade Crystal Studios LLC,Llc Cascade Crystal Studios,"861 Burnham Drive, Unit E, University Park, IL","161 BURNHAM DR, INCORPORATED, IL"
false_negative,blocking_miss,S1-573005027,S2-578856710,,False,Cascade Crystal Studios LLC,Cascade Crystal LLC  Partners,"861 Burnham Drive, Unit E, University Park, IL","BURNHAM DRIVE, UNIVERSITY PARK, IL"
false_negative,blocking_miss,S1-573005027,S3-331634337,,False,Cascade Crystal Studios LLC,Cascade-Crystal,"861 Burnham Drive, Unit E, University Park, IL","Illinois, Burnham Dr, # E, Incorporated"
false_negative,missing_address,S1-573005027,S3-680777083,0.5645793250088569,True,Cascade Crystal Studios LLC,Cascade Crystal  Studios LLC,"861 Burnham Drive, Unit E, University Park, IL",
false_negative,blocking_miss,S1-222488946,S2-390560186,,False,Oncology Medicine,LUMORBI,"3665 Midway Drive, Whiteville, NC","3665-A MIDWAY DR, WHITEVILLE, NC"
false_negative,missing_address,S1-265030177,S2-183997504,0.5823100567980746,True,Schoenborn & Parker Toyo Center,schoenborn & parker toyo center,"313 Naset Drive, Georgetown, TX",
false_negative,text_variation_or_ambiguous,S1-811946865,S2-797720053,0.3780486425743914,True,Sreenivas Public School,5reenivas School (Cénter),"Shop No. 1, Kharedi-Vikri Sangh, Near Lal Godown, Ganjgolai, Latur, Maharashtra","SHOP NO. 1, KHAREDI-VIKRI SANGH, NEAR LAL GODOWN, GANJGOLAI, LATUR, Maharashtra"
false_negative,blocking_miss,S1-811946865,S3-382555136,,False,Sreenivas Public School,Mr sreenivaspublicschool.com #69064,"Shop No. 1, Kharedi-Vikri Sangh, Near Lal Godown, Ganjgolai, Latur, Maharashtra","Shop No. 1, Latur, Pune, MH"
false_negative,blocking_miss,S1-378553275,S2-717748687,,False,Lakshmi Estate Private Limited,Smt Lakshmi Estate Private,"Shop No. 63 Vivekanand, Plaza Pwd Stores, Limbdi, Surendra Nagar, Gujarat","DOOR NO 63 VIVEKANAND, PLAZA PWD STORES, LIMBDI, Gujarat"
false_negative,blocking_miss,S1-378553275,S3-606825137,,False,Lakshmi Estate Private Limited,લક્ષ્મી એસ્ટેટ પ્રાઇવેટ લિમિટેડ,"Shop No. 63 Vivekanand, Plaza Pwd Stores, Limbdi, Surendra Nagar, Gujarat","#6-3 Vivekanand, Plaza Pwd Stores, Limbdi, Surendra Nagar, GJ"
false_negative,similar_address_different_name,S1-970836166,S3-656540541,0.5310734365141384,True,Trusted Transit Industries,Quotavo,"825 Maxwelton Drive, Des Moines, IA","825 Maxwelton Drive, Des Moines, Iowa"
false_negative,blocking_miss,S1-201404788,S3-823516740,,False,Palakkad Chits Pvt Ltd,Palakkad Pvt Ltd Services,"14/178/1, Anuradha Kavu Street, Shekaripuram, Palakkad, Kerala","14/178/1, Palakkad, KL"
false_negative,text_variation_or_ambiguous,S1-341307795,S3-155133113,0.36296797235646,True,Dhar Online (India) LLP,Dhar Online Online LLP Service,"Shop No.2, K.G.N. Building, Rajeev Gandhi Road Zat Pat Colony, New Vaibhav Nagar, Belgaum, Karnataka","Belgaum, Shop No.2/4, ಕರ್ನಾಟಕ"
false_negative,text_variation_or_ambiguous,S1-341307795,S3-910750918,0.5617859892647196,True,Dhar Online (India) LLP,Dhar Online LLP Services,"Shop No.2, K.G.N. Building, Rajeev Gandhi Road Zat Pat Colony, New Vaibhav Nagar, Belgaum, Karnataka","2/4, New Vaibhav Nagar, KA"
false_negative,text_variation_or_ambiguous,S1-66108976,S2-103746506,0.19000068551212665,True,"Gwenore N. Miller, L.C.S.W.","Gwenore N. Mcllbb,r L.C.S.W.","189 81, Goodwater, AL","18 81, GOODWATER, AL"
false_negative,missing_address,S1-700038247,S3-141815082,0.5645793250088569,True,Sagacious Institute of Technology Private Limited,Sagacious Institute of-Technology Private-Limited,"Mumbai, Maharashtra, Mumbai City, Flat No. 2101, Evershine Millennium Paradise 48, Thakur Village, Kandivali East",
false_negative,blocking_miss,S1-206109373,S2-304442342,,False,Sky Consultants Private Limited,skyconsultants.com,"Ghaziabad, Uttar Pradesh, Plot No D-60, Kaushambi","PLOT NO D-B3/60, KAUSHAMBI, GHADIABAD, Uttar Pradesh"
false_negative,numeric_conflict,S1-206109373,S3-71365666,0.22069425688408145,True,Sky Consultants Private Limited,Sky Consultants Private,"Ghaziabad, Uttar Pradesh, Plot No D-60, Kaushambi","Ghaziabad, Plot No D-59, UP, Kaushambi, Ghaziabad"
false_negative,numeric_conflict,S1-882718514,S3-67962106,0.6897396177204944,True,Jodhpur Marble Pvt Ltd,Pvt Jodhpur Márb1e Ltd,"19, Malviya Nagar, Golf Course Area, Air Force Area, Jodhpur, Rajasthan","1-9, Malviya Nagar, Golf Course Area, Air Force Area, Jodhpur, RJ"
false_negative,similar_name_different_address,S1-270669851,S2-960809522,0.523079508055674,True,Advanced Technical Partners Inc,Advanced Technical Partners,"N5097 21st Drive, Town Of Springwater, WI","WILD ROSE, WI, N5097 21ST DR"
false_negative,blocking_miss,S1-270669851,S3-826623460,,False,Advanced Technical Partners Inc,Advanced  Technical,"N5097 21st Drive, Town Of Springwater, WI","N5097 21nd Dr, NULL, Town Of Springwater, Wisconsin"
false_negative,blocking_miss,S1-659051310,S2-950679082,,False,Family Health L.L.C.,Fami1y Health Llc,"10100 Montgomery Road, Cincinnati, OH","10100 Montgomery Rd, CINCINNAATI CITY, OH"
false_negative,text_variation_or_ambiguous,S1-866219050,S3-511887587,0.3058714573896529,True,Varish & Brothers Associates,Varish +,"Sen-Releigh Road, Apcar Garden Beside Axis Bank, Asansol, Bardhaman, West Bengal","Sen-releigh Road, Asansol, N/A, Bardhaman, WB"
false_negative,missing_address,S1-683716404,S3-51602975,0.593889989782411,True,Beil National Madison Center,Beil National Madison Center Inc,"1079 15th Avenue, Hickory, NC",
false_positive,text_variation_or_ambiguous,S1-425706520,S3-636416892,0.8088415315245824,True,Eka Welfare Society,Eka Welfare Society Ventures,"Mumbai, 35E Shree Laxmi Vijay Industrial Premises Co-Opsoc Ltd Laxmi Industrial Estate New Link Rd, Andheri W, Mumbai City, Maharashtra","No 44E Shree Laxmi Vijay Industrial Premises Co-opsoc Ltd Laxmi Industrial Estate New Link Rd, Andheri W, Mumbai (SUBURBAN), Mumbai City, MH"
false_negative,numeric_conflict,S1-445912688,S3-378475291,0.2864464183292167,True,"Lodyntech, LLC","... Lodyntech, LLC Center","2405 Ricketts Street, Sherman, TX","405 Ricketts St, Sherman, Texas"
false_negative,similar_name_different_address,S1-164452511,S3-220343375,0.07377645255928811,True,Atoz Foundation,Atoz Foundation Ltd,"1St Floor, Above Bahubali Metals, I B Patel Road, Goregaon East, Mumbai, Mumbai City, Maharashtra","Floor, Bombay, महाराष्ट्र"
false_negative,similar_name_different_address,S1-164452511,S3-813106461,0.07377645255928811,True,Atoz Foundation,Atoz Foundation LLP,"1St Floor, Above Bahubali Metals, I B Patel Road, Goregaon East, Mumbai, Mumbai City, Maharashtra","Floor, Bombay, महाराष्ट्र"
false_negative,blocking_miss,S1-478172140,S2-270910802,,False,Raj Hospitality,ରାଜ ହସ୍ପିଟାଲିଟି,"Plot No - 318 Saheed Nagar, Bhubaneswar, Khordha, Orissa","PLOT NO - 518 SAHEED NAGAR, KHORDHA, BHUBANESWAR, Orissa"
false_negative,blocking_miss,S1-94332645,S2-506546177,,False,FTP Pumps Center,ftppumpscenter.com,"Gf-4, Yogi Complex Sama Road, Vadodara, Gujarat","GF-04, YOGI COMPLEX SAMA ROAD, VADODARA, Gujarat"
false_negative,blocking_miss,S1-94332645,S2-652191196,,False,FTP Pumps Center,FTP Center Services,"Gf-4, Yogi Complex Sama Road, Vadodara, Gujarat","GF-04, YOGI COMPLEX SAMA ROAD, VADODARA, Gujarat"
false_negative,numeric_conflict,S1-823316344,S2-968797229,0.7404210416623468,True,A Royal West,A Royal West LP,"304 B Street, Lafayette, AL","04 B ST, LAFAYETTE, AL"
false_negative,blocking_miss,S1-375851203,S3-278268615,,False,"Superior Media Partners, Inc","Superior Mmsda Partners, Inc","488 Denwood Court, Gahanna, OH","488 Denwood Ct, Gahanna, Ohio"
false_negative,blocking_miss,S1-424307888,S3-163396692,,False,1 800 Movers,1 800 Móvers,"3680 122, Martin, KY",
false_negative,blocking_miss,S1-364105634,S2-12609559,,False,Lique American LP,Lique [American],"3408 Princeton Avenue, Spokane, WA",
false_negative,blocking_miss,S1-364105634,S3-506069255,,False,Lique American LP,Lique American,"3408 Princeton Avenue, Spokane, WA",
false_negative,blocking_miss,S1-389053448,S2-959664021,,False,Reliable Innovative Auto LLC,RELIABLE  AUTO LLC SERVICE,"1270 Peachtree Street, Unit 19D, Atlanta, GA","PEACHTREE ST, ATLANTA, GA"
false_negative,blocking_miss,S1-384213526,S3-583155650,,False,Lee's Apex Advertising,leesapexadvertising.com,"9 Branberry Drive, Westerly, RI","9 Branberry Dr, Westerly, Rhode Island"
false_negative,blocking_miss,S1-384213526,S3-834284922,,False,Lee's Apex Advertising,Lee'S Apex Center,"9 Branberry Drive, Westerly, RI","9 Branberry Dr, Westerly, Rhode Island"
false_negative,blocking_miss,S1-378562753,S3-144217696,,False,Vadodara Space Private Limited,vadodaraspace.com,"Room No. 1, Ground Floor, Akbar Khan Complex Kagdiwada, Raopura Post, Vadodara, Gujarat","No. 990 Room No. 1, Vadodara, GJ"
false_positive,text_variation_or_ambiguous,S1-298361060,S3-240146455,0.7997564163886093,True,ITN Travels,ITN Travels Private Limited,"9-1-224/A/34/5/J Prashant Nagar, Langer House, Hyderabad, Telangana","Door No 9-1-224/A/34/26/J Prashant Nagar, Hyderabad, Langer House, Hyderabad, TG"
false_negative,blocking_miss,S1-358368174,S3-916854409,,False,Internal Medicine Care LLC,Internal Internal Medicine Care LLC,"18 Riviera Drive, Gates, NY","18 Riviera Dr, Rochester, New York"
false_negative,blocking_miss,S1-358368174,S3-946899857,,False,Internal Medicine Care LLC,Internal Medicine,"18 Riviera Drive, Gates, NY","18 Riviera Dr, Gates, New York"
false_negative,missing_address,S1-171764948,S2-227626638,0.4717660973361124,True,Moore Signs Inc,Moore  Signs,"3711 Jump Off Road, Sewanee, TN",
false_negative,blocking_miss,S1-265874898,S3-354358120,,False,Impex & Co,Impex & C0,"Shri Harikshetram, 9Thcrs, Nr Madhavan Park, Bangalore, 418, Karnataka, Bangalore South","Block E-84- 418, Bangalore South, Bangalore, KA"
false_negative,blocking_miss,S1-265874898,S3-661156905,,False,Impex & Co,Impex & Company,"Shri Harikshetram, 9Thcrs, Nr Madhavan Park, Bangalore, 418, Karnataka, Bangalore South",
false_negative,blocking_miss,S1-184237774,S3-740892438,,False,HW Hospitality Private Limited,Belonex,"No. 56/C, 5Th Main Malleshpalya, New Thippasandra, Bangalore, Karnataka","No. 56/C, 5Th Main Malleshpalya, New Thippasandra, Bangalore, Karnataka"
false_negative,blocking_miss,S1-415711083,S3-87802533,,False,Maris Lawrence Recruiting Inc,Maris Lawrence Inc Center,"226 Frank Street, Bridgeport, CT",
false_negative,blocking_miss,S1-243179454,S2-939389713,,False,Choice Genomic Alliance,CHOICE-GENOMIC ALCBLINEC,"222 Fall Creek Drive, Branson, MO","FALL CREEK DR, BRNSON, MO"
false_negative,blocking_miss,S1-449675451,S3-959657292,,False,Primary Care Associates LLC,Primary Care Associates Llc Enterprises,"8332 Madison Avenue, Kansas City, MO",
false_negative,numeric_conflict,S1-987769431,S2-919254452,0.31396820623358646,True,Kriste Adams Capital LLC,Kriste Adams,"Unit Unit 5, 130 Glenwood Avenue, NY, Yonkers","00130 GLENWOOD AVE, YONKERS, NY"
false_negative,numeric_conflict,S1-987769431,S3-345710705,0.19471556982070434,True,Kriste Adams Capital LLC,Kriste-Adams Capital,"Unit Unit 5, 130 Glenwood Avenue, NY, Yonkers","Glenwood Ave, PMB 8706, Yonkers, New York"
false_negative,blocking_miss,S1-884426828,S2-913539111,,False,Hunger Trust,hungertrust.com,"22 Lois Street, North Adams, MA","#22 LOIS STREET, NULL, NORTH ADAMS, MA"
false_negative,blocking_miss,S1-834014696,S3-362656246,,False,G & K Fargo,G K Fargo (Center),"11655 850th Avenue, Granite Falls, MN","850th Ave, Granite Falls, Minnesota"
false_negative,text_variation_or_ambiguous,S1-890526871,S2-331759563,0.6436346131120972,True,Om Energy Pvt Ltd,Pvt Om Energy Limited,"222 2Nd Floor Nit Layoutopp United Western Bank Trimurti Nagar, Nagpur, Maharashtra","222/4 2ND FLOOR NIT LLYOUTOPP UNITED WESTERN BANK TRIMURTI NAGAR, NAGPUR, Maharashtra"
false_negative,blocking_miss,S1-83009936,S3-546683805,,False,Anchor Delta Trust Inc,Anchor Trust Inc Services,"22240 Tiller Trail Highway, Days Creek, OR","22240c Tiller Trail Highway, Daays Creek, Oregon"
false_negative,blocking_miss,S1-167358440,S3-426589346,,False,Solutions Sg Technology Private Limited,@solutionssg,"South Delhi, Kh-331, Gali No.9-A Indra Park, Palam Colony, Near Mangal Ba, Zar, Rz-26P/54, Delhi, New Delhi","Rz-26p/54, South Delhi, New Delhi, DL"
false_negative,missing_address,S1-704626065,S2-23487273,0.5823100567980746,True,Newtech Leasing,NEWTECH LEASING,"118/1, Rajiv Nagar, Semmandampalayam Road, Kangeyam, Erode, Tamil Nadu",
false_negative,blocking_miss,S1-189992826,S3-803143058,,False,Torres and Mattocks,Matkcs and Torres,"1625 Fielden Store Road, New Market, TN","001625 Fielden Store Road, New Market, Tennessee"
false_negative,numeric_conflict,S1-189992826,S3-81970339,0.74206209556991,True,Torres and Mattocks,Torres And Mattocks Inc.,"1625 Fielden Store Road, New Market, TN","001625 Fielden Store Road, New Market, Tennessee"
false_negative,blocking_miss,S1-327056588,S2-730892019,,False,Golden Wireless Worldwide LLC,Golden Worldwide LLC Center,"15 4th Street, Unit 212, Cincinnati, OH","15 4RD ST, CINCINNATI, OH"
false_negative,similar_name_different_address,S1-702519411,S3-887405061,0.7233056429730068,True,Charette Best British Inc,Charette Best-British,"OR, Roseburg, 422 Manzanita Court","Manzanita Ct, Roseburg, Oregon"
false_negative,blocking_miss,S1-686547585,S2-58403697,,False,Valley Charter School Inc,VALLEY CHARTER CHARTER SCHOOL,"1838 Manor Haus Court, Goshen, IN",
false_negative,blocking_miss,S1-686547585,S2-995603389,,False,Valley Charter School Inc,Valley Charter School Inc Council,"1838 Manor Haus Court, Goshen, IN","MANOR HAUS CT, INCORPORATED, IN"
false_negative,blocking_miss,S1-686547585,S3-243816574,,False,Valley Charter School Inc,Valley Charter  Sch0ol Inc,"1838 Manor Haus Court, Goshen, IN","Manor Haus Ct, Goshen, Indiana"
false_positive,text_variation_or_ambiguous,S1-710186728,S2-440498950,0.815278058229317,True,Patna Solutions Private Limited,Patna Solutions Private Ltd,"Bihar, New Yarpur Ps-Gardanibagh, Patna","NAYA TOLA SARISTABAD, NEAR SANTI PATH GARDANIBAGH, PATNA, Bihar"
false_positive,text_variation_or_ambiguous,S1-710186728,S2-99428420,0.8002723038248809,True,Patna Solutions Private Limited,Patna Solutions Private Ltd,"Bihar, New Yarpur Ps-Gardanibagh, Patna","NAYA TOLA SARISTABAD, NEAR SHANTI PATH GARDANIBAGH, PATNA, Bihar"
false_negative,blocking_miss,S1-877526319,S2-149293199,,False,Green Solutions Private Limited,ग्रीन सॉल्यूशंस प्राइवेट लिमिटेड,"Roop Shree Plaza, Opp, Sbi Sunderwas, Main Road, Girwa, Udaipur, Rajasthan","UDAIPUR, ROOP SHREE PLAZA, Rajasthan, GIRWA"
false_negative,missing_address,S1-41992073,S3-315852545,0.5645793250088569,True,Triune Films Ltd,Triune Films [Ltd],"1 Shakti Nivas, 7Th Kasturba Road, Near Yashwant Shopping Centre, Borivlai East, Mumbai, Maharashtra",
false_negative,blocking_miss,S1-192707175,S2-148598885,,False,All Logistics Pvt Ltd,All Pvt Ltd Center,"A-27, Midc, Ahmednagar, Maharashtra","A-27 , MIDC, महाराष्ट्र"
false_negative,blocking_miss,S1-192707175,S2-541222407,,False,All Logistics Pvt Ltd,Shri All Lohgitics Pvt  Ltd,"A-27, Midc, Ahmednagar, Maharashtra","A-27 , MIDC, महाराष्ट्र"
false_negative,blocking_miss,S1-192707175,S3-828923610,,False,All Logistics Pvt Ltd,ऑल लॉजिस्टिक्स प्रा. लि.,"A-27, Midc, Ahmednagar, Maharashtra","Ahilyanagar, महाराष्ट्र, A-27, Midc"
false_negative,blocking_miss,S1-563737393,S3-603589341,,False,Empee Chits Pvt Ltd,Empee Chits Pvt,"Property No. 74, Ground Floor, Gali No 1, Govindpuri, Kalkaji, New Delhi, South West Delhi, Delhi",
false_negative,missing_address,S1-537172601,S3-496259211,0.5645793250088569,True,PXT Mutual Limited,PXT Mutual-Limited,"4, Dr, Guruswamy Roadvasanth Apts Chetpet, Chennai, Tamil Nadu",
false_negative,missing_address,S1-524557221,S2-574507452,0.5823100567980746,True,Toniia Choice Cyber LLC,Toniia Choice Cyber  LLC,"23 Fairhill Road, Clifton Park, NY",
false_negative,blocking_miss,S1-610811004,S3-245177449,,False,WLV Nursing Partners,WLV Nsing Partners,"166 Kalyan Vihar Opp. Rana Partap Bagh, Delhi, North Delhi, Delhi",
false_negative,blocking_miss,S1-610811004,S3-31900665,,False,WLV Nursing Partners,WLV Nursing Patrnrles,"166 Kalyan Vihar Opp. Rana Partap Bagh, Delhi, North Delhi, Delhi",
false_negative,similar_address_different_name,S1-610811004,S3-507977653,0.284281487108321,True,WLV Nursing Partners,Viodrexgild,"166 Kalyan Vihar Opp. Rana Partap Bagh, Delhi, North Delhi, Delhi","166 Kalyan Vihar Opp. Rana Partap Bagh, Delhi, North Delhi, Delhi"
false_negative,blocking_miss,S1-60512002,S3-461708823,,False,East Frontier Dominion LLC,Aviwexquo,"9326 Mineral-koleen Road, Owensburg, IN","9326 Mineral-Koleen Road, Owensburg, Indiana"
false_negative,blocking_miss,S1-237449218,S2-877346052,,False,Womens Health Delta Medicine Inc,Korveolum,"1019 Winnett Drive, Waxhaw, NC","WAXHAW, 1019 WINNETT DRIHE, NC"
false_negative,blocking_miss,S1-436280889,S3-857949146,,False,Royal Estate Private Limited,రాయల్ Estate Private Limited,"4-1-356/A-2-Ff/101, Hanuman Tekadi, Abids, Hyderabad, Telangana","4-1-356/A-2-Ff/101, Hyderabad, TG"
false_negative,blocking_miss,S1-395110709,S3-40371856,,False,Great Enterprises Limited,Great Enterprises,"154, West T.V. Samy Road, R.S. Puram, Coimbatore, Tamil Nadu",
false_negative,text_variation_or_ambiguous,S1-395110709,S3-635373892,0.7459596059995646,True,Great Enterprises Limited,Ltd Great Énterprises,"154, West T.V. Samy Road, R.S. Puram, Coimbatore, Tamil Nadu","154, West T.v. Samy Road, R.s. Puram, Coimbatore, தமிழ்நாடு"
false_positive,text_variation_or_ambiguous,S1-731055514,S2-207755796,0.9314580026162441,True,Pethtel Medical Center,Dental Medicine,"1218 Airglades Drive, Arnold, MO","1218 AIRGLADES DRIVE, ARNOLD, MO"
false_negative,text_variation_or_ambiguous,S1-731055514,S2-59836303,0.7152476316766053,True,Pethtel Medical Center,Pethtel Medical,"1218 Airglades Drive, Arnold, MO","ARNOLD, MO, 1219B AIRGLADES DR"
false_negative,blocking_miss,S1-556781974,S2-401711683,,False,Birch,BIRCH-LP,"1686 39, Arcade, NY","1686 39, PO BOX 6781, ARCADE, NY"
false_negative,blocking_miss,S1-556781974,S3-206893660,,False,Birch,Birch,"1686 39, Arcade, NY","1686 39, PO Box 9181, Arcade, New York"
false_negative,text_variation_or_ambiguous,S1-815102764,S2-740357112,0.5450667658020987,True,Red Book Store Associates,RED BOOK STORE SERVICES,"14815 Coon Road, Winnie, TX","14815-14819 COON RD, WINNIE, TX"
false_negative,numeric_conflict,S1-906047101,S2-354953965,0.07601304355451359,True,Urgent Care Creative Specialists LLC,Urgent Care Creative Creative Specialists,"5867 Chipwood Court, Elkridge, MD","MD, 586 CHIPWOOD CT, ELKRIDGE"
false_negative,numeric_conflict,S1-906047101,S2-851477075,0.3131662316694524,True,Urgent Care Creative Specialists LLC,URGENT CARE CREATIVE SPECIALISTS [L.L.C.],"5867 Chipwood Court, Elkridge, MD","5510 CHIDWOOD CT, ELKRIDGE, MD"
false_negative,blocking_miss,S1-615291988,S2-619707505,,False,Red Massage,Red Massage LP,"17804 Powder Creek Drive, Manor, TX","017804 POWDER CREEK DR, MANOR, TX"
false_negative,blocking_miss,S1-321236947,S3-623289245,,False,Precision Pebblebrook PLLC,Precision Pebblebrook,"Valdese, 4270 Berry School Avenue, NC",
false_negative,blocking_miss,S1-375774827,S2-445615153,,False,Sique Allied Newtekone,siquealliednewtekone.com,"10262 35, Tyler, TX","10262- 35, PMB 1803, TYLRE CITY, TX"
false_negative,blocking_miss,S1-639708245,S3-750588153,,False,Annapurna Traders Private Limited,Tavonyla,"Darshan Park, S No 116, Mohanwadi, Fl No 5, Pune City, Pune, Maharashtra","Darshan Park, Pune, Pune City, महाराष्ट्र, S No 116, Mohanwadi, Fl No 5"
false_negative,blocking_miss,S1-998531872,S3-262339346,,False,Eye Liberty Partners Inc.,Eye Partners  Inc. Center,"4605 Saratoga Place, Huber Heights, OH","Saratoga Pl, Huber Heights, Ohio"
false_negative,blocking_miss,S1-725780987,S3-550799070,,False,Tristar Facility Private Limited,Tristar Facility Limited Center,"Mandlik House Mandlik Road, Colaba, Mumbai, Mumbai City, Maharashtra","Mandlik House Mandlik Road, Colaba, Bombay, Mumbai City, MH"
false_negative,text_variation_or_ambiguous,S1-561176954,S3-535900944,0.48775755924975434,True,Harsh Engineering Pvt Ltd,Harsh Engineering Pvt Limited Limited,"Washim, Maharashtra, Bal Samudra Near Hanuman Mandir Shukrawar Peth","#823 Bal Samudra Near Hanuman Mandir Shukrawar Peth, Washim, MH"
false_negative,numeric_conflict,S1-673732466,S3-130874180,0.07017591009676477,True,Imarat Electroplaters Private Limited,Imarat Private Limited [Partners],"G. No. 135, Pension Pura, Mhow, Indore, Madhya Pradesh","G. No. 00135, Pension Pura, Mhow, Harsola, MP"
false_negative,numeric_conflict,S1-673732466,S3-210903241,0.012726968332851831,True,Imarat Electroplaters Private Limited,Imarat Electroplaters [Private],"G. No. 135, Pension Pura, Mhow, Indore, Madhya Pradesh","G. No. 00135, Mhow, Harsola, मध्य प्रदेश"
false_negative,blocking_miss,S1-944020076,S2-61313808,,False,Coastal Endocrinology LLC,Coastal Endocrinology,"87 Gagama Court, Brevard, NC",
false_negative,blocking_miss,S1-944020076,S3-766450746,,False,Coastal Endocrinology LLC,Coasta1endocrinology.Com,"87 Gagama Court, Brevard, NC","North Carolina, Gagama Ct, Brevard"
false_negative,similar_address_different_name,S1-850270580,S3-371545781,0.6201027780564724,True,Adams & Saffer Inc,#adams,"16113 Northup Way, Bellevue, WA","16113-16117 Northup Way, Bellevue, Washington"
false_positive,numeric_conflict,S1-561889616,S3-781772625,0.8797988714705549,True,Metropolitan Preferred Cloud Partners,Metropolitan Preferred Cloud Partners Partners,"23233 173rd Place, Woodinville, WA","23238 173rd Pl, Woodinville, Washington"
false_negative,missing_address,S1-558932470,S3-37476302,0.29610294073764976,True,Leacock Kpet Inc,Leacock Inc Services,"11681 Block School Road, Prattsburgh, NY",
false_negative,similar_address_different_name,S1-360709028,S2-766084490,0.23346365890539109,True,Bharat Lab Ltd,Syntávoxylo,"Delhi, New Delhi, 1597 Madarsa Road Kashmiri Gate, North Delhi","Delhi, NORTH DELHI, H.NO 1597. MADARSA ROAD KASHMIRI GATE, NEW DELHI"
false_negative,text_variation_or_ambiguous,S1-498706985,S3-911420266,0.6276782947831293,True,"Miller, Mason & Bauer PC","Miller, Mason + Bau PC","Decatur, TN, 631 State Highway 304","Decatur, Tennessee, 63 State Highway 304"
false_negative,blocking_miss,S1-362550278,S2-466024820,,False,Brightent Synchrony Group,Brightent Brightent Synchrony [Group],"OH, 942 Honey Creek Drive, Fl 1, Columbus",
false_negative,text_variation_or_ambiguous,S1-760407098,S2-280975235,0.6903800041750189,True,"Covington Pet Care, Inc",petcare.com,"509 Ohio Street, Bicknell, IN","509 OHIO SAINT, BICKNLEL, IN"
false_negative,blocking_miss,S1-760407098,S3-158938127,,False,"Covington Pet Care, Inc",Vantagexylo,"509 Ohio Street, Bicknell, IN","09 Ohio St, Bicknlel, Indiana"
false_negative,blocking_miss,S1-760407098,S3-321798918,,False,"Covington Pet Care, Inc",Covington Pet,"509 Ohio Street, Bicknell, IN","09 Ohio Street, Bicknlel, Indiana"
false_negative,numeric_conflict,S1-760407098,S3-552925844,0.43820940254855034,True,"Covington Pet Care, Inc","Covington  Pet Care, Incorporated","509 Ohio Street, Bicknell, IN","09 Ohio Street, Bicknlel, Indiana"
false_negative,numeric_conflict,S1-760407098,S3-837740897,0.3305864105374967,True,"Covington Pet Care, Inc",Covington Pet,"509 Ohio Street, Bicknell, IN","09 Ohio Street, Bicknlel, Indiana"
false_negative,text_variation_or_ambiguous,S1-42544128,S3-648208716,0.262512839401374,True,Rocky Platinum Battery,rpbattery.com,"407 2nd Street, West Dundee, IL","407 2th St, N/A, West Dundee, Illinois"
false_negative,text_variation_or_ambiguous,S1-864432243,S3-239793784,0.7315842644746804,True,Patil Law Chambers Private Limited,Pati1 Law Chambers Limited Center,"144 Senthamarai Kannan Salai, Kottivakkam, Chennai City Corporation, Kanchipuram, Tamil Nadu","Kottivakkam, Chennai City Corporation, தமிழ்நாடு, Kanchipuram, 144 Senthamarai Kannan Salai"
false_negative,blocking_miss,S1-295997644,S2-505030601,,False,Shipping Agro Group,shippingagrogroup.com,"G-181, Sector 63 Noida Gautam Buddh Nagar, Noida, Gautam Buddha Nagar, Uttar Pradesh","PLOT 96 G-181, SECTOR 63 NOIDA GAUTAM BUDDH NAGAR, NOIDA, Uttar Pradesh"
false_negative,blocking_miss,S1-295997644,S2-976804578,,False,Shipping Agro Group,SHIPPIN6 AGRO,"G-181, Sector 63 Noida Gautam Buddh Nagar, Noida, Gautam Buddha Nagar, Uttar Pradesh","PLOT 96 G-181, SECTOR 63 NOIDA GAUTAM BUDDH NAGAR, NOIDA, Uttar Pradesh"
false_negative,text_variation_or_ambiguous,S1-462868297,S3-210180137,0.7240363873634892,True,Veena Wellness LLP,Veena Wellness Wellness,"Vibgyor Towers, Level 7 And 8 G Block C62, Bandra Kurla Complex, Bandr, Mumbai City, Suite # 713 (C), Maharashtra, Mumbai","No 661 Suite # 713 (C), Vibgyor Towers, Level 7 And 8 G Block C62, Bandra Kurla Complex, Bandr, Mumbai City, Mumbai, MH"
false_negative,blocking_miss,S1-903355632,S2-463940610,,False,Desert Ministries,DESERT MINISTRIES TRUST,"32 Broadway, North Hempstead, NY","32 BRTADWAY, null, NORTH HEMPSTEAD, NY"
false_positive,text_variation_or_ambiguous,S1-250067400,S2-321305088,0.8978030699134631,True,Universal Technologies Private Limited,Universal Téchnologies [LLP],"Malda, Vill. & P.O. Harishchandrapur (Tetul Bari), West Bengal","NO #94 VILL. & P.O. HARISHCHANDRAPUR (TETUL BARI), MALDA, West Bengal"
false_negative,blocking_miss,S1-505208267,S2-500696192,,False,West Blue Lightwave Inc,West  Blue Lightwave Inc - 3611066407,"317 Spring Trail, Town Of Rome, WI","317 SPRING TRL, NEKOSA, WI"
false_negative,blocking_miss,S1-505208267,S2-782962926,,False,West Blue Lightwave Inc,West Lightwave Inc Service,"317 Spring Trail, Town Of Rome, WI","NEKOSA, WI, 317 SPRING TRAIL"
false_negative,blocking_miss,S1-734164798,S2-610514057,,False,Webb Capital Partners Inc.,Webb Cápita1 Partners Inc.,"4650 New Prue Road, Sand Springs, OK","4650 1/2 NEW PRUE ROAD, SAN SPRINGS, OK"
false_negative,blocking_miss,S1-734164798,S3-233679098,,False,Webb Capital Partners Inc.,Onyxflux,"4650 New Prue Road, Sand Springs, OK","04650 New Prue Road, Sand Springs, Oklahoma"
false_negative,blocking_miss,S1-268952002,S3-795829304,,False,Megan's Cafe LLC,Megan's LLC Partners,"8155 Shiloh Drive, Beaumont, TX",
false_negative,text_variation_or_ambiguous,S1-516622532,S2-194545465,0.7149608072954063,True,Vel Advisors Pvt Ltd,M/s Vel Advisors  Pvt,"No: 77, Green Ways Road, Raja Annamalai Puram, Chennai, Tamil Nadu","PLOT ##824 NO: 77, GREEN WAYS ROAD, RAJA ANNAMALAI PURAM, Tamil Nadu"
false_negative,numeric_conflict,S1-455921550,S2-16722165,0.28421740211524765,True,Horizon Equity Inc,Horizon Inc Service,"28 One Well Road, Durant, OK","0028 ONE WELL RD, DURANT, OK"
false_negative,numeric_conflict,S1-455921550,S2-664944465,0.5243138393703722,True,Horizon Equity Inc,HORIZON EQUIDYT  INC,"28 One Well Road, Durant, OK","0028 ONE WELL RD, DURANT, OK"
false_negative,numeric_conflict,S1-455921550,S2-696808667,0.4448664908002334,True,Horizon Equity Inc,Horizon  Inc Services,"28 One Well Road, Durant, OK","0028 ONE WELL RD, DURANT, OK"
false_negative,similar_address_different_name,S1-411514689,S3-983667373,0.01781977096984296,True,Seify,Sayf,"6787 Cheryl Ann Drive, Seven Hills, OH","6787-6789 Cheryl Ann Drive, Seven Hills, Ohio"
false_negative,numeric_conflict,S1-820910356,S2-340610191,0.35686242904482723,True,National Alliance,National Alliance Inc.,"2129 Downing Lane, Unit 120, Leander, TX","1908 DOWNING LANE, LEANDER, TX"
false_negative,blocking_miss,S1-820910356,S3-700447323,,False,National Alliance,National Álliance District,"2129 Downing Lane, Unit 120, Leander, TX","2052 Downing Ln, PMB 5341, Leander, Texas"
false_negative,blocking_miss,S1-697120416,S2-360424107,,False,Vega Inc,Vega Inc0rporated,"55 Lance Drive, WI, Village Of Twin Lakes","55A LANCE DR, VILLAGE OF TWIN LAKES, WI"
false_negative,blocking_miss,S1-697120416,S3-470067369,,False,Vega Inc,Vega,"55 Lance Drive, WI, Village Of Twin Lakes","055 Lance Dr, Twin Lakes, Wisconsin"
false_negative,blocking_miss,S1-697120416,S3-768281719,,False,Vega Inc,Vega  Incorporated,"55 Lance Drive, WI, Village Of Twin Lakes","055 Lance Drive, Village Of Twin Lakes, Wisconsin"
false_negative,blocking_miss,S1-778495798,S2-180593292,,False,Super First Systems Private Limited,सुपर फर्स्ट सिस्टम्स प्राइवेट लिमिटेड,"302, Mayur Chs.Ltd., Bldg. No.123, D Wing, Tilak Nagar, Chembur, Mumbai, Mumbai City, Maharashtra","302, MUMBAI, Maharashtra"
false_negative,blocking_miss,S1-778495798,S2-220539704,,False,Super First Systems Private Limited,सुपर फर्स्ट सिस्टम्स प्राइवेट लिमिटेड,"302, Mayur Chs.Ltd., Bldg. No.123, D Wing, Tilak Nagar, Chembur, Mumbai, Mumbai City, Maharashtra","302, MUMBAI, MUMBAI CITY, Maharashtra"
false_negative,blocking_miss,S1-437050674,S2-614485468,,False,Lakshmi Projects Private Limited,लक्ष्मी प्रोजेक्ट्स प्राइवेट लिमिटेड,"Flat 187, Left Portion, Ground Floor, Blk- F Pkt 7A, Sec 16 Rohini, Landmark Main Road, Delhi, North West Delhi, Delhi","FLAT 00187, <NULL>, DELHI, NORTH WEST DELHI, Delhi"
false_negative,text_variation_or_ambiguous,S1-437050674,S2-629555747,0.650361037061213,True,Lakshmi Projects Private Limited,Lakshmi Pr0jects Prívate Limited,"Flat 187, Left Portion, Ground Floor, Blk- F Pkt 7A, Sec 16 Rohini, Landmark Main Road, Delhi, North West Delhi, Delhi","FLAT 00187, LEFT PORTION, GROUND FLOOR, BLK- F PKT 7A, SEC 16 ROHINI, LANDMARK MAIN ROAD, DELHI, <NULL>, Delhi"
false_negative,blocking_miss,S1-437050674,S3-214545055,,False,Lakshmi Projects Private Limited,Lakshmi Private Limited Services,"Flat 187, Left Portion, Ground Floor, Blk- F Pkt 7A, Sec 16 Rohini, Landmark Main Road, Delhi, North West Delhi, Delhi","Flat 87, Delhi, DL"
false_negative,text_variation_or_ambiguous,S1-46470385,S2-295220512,0.3292258671601162,True,Enex Dynamic Inc,Enex Dyanc Inc,"3317 12, Oxford, NY","331 12, OXFORD, NY"
false_negative,text_variation_or_ambiguous,S1-123197922,S2-250715193,0.2175408917768938,True,Dara & Sons Corporation,Keloonyx,"Rabindra Sarani, 145A, Howrah, West Bengal, Kolkata","145A, RABINDRA SARANI, KOLKATA, HOWRAH, West Bengal"
false_negative,blocking_miss,S1-528314394,S2-188384666,,False,Veterans Project Inc,Veterans Project Inc Council,"IL, 7990 First Street, Harristown","799 1ST ST, HARRISTOWN, IL"
false_negative,text_variation_or_ambiguous,S1-598794039,S2-731794021,0.7069959394543448,True,PE Dreams,PE Deridm,"Dudhaiya Industrial Estates V Road S.V.Road, Dahisar (East), Mumbai, Mumbai City, Maharashtra","DUDHAIYA INDUSTRIAL ESTATES V ROAD S.V.ROAD, DAHISAR (EAST), MUMBAI, Maharashtra"
false_negative,text_variation_or_ambiguous,S1-598794039,S2-88725366,0.5452749314288302,True,PE Dreams,PE Drtórs,"Dudhaiya Industrial Estates V Road S.V.Road, Dahisar (East), Mumbai, Mumbai City, Maharashtra","DUDHAIYA INDUSTRIAL ESTATES V ROAD S.V.ROAD, DAHISAR (EAST), MUMBAI, Maharashtra"
false_negative,text_variation_or_ambiguous,S1-598794039,S3-970508318,0.24178289848585047,True,PE Dreams,PE Dfgecas,"Dudhaiya Industrial Estates V Road S.V.Road, Dahisar (East), Mumbai, Mumbai City, Maharashtra","Dudhaiya Industrial Estates V Road S.v.road, Dahisar (East), Mumbai City, Bombay, MH"
false_negative,missing_address,S1-774836355,S3-206477047,0.5645793250088569,True,Bright Hotel LLC,BRIGHT HOTEL LLC,"18528 State Highway 66, Kellyville, OK",
false_negative,blocking_miss,S1-661472793,S3-439866651,,False,Orthopedic Health LLC,Orthopedic Health,"2643 Twin Ponds Path, Mayer, MN","002643 Twin Ponds Path, Mayer, Minnesota"
false_negative,missing_address,S1-692812192,S3-202726770,0.7095703076355108,True,Collins Creative Idea,Collins Idea Creative,"11400 Nootka Street, Sherwood, OR",
false_negative,text_variation_or_ambiguous,S1-896275403,S2-788680414,0.5754368961630106,True,Finance Advisors,Finance Service,"No.41, New No.50, Josier Street, Nungambakkam, Chennai, Tamil Nadu","NO.41, NEW NO.50, JOSIER STREET, NUNGAMBAKKAM, CHENNAI, Tamil Nadu"
false_negative,blocking_miss,S1-688136859,S3-669558207,,False,Maa Enterprises,Maa Enterprises  Ltd #43424,"S No 166Pune Sinhagad Road Nanded Phata, Pune, Maharashtra","S No 66Pune Sinhagad Road Nanded Phata, Pune, MH"
false_negative,blocking_miss,S1-397964871,S3-139109423,,False,Industrial Technical Collective Inc,Industrial Technical Collective Incorporated,"610 Park Avenue, Unit Apartment A10, Rochester, NY",
false_negative,similar_address_different_name,S1-939740584,S3-907967620,0.45808402924739267,True,Navigation,Solkor,"1725 Lakeport Street, Sioux City, IA","1725 Lakeport Street, Sioux City, Iowa"
false_negative,text_variation_or_ambiguous,S1-357005162,S2-304662904,0.16689319543685166,True,Bartel Newtekone,Bartel Services,"512 Clearview Avenue, Mesa, AZ","512 CLEARVIEW AVE, MESA FOUR PEAKS, AZ"
false_negative,blocking_miss,S1-362834485,S2-127834584,,False,Serna Pacific Citigroup LP,Serna Pacific Citigroup,"48 Elmhurst Court, Angier, NC",
false_negative,blocking_miss,S1-362834485,S3-606827171,,False,Serna Pacific Citigroup LP,Serna Pacific Citigr0up (LP),"48 Elmhurst Court, Angier, NC","North Carolina, Elmhurst Ct, Angieer"
false_negative,blocking_miss,S1-515356961,S2-639053204,,False,East Technology Private Limited,ईस्ट टेक्नोलॉजी प्राइवेट लिमिटेड,"Shop No 2, Ground Floor, Sai Namah, Plot No. 225, Panvel, Raigarh(Mh), Maharashtra","SHOP NO 2, PANVEL, RAIGARH(MH), महाराष्ट्र"
false_negative,blocking_miss,S1-515356961,S3-243733548,,False,East Technology Private Limited,East Technology प्राइवेट लिमिटेड,"Shop No 2, Ground Floor, Sai Namah, Plot No. 225, Panvel, Raigarh(Mh), Maharashtra","Shop No 2, Raigarh(mh), Panvel, MH"
false_negative,blocking_miss,S1-959515046,S3-761927334,,False,Guru & Brothers Pvt. Ltd.,Guru + Brotbhehsr Pvt. Ltd.,"C\Oamol Pathade, Saichatra, Niwasaptrang Soc, Rto, Peth, Niphad, Nashik, Maharashtra","C\oamol Pathtde, Niphad, MH"
false_positive,numeric_conflict,S1-516653301,S2-435335896,0.9789949027715017,True,Cardiology Clinic,Cardiology [Clinic],"2706 Parkwood Avenue, Baltimore, MD","2212 PARK AVE, BALTIMORE, MD"
false_negative,blocking_miss,S1-516653301,S3-94473979,,False,Cardiology Clinic,Cardiology Services,"2706 Parkwood Avenue, Baltimore, MD","#2706 Parkwood Avenue, Baltimore, Maryland"
false_negative,blocking_miss,S1-427274794,S3-9608608,,False,Fresh Materials Brands LLC,Services Fresh Brands LLC,"410 Barnhart Circle, Sacramento, CA","410-412 Barnhart Cir, Sacramento, California"
false_negative,blocking_miss,S1-886257615,S2-790457808,,False,Film Shipping Limited,Mr Film Shipping  [Limited],"Innov8 Millenia, 2Nd Floor, Rmz Millenia Businesspark, Saidapet, Kanchipuram, Tamil Nadu",
false_negative,similar_name_different_address,S1-886257615,S3-809027128,0.15606180738991682,True,Film Shipping Limited,Film Shipping Ltd,"Innov8 Millenia, 2Nd Floor, Rmz Millenia Businesspark, Saidapet, Kanchipuram, Tamil Nadu","Door No 402 Innov8 Millenia, Kanchipuram, Chennai, TN"
false_negative,script_variation,S1-247733893,S2-91493500,0.13249967350732147,True,New Hotel Infrastructure Private Limited,न्यू होटल इंफ्रास्ट्रक्चर प्राइवेट लिमिटेड,"Delhi, Plot No 51 Hasanpur, Patparganj, I.P. Extn, East Delhi, 301 3St Floor, Delhi","301 3ST FLOOR, THANE, दिल्ली, DELHI"
false_negative,blocking_miss,S1-247733893,S3-696733668,,False,New Hotel Infrastructure Private Limited,New Hobel Infrastructure Private Limited,"Delhi, Plot No 51 Hasanpur, Patparganj, I.P. Extn, East Delhi, 301 3St Floor, Delhi","3St Floor, East Delhi, DL"
false_negative,similar_name_different_address,S1-178691377,S3-232055451,0.6787737403677778,True,Alpha Jain International LLP,Alpha Jain International L.L.P.,"602, 6Th Main, 2Nd Cross, Hrbr Layout, Kalyan Nagar, Bangalore, Karnataka","602, ಕರ್ನಾಟಕ"
false_negative,blocking_miss,S1-178691377,S3-599555351,,False,Alpha Jain International LLP,ಆಲ್ಫಾ ಜೈನ್ ಇಂಟರ್‌ನ್ಯಾಷನಲ್ ಎಲ್ಎಲ್‌ಪಿ,"602, 6Th Main, 2Nd Cross, Hrbr Layout, Kalyan Nagar, Bangalore, Karnataka","602, Kalyan Nagar, KA"
false_negative,blocking_miss,S1-604865555,S3-993241687,,False,Epitome Multitrade Private Limited,Shri Epitome Multitrade Private-Ltd,"Ahmedabad, 317-318, Gujarat, Ahmadabad City, Pushpam Complex Opp. Seema Hall, 100 Ft. Road, Satellite",
false_negative,blocking_miss,S1-742286232,S2-943209286,,False,Legend Traders Partners,légendtraderspartners.com,"Plot No.6 Sindhura Colony Kapra, Secunderabad, Hyderabad, Telangana","C-6 SINDHURA COLONY KAPRA, SECUNDERABAD, SECUNDERABAD, తెలంగాణ"
false_negative,text_variation_or_ambiguous,S1-742286232,S3-733624932,0.053561559385788014,True,Legend Traders Partners,Deltacalovera Co,"Plot No.6 Sindhura Colony Kapra, Secunderabad, Hyderabad, Telangana","Secunderabad, Plot No.6 Sindhura Colony Kapra, Secunderabad, Telangana, Hyderabad"
false_negative,blocking_miss,S1-590316443,S2-248078641,,False,Hotel Industries LLP,ಹೋಟೆಲ್ ಇಂಡಸ್ಟ್ರೀಸ್ ಎಲ್ಎಲ್‌ಪಿ,"E-07, 7Th Floor, Solus Jain Heights, No2 1St Cross J C Road, Bangalore South, Bangalore, Karnataka","#946. E-07, BANGALORE SOUTH, BANGALORE, Karnataka"
false_negative,blocking_miss,S1-590316443,S2-321538710,,False,Hotel Industries LLP,ಹೋಟೆಲ್ ಇಂಡಸ್ಟ್ರೀಸ್ ಎಲ್ಎಲ್‌ಪಿ,"E-07, 7Th Floor, Solus Jain Heights, No2 1St Cross J C Road, Bangalore South, Bangalore, Karnataka","BANGALORE SOUTH, H.NO 946. E-07, Karnataka, BANGALORE"
false_negative,blocking_miss,S1-590316443,S3-823742477,,False,Hotel Industries LLP,Hotel  LLP Partners,"E-07, 7Th Floor, Solus Jain Heights, No2 1St Cross J C Road, Bangalore South, Bangalore, Karnataka","E-07, Bangalore South, Bangalore, KA"
false_negative,blocking_miss,S1-494440529,S3-76774542,,False,Shiva (India) Research Private Limited,shivaindiaresearch.com,"New Delhi, South West Delhi, Sector B 1, Vasa, Nt Kunj, Plot No.12 Local Shopping Complex, Delhi","Local Shopping Complex, South West Delhi, दिल्ली"
false_negative,blocking_miss,S1-494440529,S3-843007160,,False,Shiva (India) Research Private Limited,Shiva (Índia) Research Private Ltd,"New Delhi, South West Delhi, Sector B 1, Vasa, Nt Kunj, Plot No.12 Local Shopping Complex, Delhi","Local Shopping Complex, South West Delhi, DL"
false_positive,text_variation_or_ambiguous,S1-88267813,S2-371505656,0.85422748573462,True,Devansh Shipping Private Limited,Devansha Shipping Private Límited,"H.No 3-85/A, Aregudem Village Choutuppal Mandal, Nalgonda, Telangana","H.NO 3-86/A, AREGUDEM VILLAGE CHOUTUPPAL MANDAL, NALGONDA, తెలంగాణ"
false_negative,blocking_miss,S1-409907957,S2-974939237,,False,Capital Corporation,Capital  Corporation Enterprises,"6201 Old Village Place, Sioux Falls, SD",
false_negative,blocking_miss,S1-409907957,S3-347045169,,False,Capital Corporation,capital corporation Enterprises,"6201 Old Village Place, Sioux Falls, SD",
false_negative,blocking_miss,S1-409907957,S3-385167008,,False,Capital Corporation,Capil Corporation,"6201 Old Village Place, Sioux Falls, SD","Old Village Pl, Sioux Falls, South Dakota"
false_negative,blocking_miss,S1-979438856,S3-919023989,,False,Platinum Pet Care Care,Platinum Care Care Service,"185 Castaway Lane, Jasper, TN","Castaway Ln, Jasper, Tennessee"
false_negative,missing_address,S1-652899515,S3-31756654,0.5645793250088569,True,Nexio Adr LLC,Nexio Adr Llc,"193 Crystal View Drive, Cleveland, TN",
false_negative,blocking_miss,S1-652899515,S3-365309699,,False,Nexio Adr LLC,No Adr LLC,"193 Crystal View Drive, Cleveland, TN","193 Crystal View Drive, Cleveland, Tennessee"
false_negative,missing_address,S1-652899515,S3-774435462,0.5645793250088569,True,Nexio Adr LLC,Nexio-Adr LLC,"193 Crystal View Drive, Cleveland, TN",
false_negative,blocking_miss,S1-745817749,S3-28392650,,False,Pushp Chemicals Limited,Rizawexnex,"Room No.303 B, C.R.Complex, R.K Bhatiacharya Road Pirmohani, Patna, Bihar","Room No.303 B, C.r.complex, R.k Bhatiacharya Road Pirmohani, Patna, BR"
false_positive,text_variation_or_ambiguous,S1-738024189,S3-181618091,0.7588165092871784,True,Big Constructions Pvt Ltd,Big Cónstructions Garments Pvt Ltd,"Visage 1St Floorca Centre Salt Lake, Kolkata, North 24 Parganas, West Bengal","Visage 2St Floorca Centre Salt Lake, North 24 Parganas, WB"
false_negative,blocking_miss,S1-738024189,S2-524179835,,False,Big Constructions Pvt Ltd,Big Constructions Pvt,"Visage 1St Floorca Centre Salt Lake, Kolkata, North 24 Parganas, West Bengal","DOOR NO B3/37 VISAGE 1ST FLOORCA CENTRE SALT LAKE, KOLKATA, পশ্চিমবঙ্গ"
false_negative,blocking_miss,S1-738024189,S2-525377656,,False,Big Constructions Pvt Ltd,বিগ কনস্ট্রাকশনস প্রাইভেট লিমিটেড,"Visage 1St Floorca Centre Salt Lake, Kolkata, North 24 Parganas, West Bengal","West Bengal, #B3/37 VISAGE 1ST FLOORCA CENTRE SALT LAKE, KOLKATA, TWNETY FOUR PARGANAS NORTH"
false_negative,script_variation,S1-738024189,S2-605690883,0.06755001263961173,True,Big Constructions Pvt Ltd,বিগ কনস্ট্রাকশনস প্রাইভেট লিমিটেড,"Visage 1St Floorca Centre Salt Lake, Kolkata, North 24 Parganas, West Bengal","#B3/37 VISAGE 1ST FLOORCA CENTRE SALT LAKE, NORTH 24 PARGANAS, TWNETY FOUR PARGANAS NORTH, West Bengal"
false_negative,blocking_miss,S1-603574022,S2-598446797,,False,Supreme Global Private Limited,SUPREME GLOBAL PRIVATE LTD,"2G2, Ats Green Sector 50, Noida, Uttar Pradesh",
false_negative,blocking_miss,S1-603574022,S3-277775761,,False,Supreme Global Private Limited,Gildpyra,"2G2, Ats Green Sector 50, Noida, Uttar Pradesh","2G2, Ats Green Sector 50, Noida, Uttar Pradesh"
false_negative,blocking_miss,S1-603574022,S3-734258731,,False,Supreme Global Private Limited,Supreme Global Private,"2G2, Ats Green Sector 50, Noida, Uttar Pradesh",
false_negative,missing_address,S1-196854207,S3-509420494,0.5178041743395675,True,Custom Peak Australian LLC,Custom Peak Australian Australian,"104 Young Road, Payson, AZ",
false_positive,text_variation_or_ambiguous,S1-71043886,S3-697448790,0.9707493001409478,True,Two College,Two College LLP,"Delhi, Kh No. 70/1/1, North West Delhi, A-8, 4Th Floor, Mangolpur Kalan, Near Punjab Sweets, Marble Market, Delhi","Kh No. 70/1/2, A-8, 4Th Floor, Mangolpur Kalan, Near Punjab Sweets, Marble Market, Delhi, North West Delhi, DL"
false_negative,text_variation_or_ambiguous,S1-71043886,S2-694169485,0.4787431779965328,True,Two College,Two Crtlsceg,"Delhi, Kh No. 70/1/1, North West Delhi, A-8, 4Th Floor, Mangolpur Kalan, Near Punjab Sweets, Marble Market, Delhi","KH NO. 70/1/1, A-8, 4TH FLOOR, MANGOLPUR KALAN, NEAR PUNJAB SWEETS, MARBLE MARKET, DELHI, Delhi"
false_negative,blocking_miss,S1-520036239,S2-266152692,,False,W/P Microelectronics Inc,wpmicroelectronics.com,"Henrietta, 20 Osprey Drive, NY","20 OSPREY DR, PMB 1846, W. HENRRIETTA, NY"
false_negative,numeric_conflict,S1-464061289,S3-737141084,0.37479022813690466,True,Libbey Birks Bridge,Libbey Birks Services,"4648 Waynedale Circle, Huber Heights, OH","648 Waynedale Cir, Huber Heights, Ohio"
false_negative,text_variation_or_ambiguous,S1-9047936,S2-638915830,0.5909971068505645,True,"Gwenora Fore, MD, PC","6wenora Flsner, MD,  PC","132 Center Road, Frankfort, IL","##132 Center Road, FRANKFORT, IL"
false_negative,text_variation_or_ambiguous,S1-9047936,S3-90284687,0.06660069312227834,True,"Gwenora Fore, MD, PC","Gwenora Gwenora Fore, PC Services","132 Center Road, Frankfort, IL","Illinois, Center Rd, Incorporated"
false_negative,numeric_conflict,S1-957408982,S2-125922536,0.2905414036762798,True,Chavez First Dragon LLC,Chavez First Dragon L.L.C.,"3644 Mcconnell Road, Unit 3A, Greensboro, NC","653 MCCONNELL ROAD, GREENSBORO  CDP, NC"
false_negative,missing_address,S1-957408982,S3-463407790,0.6323498694591164,True,Chavez First Dragon LLC,Chavez First Dragon,"3644 Mcconnell Road, Unit 3A, Greensboro, NC",
false_negative,numeric_conflict,S1-600110236,S2-15656758,0.14278273687626528,True,Gorham and Baier LLC,Gorham and Baier,"10245 S Lake Drive, Newton, IL","NEWTON, IL, 010245 SOUTH LAKE DR"
false_negative,missing_address,S1-600110236,S3-486770856,0.6084341629934,True,Gorham and Baier LLC,Gorham and  Baier,"10245 S Lake Drive, Newton, IL",
false_negative,text_variation_or_ambiguous,S1-806328532,S3-82691974,0.6737533410584283,True,YN Marbles Private Limited,YN Marbles,"Pitchanur P.O, Madhukara (Via) Rangasamudram, Coimbatore, Tamil Nadu","Madhukara (Via) Rangasamudram, TN, Block A-398 Pitchanur P.o, Coimbatore"
false_negative,blocking_miss,S1-819204636,S3-664025128,,False,Southern Care Private Limited,सदर्न केयर प्राइवेट लिमिटेड,"19721972/B, Near Badi Santoshi Mata Lalmati., Jabalpur, Madhya Pradesh","940/8 19721972/B, Jabalpur, मध्य प्रदेश"
false_negative,script_variation,S1-331782121,S2-162959227,0.4831633490123516,True,All Ventures Private Limited,অল ভেঞ্চারস প্রাইভেট লিমিটেড,"6A, Kiran Shankar Roy Road, 3Rd Floor, Kolkata, Kolkata, Howrah, West Bengal","A-6A, KIRAN SHANKAR ROY ROAD, 3RD FLOOR, KOLKATA, KOLKATA, পশ্চিমবঙ্গ"
false_positive,numeric_conflict,S1-606276246,S2-615477546,0.9090637930937986,True,Gadbois Agriculture,Gadbois Agriculture Inc,"6700 Forest Village Way, Knoxville, TN","6704 FOREST VILLAGE WAY, KNOXVILE, TN"
false_negative,blocking_miss,S1-606276246,S2-210481707,,False,Gadbois Agriculture,Gadbois Center,"6700 Forest Village Way, Knoxville, TN",
false_negative,numeric_conflict,S1-606276246,S2-934464308,0.4095699760422013,True,Gadbois Agriculture,Gadbois  Center,"6700 Forest Village Way, Knoxville, TN","670 FOREST VILLAGE WAY, KNOXVILLE, TN"
false_negative,blocking_miss,S1-253164046,S3-764074147,,False,NI Fitness Associates,NI Fítmgess Associates,"5-6-32/104, Agapura, Nampally, Hyderabad, Telangana","A-5-6-32/104, Agapura, Hyderabad, TG"
false_positive,text_variation_or_ambiguous,S1-946657255,S3-736032832,0.8518307802674562,True,Tracey Oconnell All Magna,Tracey Oconnell All Magna  Inc,"325 Orchard Drive, Unit B303, City Of North Salt Lake, UT","Unit B303, Utah, 326A Orchard Dr, North Salt Lake"
false_positive,script_variation,S1-674728757,S3-899237955,0.9634966365350115,True,Ss Investments LLP,एसएस सिस्टम्स एलएलपी,"C/O Dhondiram Patil M.No -2477 A/P - Bhadole, Kolhapur, Maharashtra","C/o Dhondiram Patil M.no -2477 A/p - Bhadole, Kolhapur, MH"
false_negative,text_variation_or_ambiguous,S1-246974187,S2-672180834,0.6794256392458049,True,Indore Couriers Private Limited,Indore Couriers Private,"302/51 Riverwood Park, Desai Gaon Khidkali, Kalyan, Thane, Maharashtra","302/5 RIVERWOOD PARK, DESAI GAON KHIDKALI, KALYAN, Maharashtra"
false_negative,text_variation_or_ambiguous,S1-246974187,S2-679250746,0.3508002667790148,True,Indore Couriers Private Limited,Mr indoreprivatecouriers.com,"302/51 Riverwood Park, Desai Gaon Khidkali, Kalyan, Thane, Maharashtra","302/5 RIVERWOOD PARK, DESAI GAON KHIDKALI, KALYAN, महाराष्ट्र"
false_negative,blocking_miss,S1-950637981,S2-94867861,,False,Sky Enterprises,स्काई एंटरप्राइजेज,"C/O Rajeev Ranjan, S/O Sudhir Kumar Singh Plot No. 12 To 18, New Sabalpura, Khagaul, Opp Bmp16, Nh-30, Khata 811, Patna, Bihar","DOOR NO 786 C/O RAJEEV RANJAN, KHATA 811, PATNA, Bihar"
false_negative,blocking_miss,S1-950637981,S3-232210347,,False,Sky Enterprises,स्काई एंटरप्राइजेज,"C/O Rajeev Ranjan, S/O Sudhir Kumar Singh Plot No. 12 To 18, New Sabalpura, Khagaul, Opp Bmp16, Nh-30, Khata 811, Patna, Bihar","C/o Rajeev Ranjan, Khata 811, Patna, BR"
false_negative,numeric_conflict,S1-671423780,S3-440747151,0.25093799173168496,True,QX Signature Osprey Corp,QX Signature Osprey,"OH, 235 Clinton Street, Wauseon","00235 Clinton St, Wauseon, Ohio"
false_negative,numeric_conflict,S1-671423780,S3-512014557,0.4106177679191964,True,QX Signature Osprey Corp,QX Signature Oscre Corp,"OH, 235 Clinton Street, Wauseon","00235 Clinton Saint, Wauseon, Ohio"
false_negative,blocking_miss,S1-750961720,S2-912462958,,False,Super 70 Hypnosis,Super  70,"3201 Rudd Ave, Louisville, KY",
false_negative,blocking_miss,S1-164593808,S2-613235324,,False,Internal Medicine Quality Partners Inc.,Internal Medicine Quality,"110 Pennsylvania Street, Indianapolis, IN","PENNSYLVANIA ST, INDIANAPOLIS, IN"
false_negative,blocking_miss,S1-105057636,S2-828122250,,False,Tech Foods Pvt Ltd,టెక్ ఫుడ్స్ ప్రైవేట్ లిమిటెడ్,"H.No.10-2-294/Plot No.177, Royal Sai Mahalaxmi Pride, Secunderabad, Hyderabad, Telangana","H.NO.1-0-2-294/PLOT NO.177, SECUNDERABAD, HYDERABAD, Telangana, ROYAL SAI MAHALAXMI PRIDE"
false_negative,blocking_miss,S1-105057636,S3-470571357,,False,Tech Foods Pvt Ltd,Mr Tech Foods Pvt Limited,"H.No.10-2-294/Plot No.177, Royal Sai Mahalaxmi Pride, Secunderabad, Hyderabad, Telangana",
false_positive,text_variation_or_ambiguous,S1-296827319,S3-878081364,0.9260778224980847,True,Owen Prime Qdro Group,Group Owen Prime Qdro Group,"9 Upland Road, Unit 4, Cambridge, MA","0010 Upland Road, # 4, Cambridge, Massachusetts"
false_negative,numeric_conflict,S1-296827319,S2-976179329,0.29017463497976503,True,Owen Prime Qdro Group,OWEN PRIME QDRO #90904,"9 Upland Road, Unit 4, Cambridge, MA","7 UPLAND ROAD, CAMBRIDGE, MA"
false_negative,blocking_miss,S1-42650230,S2-434840726,,False,New Delhi International Private Limited,New Dlechi International Private Limited,"C-173 Sarvodya Enclave, New Delhi, South Delhi, Delhi","NO. C-552 C-173 SARVOCYA ENCLAVE, NEW DELHI, Delhi"
false_negative,blocking_miss,S1-899707635,S3-444453511,,False,Skanda India LLP,M/s 5kanda India  LLP,"H.No.C-3/76 & 77, Gali No.14, Nagali Vihar Extn., Near Shiv Public School, Baprola, Delhi, South West Delhi, Delhi","Gali No.14, Nagali Vihar Extn., Near Shiv Public School, Baprola, Chhawla, H.no.c-3/76 & 77, South West Delhi, दिल्ली"
false_positive,numeric_conflict,S1-298432183,S2-223797599,0.8661958746840271,True,Eye Smart Group,EYE SMART-GROUP GROUP,"14151 Seattle Slew Avenue, El Paso County, TX","14172 SEATTLE SLEW AVENUE, EL PASO COUNTY, TX"
false_negative,blocking_miss,S1-616420316,S2-726361636,,False,Solutions LLC,Solutions LLC,"7553 John Dixon Road, Almond, NY",
false_negative,blocking_miss,S1-616420316,S3-890927971,,False,Solutions LLC,LLC Solaloons,"7553 John Dixon Road, Almond, NY","7553 John Dixon Rd, Almondc ITY, New York"
false_negative,blocking_miss,S1-78243577,S2-559570931,,False,Hk Vidyalaya Limited,Jaxveo,"Gadchiroli, C/O Dr. Bodele, Maharashtra, Behind Petrol Pump Navegaon, Chandrapur Road","Maharashtra, GADCHIROLI, C/O DR. BODELE"
false_positive,text_variation_or_ambiguous,S1-822120164,S2-45553046,0.9237701884809635,True,Abacus Companyprivate Limited,Private Abacus Companyprivate Limited,"13-6-437/2/A/4/A Laxmi Nagar, Berbun, Hyderabad, Telangana","NO 13-6-437/2/A/13/A LAXMI NAGAR, BERBUN, HYDERABAD, Andhra Pradesh"
false_negative,numeric_conflict,S1-822120164,S2-445056139,0.12306527313754394,True,Abacus Companyprivate Limited,Ltd Abacus Cómpanyprivate,"13-6-437/2/A/4/A Laxmi Nagar, Berbun, Hyderabad, Telangana","1364384 LAXMI NAGAR, BERBUN, HYDERABAD, Telangana"
false_negative,blocking_miss,S1-822120164,S3-345213337,,False,Abacus Companyprivate Limited,AC,"13-6-437/2/A/4/A Laxmi Nagar, Berbun, Hyderabad, Telangana","Hyderabad, 13-6-437/2/A/4/A Laxmi Nagar, Hyderabad, Telangana, Berbun"
false_negative,missing_address,S1-862840271,S3-203546125,0.3917036884421513,True,Kalli Bonilla Trusted Nevada P.C.,Kalli Bsaai Trusted Nevada P.C.,"221 Wentworth Drive, Raeford, NC",
false_negative,text_variation_or_ambiguous,S1-862840271,S3-314778216,0.057392888726491606,True,Kalli Bonilla Trusted Nevada P.C.,Kalli-Bhnilabla Trusted Trusted Nevada P.C.,"221 Wentworth Drive, Raeford, NC","North Carolina, Wentworth Drive, Raeford"
false_positive,text_variation_or_ambiguous,S1-910273666,S2-492477249,0.7802677790502862,True,Coast Solutions Private Limited,Dr Coast Solutions Public Limited,"Sr. No. 109/1/2, Fl No. A, 1004 Bhalchandra Vihar, Haveli, Pune, Maharashtra","SR. NO. 109/1/3, FL NO. A, 1004 BHALCHANDRA VIHAR, HAVELI, महाराष्ट्र"
false_negative,blocking_miss,S1-227225719,S3-11157128,,False,Young and Simon Bright LLC,#youngsimon,"1766 Nevada 18, Prescott, AR","176 Nevada 18, Prescott, Arkansas"
false_negative,text_variation_or_ambiguous,S1-227225719,S3-882918515,0.7009139740603475,True,Young and Simon Bright LLC,Young and Simon Bright,"1766 Nevada 18, Prescott, AR","176 Nevada 18, Prescott, Arkansas"
false_negative,blocking_miss,S1-661752656,S3-760855138,,False,Dynamic Agro,Sri Dynamic Araro,"266, Maharashtra, Mumbai City, Udyog Bhavan, 2Nd Floor, Sonawala Road, Goregaon(E), Mumbai",
false_negative,blocking_miss,S1-77577082,S2-167898363,,False,Whitley Golden Interactive,whitleygoldeninteractive.com,"56 County Road 3181A, Cleveland, TX","TX, 56 COUNTY ROAD 3181A, CLEVELANND"
false_negative,text_variation_or_ambiguous,S1-77577082,S3-297694917,0.3733833902769005,True,Whitley Golden Interactive,Whitley Golden Service,"56 County Road 3181A, Cleveland, TX","County Road 3181A, Cleveland, Texas"
false_negative,blocking_miss,S1-360420318,S3-602689166,,False,Laborers Union Local No 625 PC,Laborers Union Nó 625 PC Services,"17707 Auburn Road, Huntertown, IN","17707 Auburn Road, Huntertwn, Indiana"
false_negative,blocking_miss,S1-360420318,S3-821160812,,False,Laborers Union Local No 625 PC,Laborers Union Local No 625,"17707 Auburn Road, Huntertown, IN","Indiana, Huntetrown, 17707 Auburn Rd"
false_negative,blocking_miss,S1-9715308,S2-532761000,,False,Star Trading Collective,STAR TRADING,"Unit Unit 2, City Of Black River Falls, 315 6th Street, WI","BLACK RIVER FALLS, 315 6TH STRETE, WI"
false_negative,blocking_miss,S1-194541129,S2-399057768,,False,Resorts Agencies Private Limited,Resorts Agencies Profifae Limited,"178 F/F A G C R Enclave, Delhi, New Delhi, Delhi","H.NO 178 F/F A G C R ENCLAVE, DELHI, दिल्ली"
false_negative,numeric_conflict,S1-194541129,S3-634618050,0.10732693444918306,True,Resorts Agencies Private Limited,Resorts Agencies,"178 F/F A G C R Enclave, Delhi, New Delhi, Delhi","New Delhi, DL, H.no 1-78 F/f A G C R Enclave"
false_negative,numeric_conflict,S1-132749634,S3-86904651,0.6589415936899568,True,Peer & Espinoza Inc,Peer & Espinoza,"1663 Raccoon Den Way, Sevierville, TN","001663 Raccoon Den Way, Sevierville, Tennessee"
false_negative,text_variation_or_ambiguous,S1-333707146,S2-966285435,0.1576374385259494,True,Team Sangh,Team Partners,"210, Agarwal City Mall, Opp M2K Cinemas Rani Bagh, Pitampura, New Delhi, North West, Delhi","161 210, AGARWAL CITY MALL, OPP M2K CINEMAS RANI BAGH, PITAMPURA, NEW DELHI, Delhi"
false_negative,blocking_miss,S1-333707146,S3-267800542,,False,Team Sangh,Team  5ervices,"210, Agarwal City Mall, Opp M2K Cinemas Rani Bagh, Pitampura, New Delhi, North West, Delhi","210, New Delhi, North West, DL"
false_negative,blocking_miss,S1-865102328,S2-592955104,,False,Eye Frontier Group,Eye Frontier Group Federation,"1215 Regency Boulevard, Decatur, AL","1215- REGENCY BLVD, DECATURR TOWNSHIP, AL"
false_negative,script_variation,S1-909060229,S2-50581455,0.48714854925889345,True,Laxmi Construction Private Limited,लक्ष्मी कंस्ट्रक्शन प्राइवेट लिमिटेड,"Flat No 122, Sector 6, Pocket 1 Dwarka, Delhi, South West Delhi, Delhi","FLAT NO 122, SOUTH WEST DELHI, DELHI"
false_negative,numeric_conflict,S1-62980628,S3-654298043,0.12863719502141147,True,Clark and Perez Newhold Inc,Inc Clark Newhold Perez &,"612 Main Street, Dwight, KS","61 Main Street, <NULL>, Dwight, Kansas"
false_negative,similar_name_different_address,S1-96396450,S3-115351555,0.015122564551459298,True,Parsvnath Compusoft (India) Private Limited,M/s Parsvnath Compusoft (India)-Private Limited,"Suite No. 01, Door No 9-104 Ay First Floor, Kmh Arcade, Othukkungal, Tirur, Malappuram, Malapuram, Kerala","Plot 570 Suite No. 01, Calicut Region, Malapuram, KL"
false_negative,text_variation_or_ambiguous,S1-120839474,S3-723265129,0.6819501550485975,True,Blue Book Store,8lue Book Book,"WA, 2325 Espanola Road, Medical Lake","2325 Espanola Rd, Medical Lake, Washington"
false_positive,similar_name_different_address,S1-486941071,S2-86980930,0.8245115647732774,True,Dynamic Energy Concepts LLC,Dynamic Energy Inc Concepts,"Ontario, CA, 1557 Hope Avenue","1562B HOPE AVENUE, ONTARIO CIITY, CA"
false_negative,blocking_miss,S1-486941071,S3-130985935,,False,Dynamic Energy Concepts LLC,Dynamic Energy LLC Center,"Ontario, CA, 1557 Hope Avenue","001557 Hope Avenue, Ontario, California"
false_negative,blocking_miss,S1-486941071,S3-582543221,,False,Dynamic Energy Concepts LLC,Dynamic Enetassy Concepts LLC,"Ontario, CA, 1557 Hope Avenue","001557 Hope Ave, Ontario, California"
false_negative,numeric_conflict,S1-486941071,S3-639514811,0.21881276394540347,True,Dynamic Energy Concepts LLC,Dynamic Energy Concepts,"Ontario, CA, 1557 Hope Avenue","001557 Hope Ave, Ontario, California"
false_negative,missing_address,S1-26851314,S2-61352311,0.5823100567980746,True,Southern Adamas Inc,Southern Adamas  Inc,"32 Prince Drive, Lower Providence Township, PA",
false_negative,blocking_miss,S1-26851314,S3-448283785,,False,Southern Adamas Inc,Southern Adamas,"32 Prince Drive, Lower Providence Township, PA",
false_negative,similar_address_different_name,S1-26851314,S3-872884982,0.019281123704719554,True,Southern Adamas Inc,Synpyramira,"32 Prince Drive, Lower Providence Township, PA","32. Prince Dr, Lower Providence Township, Pennsylvania"
false_negative,blocking_miss,S1-520031640,S3-358057042,,False,XH Chemical Limited,xhchemica1.com,"S 18, First Floor, Green Park Extension Market, Delhi, South Delhi, Delhi","Plot 742 S 18, Delhi, South Delhi, DL"
false_negative,blocking_miss,S1-971061242,S2-430492153,,False,"Malone and Trautman Eaton, L.L.C.","Mal0ne and  Trautman Eaton, L.L.C.","112 Bluebonnet Way, Granbury, TX","112 BLURBONNET WAY, GRANBURY, TX"
false_positive,text_variation_or_ambiguous,S1-631781109,S3-171499475,0.8577892442667483,True,Thiruvonam Welfare Society,Thiruvonam Welfare Socety Group,"Nazai Bazar Purani Galla Mandi, Tikamgarh, Madhya Pradesh","Tikamgarh, No 12. Nazai Bazar Purani Galla Mandi, MP, Tikamgarh"
false_negative,similar_address_different_name,S1-66902688,S2-683309995,0.1459801953432919,True,Combs Park of Leeds LLC,Synveobelo,"304 Castleman Lane, Leeds, AL","304 CASTLEMAN LANE, LEEDS, AL"
false_negative,blocking_miss,S1-66902688,S3-490135216,,False,Combs Park of Leeds LLC,Combs Park Of Llsed LLC,"304 Castleman Lane, Leeds, AL","Leeds, 0304 Castleman Ln, Alabama"
false_negative,blocking_miss,S1-443160997,S3-770146972,,False,All Food Private Limited,ஆல் ஃபுட் பிரைவேட் லிமிடெட்,"2-246, Ark Housing Paradise Kudi Street, Panayakurichi, Trichy, Tiruchirappalli, Tamil Nadu","தமிழ்நாடு, No. 305 2-246, Ark Housing Paradise Kudi Street, Panayakurichi, Tiruchirappalli"
false_negative,text_variation_or_ambiguous,S1-705030589,S2-386774884,0.7357124411026184,True,Style International School,Sri STYLE INTERNATIONAL SCHOOL COMPANY,"Vinutha Plaza, Shop No.9 & 10, 2Nd Floor, Behind Vijaya Talkies, Vijaya Road, Dharwad, Dharwad, Dharwar, Karnataka","DOOR NO 58 VINUTHA PLAZA, SHOP NO.9 & 10, 2ND FLOOR, BEHIND VIJAYA TALKIES, VIJAYA ROAD, DHARWAD, DHARWAD, Karnataka"
false_negative,blocking_miss,S1-575109957,S2-545399166,,False,Hale Media Inc,Services Hale Inc,"1722 Emma Circle, Spring Hill, TN","EMMA CIRCLE, SPRING HLIL CITY, TN"
false_negative,missing_address,S1-575109957,S2-850950951,0.5823100567980746,True,Hale Media Inc,Hale Media Inc,"1722 Emma Circle, Spring Hill, TN",
false_negative,blocking_miss,S1-64203037,S3-876537827,,False,Brown Horizon Goldman LLC,8rown Horizon Góldman LLC,"2401 84th Street, Kansas City, KS","2401 84rd Street, Kansas City, Kansas"
false_negative,blocking_miss,S1-161817221,S2-435909665,,False,Classic Agro,ಕ್ಲಾಸಿಕ್ ಅಗ್ರೋ,"Bangalore., Karnataka, First Floor, 'Rajamandira', 14Th Cross Off.Sampi Ge/Margosa Rd, Malleswaram, Bangalore, 6/1","6/1, BANGALORE., BANGALORE, Karnataka"
false_negative,text_variation_or_ambiguous,S1-161817221,S3-24860550,0.32041631278714294,True,Classic Agro,Classic Services,"Bangalore., Karnataka, First Floor, 'Rajamandira', 14Th Cross Off.Sampi Ge/Margosa Rd, Malleswaram, Bangalore, 6/1","6/1, First Floor, 'Rajamandira', 14Th Cross Off.sampi Ge/margosa Rd, Malleswaram, Bangalore, Bangalore., KA"
false_negative,blocking_miss,S1-426270950,S2-45857833,,False,Saint Fellowship,Saint Services,"9758 Fall Creek Drive, Pendleton, IN","9754D FALL CREEK DR, PENDLETON, IN"
false_negative,blocking_miss,S1-426270950,S2-967303193,,False,Saint Fellowship,SAINTFELLOWSHIP.COM,"9758 Fall Creek Drive, Pendleton, IN","9754D FALL CREEK DRIVE, PENDLETON, IN"
false_negative,blocking_miss,S1-426270950,S3-583607746,,False,Saint Fellowship,Saint Fellowship Inc - 3679979019,"9758 Fall Creek Drive, Pendleton, IN","Fall Creek Dr, Pendleton, Indiana"
false_negative,blocking_miss,S1-425539132,S3-319279201,,False,Urgent Care Associates LLC,Urgent  Cber Associates LLC,"11055 Wishram Court, Tualatin, OR",
false_negative,blocking_miss,S1-24475119,S2-590725605,,False,Blue Bike Shop!,Blue Bike,"5286 3100, Roy City, UT","5286C 3100, ROY CITY, UT"
false_negative,blocking_miss,S1-24475119,S2-805322098,,False,Blue Bike Shop!,The Blue Bike [Shop!],"5286 3100, Roy City, UT",
false_negative,blocking_miss,S1-24475119,S2-983935178,,False,Blue Bike Shop!,Blue Bike,"5286 3100, Roy City, UT",
false_negative,missing_address,S1-527888076,S2-470911654,0.7350932469751661,True,Aggy Becker Keystone Plus,Aggy Becker Keystone Plús,"5400 Cr 924, Sweeny, TX",
false_negative,missing_address,S1-208744211,S3-291290168,0.6866483571174304,True,Family Physicians of Sun City,Family Physícians of Sun City,"11002 Connecticut Avenue, Sun City, AZ",
false_negative,numeric_conflict,S1-208744211,S3-79048419,0.36265018199440247,True,Family Physicians of Sun City,Family Physicians Of Sun City Co,"11002 Connecticut Avenue, Sun City, AZ","011002 Connecticut Ave, Sun City, Arizona"
false_negative,text_variation_or_ambiguous,S1-74166748,S2-739799036,0.6531703638506791,True,Johnson Supreme Elite Inc,Johnson Supreme,"5100 Tr 119, Millersburg, OH","510 TR 119, MILLERSBURG, OH"
false_negative,blocking_miss,S1-74166748,S2-882489398,,False,Johnson Supreme Elite Inc,JOHNSON INC ELITE SUPREME,"5100 Tr 119, Millersburg, OH",
false_negative,numeric_conflict,S1-760265321,S3-401336859,0.13931825744471765,True,Fresh Medical Consultants,Fresh Medical Consultants Inc,"Wilton, NY, 108 Cobble Hill Drive","10 Cobble Hill Dr, Gansevoort, New York"
false_negative,blocking_miss,S1-721431634,S3-316115808,,False,Fresh Cleaning Service,Fresh Cleaning Service Center,"39 Deer Trail, Warwick, NY","39- Deer Trail, Warwick, New York"
false_negative,blocking_miss,S1-721431634,S3-342973381,,False,Fresh Cleaning Service,Fresh Cleaning Service Ltd,"39 Deer Trail, Warwick, NY","39- Deer Trl, Greenwood Lake, New York"
false_negative,blocking_miss,S1-721431634,S3-438933899,,False,Fresh Cleaning Service,Fresh Cleaning,"39 Deer Trail, Warwick, NY","39- Deer Trl, Greenwood Lake, New York"
false_negative,script_variation,S1-839910244,S2-306546962,0.3270954133035728,True,Indo Technology Private Limited,ఇండో టెక్నాలజీ ప్రైవేట్ లిమిటెడ్,"No 4-32, Tsundur Mandal, Turumella, Guntur, Andhra Pradesh","NO G-4-32, GUNTUR, ఆంధ్రప్రదేశ్"
false_negative,blocking_miss,S1-420125312,S2-399403315,,False,Micron Artha Private Limited,MICRON ABAH PRIVATE LIMITED,"Vellore, Tamil Nadu, 23 Jangammar Street, Wallajah, Walajapet Dist, Ranipet",
false_negative,missing_address,S1-88790633,S2-894805018,0.4351116760242419,True,Applied Marine Innovations Inc,Applied Márine-Innovations,"720 Red Meadow Drive, Polebridge, MT",
false_negative,blocking_miss,S1-956474245,S3-683802261,,False,Gsec Trading Private Limited,Sri Déltawex,"House No.1177 Sector-7, Panchkula, Haryana","House No.1177 Sector-7, Panchkula, HR"
false_negative,text_variation_or_ambiguous,S1-449981714,S2-800493905,0.7340859917803872,True,Solutions Jdb Multitrade Private Limited,Solutions Jdb  Multitrade Private Ltd,"Kollam, Kerala, Pathanapuram, C/O Rahuma Shahul, 1/522, Thottathil Kala Melathil, Nr Govt Hospital","C/O RAHUMA SHAHUL, 001/522, THOTTATHIL KALA MELATHIL, NR GOVT HOSPITAL, PATHANAPURAM, Kerala"
false_negative,text_variation_or_ambiguous,S1-449981714,S2-910166026,0.7340859917803872,True,Solutions Jdb Multitrade Private Limited,SOLUTIONS JDB MULTITRADE PRIVATE LTD,"Kollam, Kerala, Pathanapuram, C/O Rahuma Shahul, 1/522, Thottathil Kala Melathil, Nr Govt Hospital","C/O RAHUMA SHAHUL, 001/522, THOTTATHIL KALA MELATHIL, NR GOVT HOSPITAL, PATHANAPURAM, Kerala"
false_negative,blocking_miss,S1-636177903,S2-21281784,,False,Surgical Care LLC,surgicalcare.com,"119 17th Avenue, City Of Oshkosh, WI","WI, N/A, OSHKOSH, 17TH AVENUE"
false_negative,blocking_miss,S1-636177903,S3-411418829,,False,Surgical Care LLC,Surgical Care,"119 17th Avenue, City Of Oshkosh, WI","Oshkossh, Wisconsin, 119C 17th Avenue"
false_negative,blocking_miss,S1-636177903,S3-548576597,,False,Surgical Care LLC,Surgical LLC Center,"119 17th Avenue, City Of Oshkosh, WI","119C 17th Avenue, Oshkossh, Wisconsin"
false_negative,similar_name_different_address,S1-636177903,S3-802419460,0.5342822100840355,True,Surgical Care LLC,Surgical Cáre LLC,"119 17th Avenue, City Of Oshkosh, WI","Oshkossh, Wisconsin, 119C 17th Ave"
false_negative,text_variation_or_ambiguous,S1-96823182,S2-786209497,0.6002397624297989,True,United Properties Private Limited,LIMITED UNITED PROPERTIES CENTER,"219/C Old China Bazar Stroom No C 12 2Nd Floor, Kolkata, Calcutta, West Bengal","5-219/C OLD CHINA BAZAR STROOM NO C 12 2ND FLOOR, CALCUTTA, West Bengal"
false_negative,blocking_miss,S1-96823182,S2-98634287,,False,United Properties Private Limited,UNITED PROPERTIES PRIVATE,"219/C Old China Bazar Stroom No C 12 2Nd Floor, Kolkata, Calcutta, West Bengal","5-219/C OLD CHINA BAZAR STOOM NO C 12 2ND FLOOR, KOLKATA, পশ্চিমবঙ্গ"
false_negative,text_variation_or_ambiguous,S1-96823182,S3-945206226,0.7083921648476945,True,United Properties Private Limited,Limited United Properties Center,"219/C Old China Bazar Stroom No C 12 2Nd Floor, Kolkata, Calcutta, West Bengal","#219/C Old China Bazar Stroom No C 12 2Nd Floor, North 24 Paraganas, Calcutta, WB"
false_negative,text_variation_or_ambiguous,S1-13512156,S2-383112909,0.5112413301207301,True,Halcyx Pipeline,HALCYX PPITLLENIE,"460 Belmont Bay Drive, Prince William County, VA","BELMONT BAY DRIVE, PRINCE WILLIAM COUNTY, VA"
false_negative,text_variation_or_ambiguous,S1-13512156,S2-438313277,0.06442976261944136,True,Halcyx Pipeline,Halcyx Píelhprle,"460 Belmont Bay Drive, Prince William County, VA","460 BELMONT BAY DR, WOODBRIDGE, VA"
false_negative,blocking_miss,S1-870824019,S3-266897126,,False,Yamuita Infra,Wexvioquox,"Shop No. 16/60, New Dhan Mandi, Sriganganagar, Ganganagar, Rajasthan","Shop No. 16/60, New Dhan Mandi, Sriganganagar, Ganganagar, Rajasthan"
false_negative,blocking_miss,S1-521070136,S3-571662217,,False,Innovative Mercator LLC,LLC Inn0vative Mercator,"4907 Addison Road, Unit 101, Capitol Heights, MD","4907c Addison Road, null, Capitol Heights, Maryland"
false_negative,text_variation_or_ambiguous,S1-738869138,S3-369859060,0.4983016474930454,True,Silver Ventures,Silver Ventures Corp,"Sy 12 To 14, 19 To 22, 28&29, Ncl, Petbasheerabad, Quthbullapur, Quthbullapur Mandal, Hyderabad, Telangana","Door No 660- Sy 12 To 14, Hyderabad, Quthbullapur Mandal, TG"
false_negative,blocking_miss,S1-964347316,S3-347963198,,False,Ross's Smart Deli LP,Ross'S Sh Deli LP,"623 Waupelani Drive, State College, PA","Waupelani Drive, <NULL>, State College, Pennsylvania"
false_negative,blocking_miss,S1-964347316,S3-46066380,,False,Ross's Smart Deli LP,Ross's Smnmrt Deli LP,"623 Waupelani Drive, State College, PA","623 Waupelani Drive, <NULL>, State College, Pennsylvania"
false_positive,script_variation,S1-984868517,S3-369226946,0.8200591596188244,True,Classic Enterprises Private Limited,क्लासिक एंटरप्राइजेज रेस्टोरेंट प्राइवेट लिमिटेड,"Delhi, Office No. 314, D-288, 289, Near Laxmi Nagar Metro Stati, On, Wadhva Complex, East Delhi, Laxmi Nagar","H.no 49 Wadhva Complex, Office No. 314, D-288, 289, Near Laxmi Nagar Metro Stati, On, Laxmi Nagar, East Delhi, DL"
false_negative,blocking_miss,S1-984868517,S2-4466957,,False,Classic Enterprises Private Limited,क्लासिक एंटरप्राइजेज प्राइवेट लिमिटेड,"Delhi, Office No. 314, D-288, 289, Near Laxmi Nagar Metro Stati, On, Wadhva Complex, East Delhi, Laxmi Nagar","H.NO 784/5 WADHVA COMPLEX, LAXMI NAGAR, SHAKARPUR, Delhi"
false_negative,blocking_miss,S1-984868517,S2-516909619,,False,Classic Enterprises Private Limited,LIMITED CLASSIC PRIVATE CENTER,"Delhi, Office No. 314, D-288, 289, Near Laxmi Nagar Metro Stati, On, Wadhva Complex, East Delhi, Laxmi Nagar","784/5 WADHVA COMPLEX, OFFICE NO. 314, D-288, 289, NEAR LAXMI NAGAR METRO STATI, ON, LAXMI NAGAR, SHAKARPUR, Delhi"
false_negative,blocking_miss,S1-984868517,S2-546896977,,False,Classic Enterprises Private Limited,क्लासिक एंटरप्राइजेज प्राइवेट लिमिटेड,"Delhi, Office No. 314, D-288, 289, Near Laxmi Nagar Metro Stati, On, Wadhva Complex, East Delhi, Laxmi Nagar","H.NO 784/5 WADHVA COMPLXE, OFFICE NO. 314, D-288, 289, NEAR LAXMI NAGAR METRO STATI, ON, EAST DELHI, SHAKARPUR, दिल्ली"
false_negative,blocking_miss,S1-984868517,S2-892803120,,False,Classic Enterprises Private Limited,क्लासिक एंटरप्राइजेज प्राइवेट लिमिटेड,"Delhi, Office No. 314, D-288, 289, Near Laxmi Nagar Metro Stati, On, Wadhva Complex, East Delhi, Laxmi Nagar","H.NO 784/5 WADHVA COMPLEX, OFFICE NO. 314, D-288, 289, NEAR LAXMI NAGAR METRO STATI, ON, EAST DELHI, SHAKARPUR, दिल्ली"
false_negative,blocking_miss,S1-208153032,S3-285561446,,False,Custom Special LLC,Custom Specia1 LLC,"811 Bailey Avenue, Unit 811, Matador, TX",
false_negative,blocking_miss,S1-765306305,S3-330543586,,False,Modern Medical Innovations Inc,Modern Innovations Inc Service,"1901 Stratton Court, Colleyville, TX","Stratton Ct, Colleyville, Texas"
false_negative,numeric_conflict,S1-538232592,S3-535745946,0.21157920817911904,True,Aurangabad Housewares Clinic,Aurangabad Housewares Clinic Corporation,"Aurangabad, Satara, Behind Nath Valley School, Paithan Road, Gut No. 342, Maharashtra","Gut No. 42, Aurangabad, Aurangabad (MAHARASHTRA), MH"
false_negative,numeric_conflict,S1-538232592,S3-774526025,0.23122010841435103,True,Aurangabad Housewares Clinic,Aurangabad Housewares Partners,"Aurangabad, Satara, Behind Nath Valley School, Paithan Road, Gut No. 342, Maharashtra","Aurangabad (MAHARASHTRA), Satara, Behind Nath Valley School, Paithan Road, Aurangabad, Gut No. 42, MH"
false_negative,blocking_miss,S1-41991376,S2-714994012,,False,Legacy Logistics Global,Legacy Global Center,"29 Blossom Terrace, Mamaroneck, NY","29 Blossom Ter, MAMARONECK, NY"
false_negative,blocking_miss,S1-41991376,S3-828087062,,False,Legacy Logistics Global,Legacy Logistics,"29 Blossom Terrace, Mamaroneck, NY","##29 Blossom Terrace, Larchmonttownship, New York"
false_negative,blocking_miss,S1-302098332,S2-331221197,,False,Realway Group,Reagway Group,"D - 61, Laxmi Nagar, Delhi","दिल्ली, D - 61, LAXMI NAGAR"
false_negative,blocking_miss,S1-269896834,S3-201890115,,False,Indore Engitech Pvt. Ltd.,Indore Pvt. Ltd. Services,"70, Silver Spring Phase I Mundla Nayta, By Pass, Indore, Madhya Pradesh","70, Silver Spring Phase I Mundla Nayta, By Pass, Indore, मध्य प्रदेश"
false_negative,blocking_miss,S1-866321298,S2-527027702,,False,Galaxy Enterprises Private Limited,Private Galaxy Enterprises Ltd,"Times Square, 1St Floor, Shop No. 1 To 13 Vapi Daman Road, Chala, Vapi, Valsad, Gujarat","Gujarat, VADODARA REGION, TIMES SQUARE, VALSAD"
false_negative,blocking_miss,S1-866321298,S3-421699757,,False,Galaxy Enterprises Private Limited,ગેલેક્સી એન્ટરપ્રાઇઝિસ પ્રાઇવેટ લિમિટેડ,"Times Square, 1St Floor, Shop No. 1 To 13 Vapi Daman Road, Chala, Vapi, Valsad, Gujarat","Times Square, Vapi, GJ"
false_negative,blocking_miss,S1-22040545,S2-600189209,,False,Kinney Diamond Oil LLC,kinneydiamondoil.com,"652 Cermak Road, Chicago, IL","CERMAK ROAD, IL, CHICAGO"
false_negative,blocking_miss,S1-858520859,S3-115123200,,False,A Classic Care LP,@classiccare,"13 Alburtus Avenue, Bemus Point, NY","#13 Alburtus Ave, Bemuspoint, New York"
false_negative,blocking_miss,S1-858520859,S3-799198957,,False,A Classic Care LP,A Classic LP Center,"13 Alburtus Avenue, Bemus Point, NY","#13 Alburtus Avenue, Bemuspoint, New York"
false_negative,blocking_miss,S1-149259309,S3-245577389,,False,Shahapur Aquatech Private Limited,Shahapur Aquatech Private,"Flat No. 07, A-Wing, Shree Samarth Krupa Chsl, Cherpoli Tal- Shahapur, Shahapur, Thane, Maharashtra",
false_positive,text_variation_or_ambiguous,S1-653856419,S2-773374123,0.8099554660029955,True,Vidya & Sons Ltd,VIDYA & SONS INFRATECH,"Oswal House, Gram Kanawati, Nasirabad Highway, Neemuch, Madhya Pradesh","NO 98 OSWAL HOUSE, GRAM KANAWATI, NASIRABAD HIGHWAY, NEEMUCH, Madhya Pradesh"
false_negative,text_variation_or_ambiguous,S1-653856419,S3-720254377,0.12356540240789084,True,Vidya & Sons Ltd,Vidya And Ss Ltd,"Oswal House, Gram Kanawati, Nasirabad Highway, Neemuch, Madhya Pradesh","Gram Kanawati, Nasirabad Highway, Neemuch, MP, Neemuch, #616 Oswal House"
false_negative,blocking_miss,S1-653856419,S3-728838804,,False,Vidya & Sons Ltd,Vidya Sons Ltd Center,"Oswal House, Gram Kanawati, Nasirabad Highway, Neemuch, Madhya Pradesh","H.no 616 Oswal House, Gram Kanawati, Nasirabad Highway, Neemuch, MP"
false_negative,blocking_miss,S1-653856419,S3-798229550,,False,Vidya & Sons Ltd,VIDYA & 5ONS LTD,"Oswal House, Gram Kanawati, Nasirabad Highway, Neemuch, Madhya Pradesh","#616 Oswal House, Gram Kanawati, Nasirabad Highway, Neemuch, MP"
false_negative,blocking_miss,S1-765629326,S2-356209816,,False,Upper Medical Center,Upper Mtil Center Center,"788 Double Cabin Road, Mormon Lake, AZ",
false_negative,blocking_miss,S1-765629326,S3-215820896,,False,Upper Medical Center,Novizeta,"788 Double Cabin Road, Mormon Lake, AZ","788 Double Cabin Rd, Mormon Lake, Arizona"
false_negative,blocking_miss,S1-212938071,S2-224811900,,False,Olanio Galaxyedge LLC,Olanio LLC LLC Pártners,"122 Link Road, Rockingham County, VA","122 LINK RD, VA, MC GAHHEYSVILLE"
false_negative,blocking_miss,S1-45395590,S3-446061268,,False,Certified Doubleline LLC,The Certified Doubleline LLC #19441,"1302 Brick Church Pike, TN, Nashville","001302 Brick Church Pike, Nashville, Tennessee"
false_negative,numeric_conflict,S1-200532119,S2-456538957,0.5892816842758747,True,New Delhi Iron Private Limited,New Delhi Iron Private Ltd,"House No 507 Portion Front Floor 1St Blcok - A Shastri Nagar, New Delhi, North West, Delhi","HOUSE NO 00507 PORTION FRONT FLOOR 1ST BLCOK - A SHASTRI NAGAR, NEW DELHI, Delhi"
false_negative,numeric_conflict,S1-200532119,S2-675878340,0.3030463206774492,True,New Delhi Iron Private Limited,NEW  DELHI IRON PRIVATE,"House No 507 Portion Front Floor 1St Blcok - A Shastri Nagar, New Delhi, North West, Delhi","HOUSE NO 00507 PORTION FRONT FLOOR 1ST BLCOK - A SHASTRI NAGAR, NEW DELHI, Delhi"
false_negative,similar_name_different_address,S1-653861190,S3-592191977,0.6052393839099267,True,Smart Power Private Limited,Smart Power  Private Limited,"No 33, Shop Nos. 73, 74, 75, 76, 77, Bs Complex, Pillappa Lane, Nagarathpet, Bangalore, Karnataka","#33, Bangalore, ಕರ್ನಾಟಕ"
false_positive,text_variation_or_ambiguous,S1-140468030,S2-150481764,0.9603915384911007,True,Smart & Co Co,Smart & Co,"C - 24, Gali No - 10 Madhu Vihar, Delhi, New Delhi, Delhi","C - 27, GALI NO - 10 MADHU VIHAR, DELHI, दिल्ली"
false_negative,similar_name_different_address,S1-140468030,S2-164671437,0.02975112742175984,True,Smart & Co Co,Smtrt  & Co Co,"C - 24, Gali No - 10 Madhu Vihar, Delhi, New Delhi, Delhi","PLOT 563 C - 24, DELHI, PREET VIHAR, Delhi"
false_negative,blocking_miss,S1-840009505,S2-661661774,,False,Arihant Finance Private Limited,अरिहंत फाइनेंस प्राइवेट लिमिटेड,"H.No.553, Dudhodi, Tal, Karjat Dist.A.Nagar, Dudhodi, Ahmednagar, Maharashtra","H.NO.553, AHMEDNAGAR, महाराष्ट्र"
false_negative,blocking_miss,S1-840009505,S3-102272401,,False,Arihant Finance Private Limited,अरिहंत फाइनेंस प्राइवेट लिमिटेड,"H.No.553, Dudhodi, Tal, Karjat Dist.A.Nagar, Dudhodi, Ahmednagar, Maharashtra","551, Dudhodi, Tal, Karjat Dist.a.nagar, Dudhodi, Pune Region, Ahmednagar, MH"
false_negative,numeric_conflict,S1-840009505,S3-558377481,0.012675941958907162,True,Arihant Finance Private Limited,Arihant Finance Private,"H.No.553, Dudhodi, Tal, Karjat Dist.A.Nagar, Dudhodi, Ahmednagar, Maharashtra","H.no.551, Pune Region, Ahmednagar, महाराष्ट्र"
false_negative,blocking_miss,S1-840009505,S3-584646861,,False,Arihant Finance Private Limited,अरिहंत फाइनेंस प्राइवेट लिमिटेड,"H.No.553, Dudhodi, Tal, Karjat Dist.A.Nagar, Dudhodi, Ahmednagar, Maharashtra","No 551, Dudhodi, Tal, Karjat Dist.a.nagar, Dudhodi, Pune Region, Ahmednagar, महाराष्ट्र"
false_negative,blocking_miss,S1-971690800,S3-368283433,,False,Division of Public Works,Division of Public Wgtcosrfs,"1255 Breezy Hill Road, Bedford County, VA","NULL, 1254 Breezy Hill Road, Virginia, Bedford County"
false_negative,blocking_miss,S1-971690800,S3-973703196,,False,Division of Public Works,Division of,"1255 Breezy Hill Road, Bedford County, VA","1254 Breezy Hill Rd, NULL, Bedford County, Virginia"
false_positive,similar_address_different_name,S1-892434938,S3-389727056,0.7847430520436746,True,Magdaia's Apparel,Trusted,"57 Church Street, Gilbert, AR","57 Church Street, Gilbert, AR"
false_negative,missing_address,S1-892434938,S2-587112388,0.5823100567980746,True,Magdaia's Apparel,Magdaia's Apparel,"57 Church Street, Gilbert, AR",
false_negative,missing_address,S1-892434938,S3-13183508,0.5645793250088569,True,Magdaia's Apparel,Magdaia'S Apparel,"57 Church Street, Gilbert, AR",
false_negative,similar_address_different_name,S1-625796368,S3-667691563,0.5899323012932342,True,Hitech Southern Infotech Private Limited,Arczephdovax,"Shed No.33, Parishram Industrial Hub, Sanand, Ahmedabad, Gujarat","Shed No.33, Parishram Industrial Hub, Sanand, Ahmedabad, Gujarat"
false_negative,text_variation_or_ambiguous,S1-19281322,S3-88830862,0.2874100581696312,True,Colonial Continental Manufacturing,Colonial Continental Continental Manufacturing Córporation,"6028 Zinnia Drive, Stallings, NC","6028 Zinnia Dr, PMB 1634, Stallings, North Carolina"
false_negative,blocking_miss,S1-172204987,S2-763541502,,False,"Stewart, Phillips and Davis LLC",Koririvera,"14 Joysan Court, Southampton, NY","HAMPTON BAYS, NY, 014 JOYSAN COURT"
false_negative,blocking_miss,S1-172204987,S3-153477151,,False,"Stewart, Phillips and Davis LLC","Stewart,-Phillips And","14 Joysan Court, Southampton, NY","14 Joysan Ct, Hampton Bys Township, New York"
false_negative,similar_address_different_name,S1-538884623,S3-277649801,0.022294682369787523,True,WCW Developers Private Limited,Nexbelosol,"6-3-347/17/5Dwearakapuri Colony, Punjagutta, Hyderabad, Andhra Pradesh, Telangana","06-3-347/17/5Dwearakapuri Colony, Hyderabad, Andhra Pradesh"
false_negative,text_variation_or_ambiguous,S1-745672885,S2-50127930,0.38628642621398906,True,Zeix Holdings,Zeix  Inc,"10836 212, Tyler, TX","10836. 212, TYLER CP, TX"
false_positive,text_variation_or_ambiguous,S1-404160782,S2-588466414,0.7907388689665663,True,Quantiq Polska LLC,quantuq polska llc,"9092 38, Greens Fork, IN","09096 38, N/A, GREENS FORK, IN"
false_negative,script_variation,S1-75587297,S3-472591126,0.3221424119709543,True,Seven Classic Infotech Limited,സെവൻ ക്ലാസിക് ഇൻഫോടെക് ലിമിറ്റഡ്,"Room No 531/F, First Floor Nalakath Tower, Thalapilly, Thrissur, Kerala","Thalapilly, Room No 531/F, KL, Thrissur"
false_negative,blocking_miss,S1-857692249,S2-54698761,,False,High Engineering Private Limited,High Engineering Private Enterprises,"P No.18/19 860, 861, 86 18-58/S204 Elite Residency, Gopal Nagar, Hanumanpet, Malkajgiri, Hyderabad, Telangana",
false_negative,blocking_miss,S1-857692249,S2-569190958,,False,High Engineering Private Limited,హై ఇంజనీరింగ్ ప్రైవేట్ లిమిటెడ్,"P No.18/19 860, 861, 86 18-58/S204 Elite Residency, Gopal Nagar, Hanumanpet, Malkajgiri, Hyderabad, Telangana","P NO.18/19 860, HYDERABAD, Telangana"
false_negative,numeric_conflict,S1-702319757,S2-475697086,0.08972831709601646,True,"Holub, Bili L., D.D.S., PC","HOLUB, BILI L., D.D.S.,","2115 Nunley Drive, Rockvale, TN","##2013 NUNLEY DRIVE, ROCKVALE, TN"
false_negative,text_variation_or_ambiguous,S1-702319757,S2-590388397,0.33697666556101014,True,"Holub, Bili L., D.D.S., PC","Holub, Services D.D.S., PC Bili","2115 Nunley Drive, Rockvale, TN","2115C NUNLEY DRIVE, ROCKVALE, TN"
false_negative,missing_address,S1-892329557,S3-722236245,0.5056060347825556,True,Midwest Malt Corp,Midwest Malt,"211 Hopkins Lane, Provo, UT",
false_negative,numeric_conflict,S1-196242402,S2-272103322,0.29226387401928006,True,Upper Custom Wilco LLC,Upper Cucldm Wilco LLC,"6615 150th Street, Unit #82, Lakewood, WA","615 150TH STREET, LAKEWOOD, WA"
false_negative,numeric_conflict,S1-196242402,S2-496427260,0.49874406962982665,True,Upper Custom Wilco LLC,Upper Custom Wilco,"6615 150th Street, Unit #82, Lakewood, WA","615 150TH ST, LAKEWOOD, WA"
false_negative,numeric_conflict,S1-196242402,S2-922817760,0.4785338516829921,True,Upper Custom Wilco LLC,Upper Custom-Wilco,"6615 150th Street, Unit #82, Lakewood, WA","WA, 615 150TH STREET, LAKEWOOD"
false_negative,blocking_miss,S1-767163809,S2-242890124,,False,Physical Therapy Care Associates LLC,Physical Therapy Care Associates & Co,"14563 Mauna Loa Lane, Surprise, AZ",
false_negative,blocking_miss,S1-12666389,S3-591038415,,False,Back Alley Pilates!,Back Pilates! Alley Alley,"7933 Victoria Drive, Tucson, AZ","Arizona, 7933 Victoria Dr, Tucson"
false_negative,blocking_miss,S1-856741305,S2-172976270,,False,Urology Center LLC,Urology Center,"426 Main Street, Tallassee, AL","426 MAIN ST, PO BOX 7302, TALLASSEE, AL"
false_negative,blocking_miss,S1-856741305,S3-673320415,,False,Urology Center LLC,LLC Uro1ogy Centr,"426 Main Street, Tallassee, AL","426 Main St, Tallassee, Alabama"
false_negative,numeric_conflict,S1-49452760,S3-229653858,0.27143734953729703,True,"Gerrie W. Wacker, DMD","Gerrie W. Wacker, DMD Inc.","1701 Wilson W Lee Boulevard, Statesville, NC","170 Wilson W Lee Boulevard, Statesville, North Carolina"
false_negative,numeric_conflict,S1-49452760,S3-304756445,0.11485854450121934,True,"Gerrie W. Wacker, DMD","Gerrie Wacker, DMD Service","1701 Wilson W Lee Boulevard, Statesville, NC","170 Wilson W Lee Boulevard, PMB 4953, Statesville, North Carolina"
false_negative,numeric_conflict,S1-49452760,S3-460569991,0.057310918626742806,True,"Gerrie W. Wacker, DMD","Gerrie W.-Wacker, Partners","1701 Wilson W Lee Boulevard, Statesville, NC","170 Wilson W Lee Blvd, Statesville, North Carolina"
false_negative,blocking_miss,S1-396310461,S2-712124902,,False,Adesh Developers (India) Private Limited,BRIXBRIX,"S-05, Janki Presidency Chsl 90 Feet Road, Bhayander (West), Thane, Maharashtra","S-05, JANKI PRESIDENCY CHSL 90 FEET ROAD, BHAYANDER (WEST), THANE, Maharashtra"
false_negative,blocking_miss,S1-852303908,S3-115158379,,False,Maid Yoga,maidyoga.com,"8041 Shady Road, Oldenburg, IN","8041 Shady Road, Oldenburg, Indiana"
false_negative,blocking_miss,S1-517774966,S3-118366350,,False,"Lavalle, Myers and Bies Jab, LLC",bmlavalle.com,"2990 Noyack Road, Southampton, NY","Noyack Rd, Noyack, New York"
false_negative,blocking_miss,S1-609893508,S3-346179916,,False,Success (India) Consultants Limited,Dr Success Consultants Limited Center,"H No.7-839/1, Ayyappa Colony, Dammaiguda, Rangareddy, Hyderabad, Telangana",
false_negative,blocking_miss,S1-631900768,S3-780068585,,False,Main Street Pilates,Main Street Street,"3610 Smooth Brome Lane, Spring, TX","03610 Smooth Brome Lane, Spring, Texas"
false_negative,blocking_miss,S1-961576013,S3-647673219,,False,Business Marketing Products,Business  Marketing Prdolcetus,"1023 203rd Street, Lynnwood, WA","102 203rd Street, Bothell West, Washington"
false_negative,numeric_conflict,S1-961576013,S3-65166367,0.6864364547569153,True,Business Marketing Products,[Products] Marketing Business,"1023 203rd Street, Lynnwood, WA","102 203rd St, Lynnwood, Washington"
false_positive,text_variation_or_ambiguous,S1-142385238,S2-127201910,0.8335281962736962,True,Kestic Citigroup LLC,Cestic Citigroup,"6797 Colonial Trail, Surry County, VA","6797 COLONIAL TRL, PMB 7087, SURRY COUNTY, VA"
false_negative,missing_address,S1-325239359,S3-906346714,0.5645793250088569,True,Custom Boutique PLLC,Custom Boutique  PLLC,"237 Harrison Road, Cheshire, CT",
false_negative,numeric_conflict,S1-668751037,S3-9800627,0.52089813995669,True,"Nunez, Deidre, Esq.","Nunez,  Deidre,","244 Water Street, Augusta, ME","44 Water Street, Augusta, Maine"
false_negative,blocking_miss,S1-692409691,S2-333504259,,False,Straight Edge Bike Shop,Straight  Edge Be Shop,"MA, Brockton, 44 Bassett Road","044 BASSETT ROAD, BOCKTON, MA"
false_negative,blocking_miss,S1-692409691,S3-988463456,,False,Straight Edge Bike Shop,straightedgebike.com,"MA, Brockton, 44 Bassett Road","44- Bassett Rd, N/A, Brockton, Massachusetts"
false_negative,script_variation,S1-213522394,S2-894968699,0.35407014281609916,True,Gujarat Systems Private Limited,ਗੁਜਰਾਤ ਸਿਸਟਮਜ਼ ਪ੍ਰਾਈਵੇਟ ਲਿਮਟਿਡ,"Phase 8B, Industrial Area, Sas Nagar, Mohali, Rupnagar, S.A.S.Nagar (Mohali), Punjab, D173","D#173, RUPNAGAR, S.A.S.NAGAR (MOHALI), Punjab"
false_negative,blocking_miss,S1-213522394,S3-590735943,,False,Gujarat Systems Private Limited,Gujarat Systems Private Limited #60978,"Phase 8B, Industrial Area, Sas Nagar, Mohali, Rupnagar, S.A.S.Nagar (Mohali), Punjab, D173","#467 D173, S.a.s.nagar (Mohali), Rupnagar, PB"
false_positive,script_variation,S1-791965691,S2-98664626,0.9717085672692579,True,Prime Industries Private Limited,सुप्रीम इंडस्ट्रीज प्राइवेट लिमिटेड,"Akshay Complex Shop No 135, Dhole Patil Rd, Pune, Maharashtra","S.NO. 135, PUNE, Maharashtra"
false_negative,blocking_miss,S1-791965691,S2-365407854,,False,Prime Industries Private Limited,प्राइम इंडस्ट्रीज प्राइवेट लिमिटेड,"Akshay Complex Shop No 135, Dhole Patil Rd, Pune, Maharashtra","AKSHAY COMPLEX SHOP NO 0135, DHOLE PATIL RD, POONA, PUNE, Maharashtra"
false_negative,blocking_miss,S1-791965691,S3-507612756,,False,Prime Industries Private Limited,प्राइम इंडस्ट्रीज Private Limited,"Akshay Complex Shop No 135, Dhole Patil Rd, Pune, Maharashtra","Akshay Compoex Shop No 135, Dhole Patil Rd, Poona, Pune, MH"
false_negative,missing_address,S1-118451166,S3-294797766,0.5645793250088569,True,Innovative Prime Ithax Inc,Innovative Prime Ithax Inc,"500 Grand Island Boulevard, Tonawanda, NY",
false_negative,blocking_miss,S1-251915387,S2-366759500,,False,Al Investment LLP,अल इन्वेस्टमेंट एलएलपी,"A-2, Main Udaipur Road, Bapu Nagar, Senthi, Chittorgarh, Rajasthan","A-2, CHITTORGARH, Rajasthan"
false_negative,blocking_miss,S1-251915387,S3-247347672,,False,Al Investment LLP,अल इन्वेस्टमेंट एलएलपी,"A-2, Main Udaipur Road, Bapu Nagar, Senthi, Chittorgarh, Rajasthan","A-2, Chittorgarh, RJ"
false_negative,blocking_miss,S1-251915387,S3-898113026,,False,Al Investment LLP,अल इन्वेस्टमेंट एलएलपी,"A-2, Main Udaipur Road, Bapu Nagar, Senthi, Chittorgarh, Rajasthan","Chittorgarh, RJ, A-2, Main Udaipur Road, Bapu Nagar, Senthi"
false_negative,blocking_miss,S1-29744908,S2-383616222,,False,Community Alliance,Community [Partners],"15 Brush Court, West Haverstraw, NY","15 BRUSH COURT, GARNERVILLE, NY"
false_negative,blocking_miss,S1-29744908,S2-828764215,,False,Community Alliance,COMMUNITY ALLIANCE DISTRICT,"15 Brush Court, West Haverstraw, NY","15 BRUSH CT, GARNERVILLE, NY"
false_negative,blocking_miss,S1-29744908,S2-835255138,,False,Community Alliance,Community Services,"15 Brush Court, West Haverstraw, NY","15 BRUSH COURT, GARNERVILLE, NY"
false_negative,blocking_miss,S1-29744908,S3-406152079,,False,Community Alliance,Community Alliance Inc.,"15 Brush Court, West Haverstraw, NY",
false_negative,blocking_miss,S1-75194793,S2-225079283,,False,Pediatric Dental Partners Inc,pediatricdentalpartners.com,"2018 Joan Drive, Dallas, TX","JOAN DR, DALLAS, TX"
false_negative,blocking_miss,S1-641951181,S3-248667956,,False,VU Premier Homecare PC,hómecarevupremier.com,"New Lenox, IL, 690 Woodlawn Road","690 Woodlawn Rd, Incorporated, Illinois"
false_negative,numeric_conflict,S1-87771566,S3-707996571,0.2211105310445486,True,Promoters Video Pvt. Ltd.,... Promoters Video Pvt. Limited,"Tamil Nadu, 2- A, Shangri La, 173, Bhuvaneswari Nagar 2Nd Main Road, Velachery, Chennai City Corporation, Chennai","Chennai City Corporation, 002- A, <NULL>, தமிழ்நாடு, Chennai"
false_negative,numeric_conflict,S1-87771566,S3-76900094,0.2597173892134844,True,Promoters Video Pvt. Ltd.,Promoters Video Pvt.,"Tamil Nadu, 2- A, Shangri La, 173, Bhuvaneswari Nagar 2Nd Main Road, Velachery, Chennai City Corporation, Chennai","002- A, <NULL>, Chennai City Corporation, Chennai, TN"
false_negative,numeric_conflict,S1-87771566,S3-898597413,0.57295761211192,True,Promoters Video Pvt. Ltd.,Promoters Video Pvt. Ltd,"Tamil Nadu, 2- A, Shangri La, 173, Bhuvaneswari Nagar 2Nd Main Road, Velachery, Chennai City Corporation, Chennai","002- A, <NULL>, Chennai City Corporation, Chennai, தமிழ்நாடு"
false_negative,numeric_conflict,S1-914512707,S2-686034663,0.35448709170473935,True,Manjiri & Sons Limited,Manjiri & Somis Limited,"21 A 2Nd Floor, Maharashtra, Mumbai, Mumbai City, Vasudev Chambers, Near Andheri Subway, Old Nagardas X Road, Andheri E","H.NO 2-1 A 2ND FLOOR, VASUDEV CHAMBERS, NEAR ANDHERI SUBWAY, OLD NAGARDAS X ROAD, ANDHERI E, MUMBAI, महाराष्ट्र"
false_negative,numeric_conflict,S1-914512707,S2-776121561,0.7497853569498987,True,Manjiri & Sons Limited,Manjiri & Sns Limited,"21 A 2Nd Floor, Maharashtra, Mumbai, Mumbai City, Vasudev Chambers, Near Andheri Subway, Old Nagardas X Road, Andheri E","Maharashtra, 2-1 A 2ND FLOOR, VASUDEV CHAMBERS, NEAR ANDHERI SUBWAY, OLD NAGARDAS X ROAD, ANDHERI E, MUMBAI"
false_negative,similar_address_different_name,S1-192454016,S2-342710700,0.5421064740623661,True,All Wellness Corporation,Korevo,"11220 Sunnyslope Drive, Kansas City, MO","11220 SUNNYSLOPE DRIVE, KANSAS CITY, MO"
false_negative,text_variation_or_ambiguous,S1-192454016,S3-178436411,0.745133605280712,True,All Wellness Corporation,All Wellness,"11220 Sunnyslope Drive, Kansas City, MO","11220-11224 Sunnyslope Drive, PO Box 7207, Kansas City, Missouri"
false_negative,blocking_miss,S1-192454016,S3-845096139,,False,All Wellness Corporation,Service Corporation All,"11220 Sunnyslope Drive, Kansas City, MO","11220-11224 Sunnyslope Drive, PO Box 7207, Kansas City, Missouri"
false_negative,blocking_miss,S1-358546237,S3-50969473,,False,Economic Resilience Private Limited,Economic Resilience,"A/312, 3Rd Floor, Ahura Centre, 82 Mahakali Caves Road, Andheri (East), Mumbai, Maharashtra","Mumbai, A/312, MH, Mumbai"
false_negative,blocking_miss,S1-446684665,S3-759872186,,False,25 4 Neuberger,25 4 Nhbseregr,"711 New Pittsburg Avenue, Unit APARTMENT 1, Dundalk, MD",
false_negative,missing_address,S1-338690628,S3-515483320,0.5645793250088569,True,Aad & Co,Aad  & Co,"Plot No 96, Pramukh Swami Nagar Sara Road, Halvad, Surendranagar, Gujarat",
false_negative,text_variation_or_ambiguous,S1-653217705,S3-453366036,0.6763438867831434,True,East Tech Private Limited,East Tech Tech Priince [Limited],"534 Dlf Towers Shivaji Marg, New Delhi, North Delhi, Delhi","No 534- Dlf Towers Shivaji Marg, New Delhi, North Delhi, DL"
false_negative,blocking_miss,S1-473524439,S2-409683683,,False,Red Care Private Limited,रेड केयर प्राइवेट लिमिटेड,"G - 2/18/153 - A, Second Floor Gali No 19, Sangam Vihar, Newdelhi, Central Delhi, Delhi","H.NO 327 G - 2/18/153 - A, CENTRAL DELHI, NEWDELHI, दिल्ली"
false_negative,blocking_miss,S1-473524439,S3-35731534,,False,Red Care Private Limited,Red Care Limited Partners,"G - 2/18/153 - A, Second Floor Gali No 19, Sangam Vihar, Newdelhi, Central Delhi, Delhi","G - 2/18/153 - A, Central Delhi, DL"
false_negative,blocking_miss,S1-356535440,S3-157583115,,False,Brown Regions Inc,Brown Ínc Regions,"809 Sycamore Lane, Fl 1, Columbia, MO","809 Sycamore Ln, Fl. 1, Colummbia, Missouri"
false_negative,script_variation,S1-608623169,S2-483816737,0.01012865747769425,True,Life Foundation Pvt Ltd,லைஃப் ஃபவுண்டேஷன் பிரைவேட் லிமிடெட்,"58/5A, D.No-4, Periyar Colony, Gandhi Rd, Tiruppur, Coimbatore, Tamil Nadu","60/5A, D.NO-4, PERIYAR COLONY, GANDHI RD, Tamil Nadu, TIRUPPUR, COIMBATORE"
false_negative,blocking_miss,S1-608623169,S2-677526430,,False,Life Foundation Pvt Ltd,லைஃப் ஃபவுண்டேஷன் பிரைவேட் லிமிடெட்,"58/5A, D.No-4, Periyar Colony, Gandhi Rd, Tiruppur, Coimbatore, Tamil Nadu","60/5A, TIRUPPUR, COIMBATORE, தமிழ்நாடு"
false_negative,blocking_miss,S1-6452507,S2-787849122,,False,Satyam India Pvt Ltd,Satyam India,"8-D, New Fatehpura, Girwa, Udaipur, Rajasthan",
false_negative,blocking_miss,S1-676419333,S2-364616493,,False,Swastik Industries Pvt Ltd,ஸ்வஸ்திக் இண்டஸ்ட்ரீஸ் பிரைவேட் லிமிடெட்,"No. 9, Thondaiman Nagar Orikkai, Kancheepuram, Tamil Nadu","H.NO 9, THONDAIMAN NAGAR ORIKKAI, SIVAGANGAI, KANCHEEPURAM, Tamil Nadu"
false_negative,script_variation,S1-676419333,S3-747869437,0.1722313574714964,True,Swastik Industries Pvt Ltd,Swastik இண்டஸ்ட்ரீஸ் பிரைவேட் லிமிடெட்,"No. 9, Thondaiman Nagar Orikkai, Kancheepuram, Tamil Nadu","No 9, Thondaiman Nagar Orikkai, Kancheepuram, Pookadaichathram, TN"
false_negative,blocking_miss,S1-91325687,S3-395963021,,False,Foster Vanguard Crescent LLC,Foster Vanguard,"455 Conquest Road, Murfreesboro, TN","0455 Conquest Rd, Murfreesboro, Tennessee"
false_negative,blocking_miss,S1-91325687,S3-944576752,,False,Foster Vanguard Crescent LLC,Foster Vanguard LLC Services,"455 Conquest Road, Murfreesboro, TN","0455 Conquest Road, Murfreesboro, Tennessee"
false_negative,blocking_miss,S1-61026830,S3-370801068,,False,Z W & N Gold Inc,Z W & N Inc Services,"7510 Larkspur Drive, Fl 1, Scottsdale, AZ",
false_negative,blocking_miss,S1-364504367,S2-17852926,,False,Consolidated Packaging Partners,Consolidated Partners Center,"AZ, Oro Valley, 7980 Oracle Road","7980 ORACLE RD, TUCSON, AZ"
false_negative,blocking_miss,S1-364504367,S3-42045794,,False,Consolidated Packaging Partners,Packaging Consolidated Partnegrs,"AZ, Oro Valley, 7980 Oracle Road","7980 Oracle Road, Arizona, Tucsn"
false_negative,blocking_miss,S1-147619158,S2-622222024,,False,Grace Cathedral Associates,CENTER ASSOCIATES GRACE,"8 Second Avenue, East Hampton, NY","E HAMTON, 8 SECOND AVE, NY"
false_negative,blocking_miss,S1-147619158,S2-880046028,,False,Grace Cathedral Associates,>> Grace Cathedral,"8 Second Avenue, East Hampton, NY","8 SECOND AVENUE, E HAMTON, NY"
false_negative,blocking_miss,S1-147619158,S2-9458660,,False,Grace Cathedral Associates,gracecathedralassociates.com,"8 Second Avenue, East Hampton, NY","8 SECOND AVE, E HAMTON, NY"
false_negative,blocking_miss,S1-147619158,S3-622831196,,False,Grace Cathedral Associates,Grace Cathedral,"8 Second Avenue, East Hampton, NY","8-12 2nd Avenue, New York, E. Hampton"
false_negative,missing_address,S1-950985788,S3-789443158,0.5645793250088569,True,Traor Resources-Cordova,Traor Resources-Cordova,"225 Johnson Drive, AL, Cordova",
false_negative,blocking_miss,S1-672472308,S3-731065302,,False,Creative Agro Private Limited,क्रिएटिव एग्रो प्राइवेट लिमिटेड,"701, Marathon Embryo Near Kaycee Industrial Estate, Lake Road, Bhandup, Mumbai City, Maharashtra","G-701, Bhandup, Mumbai City, महाराष्ट्र"
false_negative,blocking_miss,S1-591841960,S3-268882712,,False,Arcs & Associates,Arcs &,"1A, 5Th Floor, Augusta Point, Golf Course Road Sector 53, Gurgaon, Haryana","Door No C-546 1A, Nuh, Gurgaon, HR"
false_positive,text_variation_or_ambiguous,S1-581501686,S2-994397309,0.9824007154162291,True,UE Dotcom Private Limited,CUE DOTCOM PRÍVATE LIMITED,"Plot No 86 Rajeevnagar Boduppal, Hyderabad, Telangana","PLOT NO 86 RAJEEVNAGAR BODUPPAL, HYDERABAD, Andhra Pradesh"
false_negative,blocking_miss,S1-787386714,S2-659809511,,False,Vaughn Global P.C.,P.C. VAUGHN G1OBAL,"5950 Commonwealth Avenue, Fl 1, Chandler, AZ","5950. COMMONWEALTH AVENUE, ANDERSEN SPRINGS, AZ"
false_negative,blocking_miss,S1-356583080,S2-797405801,,False,"Dani Denny, L.C.S.W.",Dani Deney L.C.S.W.,"1105 Gateway Boulevard, Unit 3104, Forney, TX","1105- GATEWAY BLVD, FORNEY, TX"
false_negative,blocking_miss,S1-824073,S2-111023168,,False,Urology Health Co,Urology-Hetgoah Co,"215 Scarlet Maple Lane, Bridgewater Town, VA","215 SCARLET MAPLE LN, VA, BRIDGEWATER TOWN, PO BOX 5524"
false_negative,blocking_miss,S1-9151019,S2-282283458,,False,Anvil LLC,L.L.C. ANVIL,"777 14th Street, Yuma, AZ","777- 14RD ST, YUMA, AZ"
false_negative,blocking_miss,S1-601868757,S3-80012656,,False,Pinnacle Oak Inc,Pinnacle Inc Center,"3904 Saul Road, Kensington, MD","Saul Rd, Kensington, Maryland"
false_negative,blocking_miss,S1-566410036,S2-373252990,,False,Super Infra Private Limited,Super Infra Limited Services,"Rh-32, Chrrysalis, Behind Wagheshwar Temple, Wagholi, Pune, Maharashtra",
false_negative,blocking_miss,S1-566410036,S3-669313964,,False,Super Infra Private Limited,Super,"Rh-32, Chrrysalis, Behind Wagheshwar Temple, Wagholi, Pune, Maharashtra","Maharashtra, Chrrysalis, Behind Wagheshwar Temple, Rh-32, Wagholi, Pune"
false_negative,blocking_miss,S1-128512636,S3-80345260,,False,Anchor Wholesale Global,Anchor Wohtsealse Global,"710 Beechwood Drive, Medina City, OH","710 Beechwood Drive, Medinna, Ohio"
false_negative,blocking_miss,S1-598574732,S2-17049867,,False,"Thompson, Domingo and Jones PLLC","Thompson, Domingo and Jones","Houston, TX, 2618 Mcilhenny Street","TX, HOUSTN CITY, 261 MCILHENNY STREET"
false_negative,blocking_miss,S1-419315083,S2-813137398,,False,Alpha Gujarat Software Private Limited,अल्फा गुजरात सॉफ्टवेयर प्राइवेट लिमिटेड,"Rz-3285 Third Floor, Gali No-37, Tughlakabad Extn Near Shahi Public School, New Delhi, South Delhi, Delhi","RZ-3285 THIRD FLOOR, SOUTH DELHI, NEW DELHI, Delhi"
false_negative,blocking_miss,S1-952209545,S2-978457572,,False,Brooks Boutique of Gambrills,Brooks Boutique of,"1433 Main Chapel Way, Unit 222, Gambrills, MD",
false_negative,blocking_miss,S1-1739052,S2-833875465,,False,Black Energy Private Limited,பிளாக் எனர்ஜி பிரைவேட் லிமிடெட்,"105, V.M. Street, Mylaporemadras-4., Madras-4., Chennai, Tamil Nadu","Tamil Nadu, 105, CHENNAI, MADRAS-4."
false_negative,blocking_miss,S1-1739052,S3-941266197,,False,Black Energy Private Limited,Blackenergy.Com,"105, V.M. Street, Mylaporemadras-4., Madras-4., Chennai, Tamil Nadu","105, Madras-4., Chennai, TN"
false_negative,numeric_conflict,S1-239873829,S2-405368607,0.2403584785110218,True,Wass & Manrique LLC,Wass Manrique LLC Services,"52 Post Place, Harrison, NY","0052 POST PL, HARRRISON, NY"
false_negative,text_variation_or_ambiguous,S1-883311621,S3-73245583,0.4024714557300006,True,East Vidyalaya Private Limited,East  Vidyalaya Private,"18/1 East Chinna Mariamman Koil St Karungalpalayam, Erode, Tamil Nadu","Erode, தமிழ்நாடு, 0018/1 East Chinna Mariamman Koil St Karungalpalayam, Erode"
false_negative,blocking_miss,S1-152973234,S3-878849354,,False,Manet Creative Orange,Manet Creative,"1035 Harmony Trail, TN, Pleasant View",
false_negative,missing_address,S1-192088795,S3-495425808,0.5645793250088569,True,ZPM Express Golden Inc,ZPM Express Golden Inc.,"102 11th Avenue, City Of Ashland, WI",
false_negative,missing_address,S1-708974373,S3-277985900,0.5942926976315834,True,Goble and Brinson Inc,Goble and Brinson,"10516 8th Avenue, WA, Spokane Valley",
false_negative,blocking_miss,S1-580554945,S2-414468859,,False,Certified Interprivate,Synnyla,"11851 Golden Hill Drive, Cincinnati, OH","CINCINNATI, OH, GOLDEN HILL DR"
false_negative,missing_address,S1-580554945,S3-771762146,0.5645793250088569,True,Certified Interprivate,Certified Interprivate,"11851 Golden Hill Drive, Cincinnati, OH",
false_negative,numeric_conflict,S1-675953087,S2-834747055,0.7086709139552906,True,Dermatology Vanguard Partners LLC,LLC DERMATOLOGY VANGUARD PÁRTNERS,"2478 Mccorkle Road, Lincolnton, NC","02478 MCCORKLE RD, LNCOLNTON, NC"
false_negative,missing_address,S1-675953087,S2-909562262,0.6080427383885837,True,Dermatology Vanguard Partners LLC,THE DERMATOLOGY VANGUARD PARTNERS LLC,"2478 Mccorkle Road, Lincolnton, NC",
false_negative,text_variation_or_ambiguous,S1-886809079,S3-482975685,0.6288847960392296,True,Family Foundation,Family Foundation - 2408856539,"TN, Knoxville, 5705 Summer Grove Lane","Summer Grove Ln, Tennessee, Knoxville"
false_negative,blocking_miss,S1-695462450,S2-124839068,,False,Global Consultants Private Limited,ग्लोबल कंसल्टेंट्स प्राइवेट लिमिटेड,"Neelkanth Chs, 3Rd Floor, Flat No. 11, Worli Hill Road, Mumbai, Maharashtra","NEELKANTH CHS, WORLI HILL ROAD, MUMBAI, महाराष्ट्र"
false_negative,blocking_miss,S1-829674552,S2-410762195,,False,My Impex,மை இம்பெக்ஸ்,"12/264 Nehru Streetvoc Colony Avanashi, Coimbatore District, Coimbatore, Tamil Nadu","11/264 NEHRU STRCETVOC COLONY AVANASHI, Tamil Nadu, TIRUPUR, COIMBATORE"
false_negative,text_variation_or_ambiguous,S1-829674552,S2-638700587,0.2803306539098139,True,My Impex,My Imepdx,"12/264 Nehru Streetvoc Colony Avanashi, Coimbatore District, Coimbatore, Tamil Nadu","H.NO 11/264 NEHRU STREETVOC COLONY AVANASHI, COIMBATORE DISTRICT, Tamil Nadu"
false_negative,blocking_miss,S1-340543187,S3-230248715,,False,Reliable Credit,Reliable Partners,"Silora Road, Maliyo Ki Badi, Kishangarh, Ajmer, Rajasthan","Silora Road, Maliyo Ki Badi, Kishangarh, Ajmer, राजस्थान"
false_negative,blocking_miss,S1-340543187,S3-352421786,,False,Reliable Credit,Shri Reliable Credit (Limited),"Silora Road, Maliyo Ki Badi, Kishangarh, Ajmer, Rajasthan","Silora Road, Maliyo Ki Badi, Ajmer, Kishangarh, RJ"
false_negative,blocking_miss,S1-819559371,S3-105554181,,False,Blue Network,Blue Network [Corporation],"9000 Hammond Drive, Unit Lot 45, Eden, NY","009000 Hammond Dr, # Lot 45, Eden, New York"
false_negative,text_variation_or_ambiguous,S1-819559371,S3-686807599,0.32674814161655796,True,Blue Network,Blue Network (Ltd),"9000 Hammond Drive, Unit Lot 45, Eden, NY","009000 Hammond Dr, # Lot 45, Eden, New York"
false_negative,text_variation_or_ambiguous,S1-341215425,S3-143834283,0.7288394422986723,True,Safe Electricity P.C.,Safe Electricity Inc,"4925 Shady Grove Road, Memphis, TN","Shady Grove Rd, Memphis, Tennessee"
false_negative,blocking_miss,S1-341215425,S3-519897026,,False,Safe Electricity P.C.,Safe Electericirty P.C.,"4925 Shady Grove Road, Memphis, TN","492 Shady Grove Road, Memphis, Tennessee"
false_negative,blocking_miss,S1-341215425,S3-757791274,,False,Safe Electricity P.C.,safeelectricity.com,"4925 Shady Grove Road, Memphis, TN","492 Shady Grove Rd, Tennessee, Memphis"
false_negative,blocking_miss,S1-338281539,S3-810198495,,False,"Allyson B. Chow, Ph.D.",Halowex,"345 Beechwood Street, Cohasset, MA","##345 Beechwood Street, Cohasset, Massachusetts"
false_positive,script_variation,S1-423022260,S3-626353255,0.773957030190036,True,Perfect Exports Private Limited,పర్‌ఫెక్ట్ గ్లోబల్ ప్రైవేట్ లిమిటెడ్,"Shop No G4, D No 11 159/6E/1, Sy 147/Part P No 21, Patawari Enclave, Gandhi Nagar, Road, Gandhi Nagar Road, Hyderabad, Telangana","Shop No G15., D No 11 159/6E/1, Sy 147/Part P No 21, Patawari Enclave, Gandhi Nagar, Road, Gandhi Nagar Road, Hyderabad, TG"
false_negative,script_variation,S1-423022260,S2-226432037,0.49646781377647703,True,Perfect Exports Private Limited,పర్‌ఫెక్ట్ ఎక్స్‌పోర్ట్స్ ప్రైవేట్ లిమిటెడ్,"Shop No G4, D No 11 159/6E/1, Sy 147/Part P No 21, Patawari Enclave, Gandhi Nagar, Road, Gandhi Nagar Road, Hyderabad, Telangana","#5-96 SHOP NO G4, D NO 11 159/6E/1, SY 147/PART P NO 21, PATAWARI ENCLAVE, GANDHI NAGAR, ROAD, GANDHI NAGAR ROAD, HYDERABAD, Andhra Pradesh"
false_negative,blocking_miss,S1-105388704,S3-872848417,,False,ZA Construction Private Limited,ZA Private Limited Center,"Khatauli Rural, Khatauli, Muzaffarnagar, Uttar Pradesh","Khatauli Rural, Khatauli, Muzaffarnagar, Ghaziabad, UP"
false_negative,text_variation_or_ambiguous,S1-21389958,S2-920651137,0.46494327339277464,True,"Ardella Moreno, DDS, P.C.","The Ardella Moreno, DDS, DDS, P.C.","Crystal, 3524 Perry Avenue, MN","3524 1/2 PERRY AVE, MINNEEAPOLIS, MN"
false_negative,similar_name_different_address,S1-21389958,S3-707976080,0.6659288702725371,True,"Ardella Moreno, DDS, P.C.","Ardella Moreno, DDS,","Crystal, 3524 Perry Avenue, MN","Perry Ave, Crystal, Minnesota"
false_negative,blocking_miss,S1-35730634,S3-669010998,,False,Womens Health Crystal Care Associates Inc,Womens Crystal Care Associates Inc Partners,"4010 Sweet Gum Trail, Kingwood, TX","4010 Swet Gum Trl, Kingwood, Texas"
false_negative,blocking_miss,S1-500502269,S2-517933253,,False,Sai Healthcare Limited,साईं हेल्थकेयर लिमिटेड,"South West Delhi, Tyagi Enclave, South West Delhi, Delhi, House No A-1","Delhi, SOUTH WEST DELHI, HOUSE NO A-1, SOUTH WEST DELHI"
false_negative,blocking_miss,S1-500502269,S3-284054580,,False,Sai Healthcare Limited,Sai Healtrhcale Limited,"South West Delhi, Tyagi Enclave, South West Delhi, Delhi, House No A-1",
false_negative,blocking_miss,S1-562809308,S2-50090558,,False,Total Packaging Ventures PC,Total Páckaging Ventures PC | (www.totalpck.com),"48 Second Street, Binghamton, NY","NY, 48 2ND ST, BINGHAMTON CITY"
false_negative,blocking_miss,S1-562809308,S2-937623872,,False,Total Packaging Ventures PC,Total Ventures PC Center,"48 Second Street, Binghamton, NY","2ND ST, BINGHAMTON CITY, NY"
false_negative,text_variation_or_ambiguous,S1-93984068,S3-423239929,0.6622887968689117,True,Golden Data Inc.,Go1den  Data,"2545 641, Fredonia, KY","641, Fredonia, Kentucky"
false_negative,blocking_miss,S1-783357029,S3-425103067,,False,Urology Medicine,Urology Medicine Inc.,"584 Marine Drive, Astoria, OR","588 Marine Dr, Astoria, Oregon"
false_negative,blocking_miss,S1-246054208,S2-44401414,,False,Aeolus Code,AEOLUS CODE COMPANY COMPANY,"Plot No 63, H No 1/278, Shirdi Sai Nagar Thazhambur Village, Kanchipuram, Chennai, Tamil Nadu",
false_negative,blocking_miss,S1-34652375,S2-500986686,,False,Vantari Restaurant Inc.,#VANTARIRESTAURANT,"17045 Glen Slay Road, Caldwell, OH","17045 GLEN SLAY ROAD, CALDELL TOWNSHIP, OH"
false_negative,text_variation_or_ambiguous,S1-34652375,S2-838644958,0.6138592240844452,True,Vantari Restaurant Inc.,Center Vantari Inc.,"17045 Glen Slay Road, Caldwell, OH","GLEN SLAY RD, CALDWELL, OH"
false_negative,text_variation_or_ambiguous,S1-345203691,S2-674323159,0.3841136156492941,True,Moon Academy PLLC,#21159 Moon Ácademy,"200 Riverside Drive, Utica, NY","200 RVERSIDE DR, NY, UTICA"
false_negative,blocking_miss,S1-798868518,S3-699334599,,False,Pacific Hennessy Inc,Pacific lnc Hennessy,"25448 44th Drive, Phoenix, AZ","25448 44th Drive, Phoneix, Arizona"
false_negative,blocking_miss,S1-575303121,S2-696504596,,False,Shyam Industries Private Limited,श्याम इंडस्ट्रीज प्राइवेट लिमिटेड,"C-5/108-109, Sector-6 Rohini, Delhi, West Delhi, Delhi","C-4/108-109, SECTOR-6 ROHINI, WEST DELHI, DELHI, दिल्ली"
false_negative,blocking_miss,S1-772695473,S2-993755056,,False,Jay Systems Private Limited,जय सिस्टम्स प्राइवेट लिमिटेड,"Bihar, C/O Rajiv Saraff, S/O Ram Bilas Saraff Subhash Chowk, Main Rd, Laxmipur Mohalla, Madhepura","C/O RAJIV SSRAFF, MADHEPURA, Bihar"
false_negative,blocking_miss,S1-177964962,S2-366140884,,False,Pediatric Dental Clinic Inc.,Pediatric Dental Cei Inc. | www.pediatric.com,"Houston, TX, 10148 Almeda Genoa Road","ALMEDA GENOA RD, HOUSTON, TX"
false_negative,blocking_miss,S1-177964962,S3-59338308,,False,Pediatric Dental Clinic Inc.,@pediatricdental,"Houston, TX, 10148 Almeda Genoa Road","10148 Almeda Genta Rd, Houston, Texas"
false_negative,text_variation_or_ambiguous,S1-489409216,S2-873393563,0.291857909398879,True,Helios Inc,Hleerois Inc,"Jasper, 2868 Jackson Hill Road, NY","2868 1/2 JACKSON HILL RD, NY, CANISTEO"
false_negative,missing_address,S1-298478262,S2-519856516,0.5823100567980746,True,Krebs's Coffee,Krebs's Coffee,"500 Glencoe Avenue, Upper Dublin Township, PA",
false_negative,text_variation_or_ambiguous,S1-298478262,S3-848993013,0.03477416458052618,True,Krebs's Coffee,Krebs's Coffee Corporation,"500 Glencoe Avenue, Upper Dublin Township, PA","Glencoe Ave, Fort Washington, Pennsylvania"
false_negative,blocking_miss,S1-234545954,S2-553042925,,False,Powell's Pilates LLC,powellspilates.com,"Austin, MN, 18925 575th Avenue","AUSTIN, 88925 575ND AVENUE, MN"
false_negative,numeric_conflict,S1-234545954,S3-324194039,0.1917514569938311,True,Powell's Pilates LLC,>> Powell's Pilates,"Austin, MN, 18925 575th Avenue","8925 575th Ave, Austin, Minnesota"
false_negative,missing_address,S1-865071828,S3-17704898,0.6084341629934,True,Edrington and Cox LLC,Edrington and Cox,"46 Kenyon Place, Mount Vernon, NY",
false_negative,blocking_miss,S1-715109221,S3-344797692,,False,Historical Center,Historical Historical Centre,"195 Grayland Street, Lexington, NC",
false_negative,numeric_conflict,S1-19160593,S2-202713470,0.038139493011631255,True,A 5 Beacon Acp L.L.C.,A 5 Beacon Acp LLC,"12250 Cranford Drive, Prince William County, VA","012250 CRANFORD DR, WOODBRIDGE, VA"
false_negative,numeric_conflict,S1-19160593,S2-425091416,0.4587738006375526,True,A 5 Beacon Acp L.L.C.,A 5 5 BEACON ACP L.L.C.,"12250 Cranford Drive, Prince William County, VA","012250 CRANFORD DRIVE, WOODBRIDGE, VA"
false_negative,blocking_miss,S1-19160593,S2-841545974,,False,A 5 Beacon Acp L.L.C.,A 5 BNGOFCAON ACP L.L.C.,"12250 Cranford Drive, Prince William County, VA",
false_negative,numeric_conflict,S1-351959106,S3-159208116,0.3013280797897003,True,General Retail Global LLC,General Retail,"7441 Peony Drive, Halls Crossroads, TN","7248-D Peony Dr, Halls Crossroads, Tennessee"
false_negative,numeric_conflict,S1-351959106,S3-514523203,0.18484943627207884,True,General Retail Global LLC,Service General Retail LLC,"7441 Peony Drive, Halls Crossroads, TN","7248-D Peony Dr, Halls Crossroads, Tennessee"
false_negative,text_variation_or_ambiguous,S1-457975718,S3-676220790,0.6696359016491332,True,Cascade LP,Caroa LP,"400 Nelms Circle, Unit UNIT 113, Stafford County, VA","400 Nelms Cir, Unit UNIT 113, Stafford County, Virginia"
false_negative,numeric_conflict,S1-506170291,S2-595903373,0.0011705641323262548,True,Kemp Pennantpark LLC,Kemp Kemp Petnaengpark LLC,"Unit 24B, Selma, 601 Ricks Road, NC","599 RICKS RD, PO BOX 8931, SELMA, NC"
false_negative,similar_name_different_address,S1-506170291,S3-819583143,0.4735199967903931,True,Kemp Pennantpark LLC,Kemp Pennantpark L.L.C.,"Unit 24B, Selma, 601 Ricks Road, NC","Ricks Road, Selma, North Carolina"
false_negative,text_variation_or_ambiguous,S1-144843920,S3-777170780,0.38375904868164934,True,Piedmont Financial Inc,Piedmont Inc Services,"901 Parkland Place, Henrico County, VA","901-905 Parkland Place, Henrico County, Virginia"
false_negative,blocking_miss,S1-968825515,S2-465102075,,False,Twisted Hair Studio,Twisted Hair  Suao,"20150 Prairie Wind Road, Amarillo, TX","20150 PRAIRIE WID RD, AMARILLLO, TX"
false_negative,text_variation_or_ambiguous,S1-448569645,S2-230676810,0.2777797409518016,True,Auxvasse Economic Development Reliable Guild,Auxvasse Economic-Development Reliable Guild Association,"2605 240, Auxvasse, MO","8605 240, PMB 2210, AUXVASSE, MO"
false_positive,numeric_conflict,S1-44414728,S2-335408753,0.9312515255056735,True,Keus Group,KEUS GROUP GROUP,"38627 Galway Street, Sandy, OR","OR, 38629 GALWAY ST, SANDY"
false_positive,text_variation_or_ambiguous,S1-44414728,S2-500347472,0.8038573589665884,True,Keus Group,STRINGER HEARTLAND INC SERVICE,"38627 Galway Street, Sandy, OR","OR, SANDY, 38627 Galway Street"
false_negative,missing_address,S1-821917841,S2-195859824,0.40101868418468856,True,Reyna Vance LLC,Reyna  Vance L.L.C.,"6176 Cr 3, Sweeny, TX",
false_negative,text_variation_or_ambiguous,S1-821917841,S3-272161757,0.33707423778153855,True,Reyna Vance LLC,Reyna LLC Services,"6176 Cr 3, Sweeny, TX","617 Cr 3, Sweeny, Texas"
false_negative,blocking_miss,S1-821917841,S3-455719501,,False,Reyna Vance LLC,Vantageaviriza,"6176 Cr 3, Sweeny, TX","617 Cr 3, Sweeny, Texas"
false_negative,text_variation_or_ambiguous,S1-821917841,S3-988276893,0.19465533322865425,True,Reyna Vance LLC,Reyna Vance,"6176 Cr 3, Sweeny, TX","Sweeny, PMB 6391, 617 Cr 3, Texas"
false_negative,similar_address_different_name,S1-673107263,S3-602569934,0.09732813082392258,True,"Blakelee T. Ortiz, DPM Care",Tavovantage,"106 Gateway Parkway, Marble Falls, TX","106 Gateway Parkway, Marble Falls, Texas"
false_negative,blocking_miss,S1-428685792,S2-555035136,,False,Leo Ashford Inc,LEOASHFORD.COM,"2130 85th Avenue E, Unit APARTMENT  212, Tulsa, OK","2130 85st Ave East, TULSA, OK"
false_negative,blocking_miss,S1-428685792,S3-512635325,,False,Leo Ashford Inc,Leo Inc Partners,"2130 85th Avenue E, Unit APARTMENT  212, Tulsa, OK","2130b 85th Avenue East, Oklahoma, Tulsa"
false_positive,text_variation_or_ambiguous,S1-79044347,S3-94810566,0.8319211920139373,True,Allahabad Ai Private Limited,Allahabad Ai Exports Private,"T And T Associates, Uttar Pradesh, 33B/1 Tagore Town, Allahabad","G-45 T And T Associatss, 33B/1 Tagore Town, Allahabad, Mundera, उत्तर प्रदेश"
false_negative,missing_address,S1-908406768,S2-746902190,0.735955229821868,True,Mckie Quest Inc,MCKIE QÚEST INC,"1 Blackwood Court, Alexandria, KY",
false_negative,blocking_miss,S1-638359753,S2-125730260,,False,Sun Jewel Pvt Ltd,SUN PVT LTD SERVICES,"Vishwakarma Building, 86C, Topsia Road, 2Nd Floor, Kolkata, Kolkata, Howrah, West Bengal","VISHWAKARMA BUILDING, 26C, TOPSIA ROAD, 2ND FLOOR, KOLKATA, KOLKATA, West Bengal"
false_negative,text_variation_or_ambiguous,S1-638359753,S2-158901845,0.5641198282758135,True,Sun Jewel Pvt Ltd,M/s Sun Jewel (Pvt),"Vishwakarma Building, 86C, Topsia Road, 2Nd Floor, Kolkata, Kolkata, Howrah, West Bengal","VISHWAKARMA BUILDING, 26C, TOPSIA ROAD, 2ND FLOOR, KOLKATA, KOLKATA, West Bengal"
false_negative,text_variation_or_ambiguous,S1-638359753,S3-263321059,0.059241883088633374,True,Sun Jewel Pvt Ltd,Shri Sun Ltd Pvt Jewel,"Vishwakarma Building, 86C, Topsia Road, 2Nd Floor, Kolkata, Kolkata, Howrah, West Bengal","Vishwakarma Building, 86C, Topsia Road, 2Nd Floor, Kolkata, Kolkata Region, Howrah, WB"
false_negative,blocking_miss,S1-638359753,S3-350794709,,False,Sun Jewel Pvt Ltd,Sunjewel.Com (ID: 15167),"Vishwakarma Building, 86C, Topsia Road, 2Nd Floor, Kolkata, Kolkata, Howrah, West Bengal","Vishwakarma Building, Kolkata Region, Howrah, পশ্চিমবঙ্গ"
false_positive,similar_address_different_name,S1-365575739,S3-70357298,0.757452077717988,True,PKP Health,Belowex trading as Modern Tree Associates,"3209 Orchid Street, Pine Bluff, AR","3209 Orchid Street, AR, Pine Bluff"
false_negative,blocking_miss,S1-639077894,S2-131151818,,False,Life Exports Private Limited,लाइफ एक्सपोर्ट्स प्राइवेट लिमिटेड,"T-152 D, Ph-1, Npv Gurugram, Gurugram, Gurgaon, Haryana","#C-762 T-152 D, GURUGRAM, GURGAON, Haryana"
false_negative,blocking_miss,S1-639077894,S3-139226126,,False,Life Exports Private Limited,लाइफ एक्सपोर्ट्स प्राइवेट लिमिटेड,"T-152 D, Ph-1, Npv Gurugram, Gurugram, Gurgaon, Haryana","Hn 505/5 T-152 D, Ph-1, Npv Gurugram, Gurugram, Gurgaon, HR"
false_negative,blocking_miss,S1-639077894,S3-381102664,,False,Life Exports Private Limited,लाइफ एक्सपोर्ट्स प्राइवेट लिमिटेड,"T-152 D, Ph-1, Npv Gurugram, Gurugram, Gurgaon, Haryana","Hn 505/5 T-152 D, Ph-1, Npv Gurugram, Gurugram, Gurgaon, HR"
false_negative,blocking_miss,S1-639077894,S3-436447426,,False,Life Exports Private Limited,लाइफ एक्सपोर्ट्स प्राइवेट लिमिटेड,"T-152 D, Ph-1, Npv Gurugram, Gurugram, Gurgaon, Haryana","Hn 505/5 T-152 D, Gurgaon, Gurugram, HR"
false_negative,blocking_miss,S1-639077894,S3-538269599,,False,Life Exports Private Limited,Life Exbpgnrgt Private Limited,"T-152 D, Ph-1, Npv Gurugram, Gurugram, Gurgaon, Haryana","Hn 505/5 T-152 D, Gurugram, Gurgaon, HR"
false_negative,blocking_miss,S1-343993044,S3-476954592,,False,Ag Technologies (India) Private Limited,Shri Ag Technologies (noIiem) Private Limited,"Uttar Pradesh, Y Ii B-108 Trivenipuram Jhunsi, Allahabad",
false_negative,numeric_conflict,S1-708984443,S3-932104558,0.3396629674923208,True,YIM Aerospace,YIM Aerospace LP,"376 Suggs Road, Dunn, NC","37 Suggs Road, Dunn, North Carolina"
false_negative,blocking_miss,S1-408437526,S3-707710600,,False,Emerald,Brixdelta,"MT, Bozeman, 4650 Jackson Creek Road","4650c Jackson Creek Road, Bozeman, Montana"
false_negative,text_variation_or_ambiguous,S1-218721906,S3-834889437,0.02431048905588263,True,Champion Realtors Private Limited,Dr Champion Realtors,"17, Ring Road V N Coloney, Uttar Pradesh, Agra","H.no 401 17, Agra, UP"
false_negative,blocking_miss,S1-656324920,S2-914254710,,False,Lakshmi Infotech Private Limited,લક્ષ્મી ઇન્ફોટેક પ્રાઇવેટ લિમિટેડ,"Survey No- 987/3, B-106, Panchratna, Opp. Radhe Residency, Nava Naroda, Ahmedabad, Gujarat","NO 402/1 SURVEY NO- 987/3, AHMEDABAD, ગુજરાત"
false_negative,blocking_miss,S1-656324920,S2-920074196,,False,Lakshmi Infotech Private Limited,લક્ષ્મી ઇન્ફોટેક પ્રાઇવેટ લિમિટેડ,"Survey No- 987/3, B-106, Panchratna, Opp. Radhe Residency, Nava Naroda, Ahmedabad, Gujarat","SURVEY NO- 987/3, AHMEDABAD, Gujarat"
false_negative,blocking_miss,S1-656324920,S3-993737980,,False,Lakshmi Infotech Private Limited,લક્ષ્મી Infotech પ્રાઇવેટ લિમિટેડ,"Survey No- 987/3, B-106, Panchratna, Opp. Radhe Residency, Nava Naroda, Ahmedabad, Gujarat","Survey No- C-987/3, Ahmedabad, GJ"
false_negative,numeric_conflict,S1-298304997,S3-907865513,0.26829611332014414,True,Pelaez Allied Parts Partners,Pelaez Allied Parts Partners Corporation,"15 Sherry Lane, Darien, CT","0015 Sherry Ln, Darien, Connecticut"
false_negative,blocking_miss,S1-969918522,S2-921179152,,False,Urban Massage,Urban Mmssage,"1415 Poplar Street, Wamego, KS",
false_negative,blocking_miss,S1-969918522,S3-951125898,,False,Urban Massage,>> Urban  Massage Inc,"1415 Poplar Street, Wamego, KS","Kansas, 001415 Poplar Street, Wamego"
false_negative,blocking_miss,S1-450851340,S2-292846367,,False,Great Media Private Limited,ग्रेट मीडिया प्राइवेट लिमिटेड,"Lucknow, 7Th Floor, Shalimar Titanium Vibhuti Khand, Gomti Nagar, Lucknow, Uttar Pradesh, 702","702, LUCKNOW, Uttar Pradesh"
false_negative,blocking_miss,S1-450851340,S3-502214398,,False,Great Media Private Limited,ग्रेट मीडिया प्राइवेट लिमिटेड,"Lucknow, 7Th Floor, Shalimar Titanium Vibhuti Khand, Gomti Nagar, Lucknow, Uttar Pradesh, 702","0702, 7Th Floor, Shalimar Titanium Vibhuti Khand, Gomti Nagar, Lucknow, उत्तर प्रदेश"
false_negative,numeric_conflict,S1-450851340,S3-608789628,0.11789851897722146,True,Great Media Private Limited,Great Media Private Ltd,"Lucknow, 7Th Floor, Shalimar Titanium Vibhuti Khand, Gomti Nagar, Lucknow, Uttar Pradesh, 702","0702, Lucknow, UP"
false_negative,blocking_miss,S1-15819348,S2-426391393,,False,TE Leasing Private Limited,TE Leasing Private,"H.No.362 Dhondalgaon Tq Vaijapur Dist Aurangabad, Aurangabad, Maharashtra, Vaijapur",
false_negative,blocking_miss,S1-15819348,S3-184322434,,False,TE Leasing Private Limited,TE Private Limited Service Enterprises,"H.No.362 Dhondalgaon Tq Vaijapur Dist Aurangabad, Aurangabad, Maharashtra, Vaijapur",
false_negative,numeric_conflict,S1-533329878,S3-272112983,0.12786272405406013,True,636 Commerce Boulevard Apartments LLC,The 636 Commerce Boulevard Apartments LLC #35226,"8813 Regent Court, White Plains, MD","881 Regent Ct, White Plains, Maryland"
false_negative,blocking_miss,S1-422357075,S3-675602506,,False,Historical Coalition,hist0rical coalition,"222 Nicholson Avenue, Knoxville, TN","0222 Nicholson Ave, Knoxville, Tennessee"
false_negative,blocking_miss,S1-223602793,S3-908829925,,False,Ratan Polytechnic,Ratanpolytechnic.Com,"B- 316, Galaxy Business Park, Near Galaxy Heights, Opp. Kathwada G.I.D.C, S.P. Ring Road, Ahmedabad, Gujarat","Ahmedabad, GJ, B- D/316, Ahmedabad"
false_negative,numeric_conflict,S1-271371909,S2-418221431,0.4348414789117826,True,Sao Noble Inc,Sao Nóble-Incorporated,"8657 Building, Fort Irwin, CA","657 BUILDING, FT IRWIN, CA"
false_negative,numeric_conflict,S1-271371909,S2-865890488,0.691470085550147,True,Sao Noble Inc,saonob1e.com,"8657 Building, Fort Irwin, CA","657 BUILDING, FT IRWIN, CA"
false_negative,blocking_miss,S1-804289530,S3-358131762,,False,Cozy Cleaning Service!,Cozy  Cleaning Service! Enterprises,"4421 Wiles Road, Hamptonville, NC",
false_negative,numeric_conflict,S1-653269148,S3-222947148,0.05541888105944981,True,Brannen Medical Center,Brannen Center [Center],"MN, 14312 Alder Way, Rosemount","014312 Alder Way, Rosemount, Minnesota"
false_negative,blocking_miss,S1-963141879,S3-742338496,,False,Atlantic Institute VI,Atlantic Institute VÍ LP LP,"287 Valley Road, Brooks, ME","Maine, Valley Rd, Brooks"
false_positive,numeric_conflict,S1-502741365,S3-530224416,0.9834829685645904,True,Dumas Liberty Law Group LLC,Dumas Liberty Law Group LLC,"106 Blue Willow Drive, Houston, TX","107 Blue Willow Dr, Houston, Texas"
false_negative,text_variation_or_ambiguous,S1-834917746,S2-472431085,0.4476158148051258,True,ZRO Trinity,ZRO Center,"315 Laramie Street, Gillette, WY","315-319 LARAMIE STREET, GILLETTE, WY, PMB 5106"
false_negative,numeric_conflict,S1-834917746,S3-476778426,0.6591532397662305,True,ZRO Trinity,ZRO Trinity Co,"315 Laramie Street, Gillette, WY","0315 Laramie St, Gillette, Wyoming"
false_negative,numeric_conflict,S1-826471175,S3-75032756,0.2120361173664622,True,Frazier and Markowitz Newtekone,Frazier And Markowitz Newtekone Newtekone Corporation,"306 Scott Street, Alexis, IL","30 Scott St, Alexis, Illinois"
false_negative,numeric_conflict,S1-869185986,S2-499176437,0.13262187567298678,True,Aline Glavan Greenfire LLC,Aline 6lavan Greenfire,"902 Glenn Avenue, Springfield, MO","SPRINGFIELD, 00902 GLENN AVENUE, PMB 757, MO"
false_negative,blocking_miss,S1-374929792,S3-674494025,,False,International Industries Private Limited,इंटरनेशनल Industries Private Limited,"Sadar Bazar, Ground Floor, Haryana, Plot No. 172, Sector 38, Gurgaon","Ground Floor, Sadar Bazar, null, HR"
false_negative,missing_address,S1-826168213,S2-138028630,0.6890553533209599,True,Captain Traders Private Limited,Captain Traders Prívate Limited,"Vill Amarpur Urf Lathipur, Panchayat -Lattipur Uttar, Bihpur, Bhagalpur, Bihar",
false_negative,blocking_miss,S1-213456457,S2-103951571,,False,Bureau of Labor,((LABOR)) (LABOR) BUREAU-OF,"7232 150th Street, Unit #43, Lakewood, WA","#7232 150ND STREET, LAKEWOOD, WA"
false_negative,blocking_miss,S1-415939151,S3-168085490,,False,Dynamic Marketing Holdings PLLC,Dynamic Marketing H0ldings (PLLC),"4729 200th Street, Unit C221, Lynnwood, WA","729 200th St, # C221, Lynnwood, Washington"
false_negative,text_variation_or_ambiguous,S1-738521445,S2-566677160,0.610364365948291,True,Select Interstate Rio LLC,sirio.com,"229703 107, Town Of Stettin, WI","TOWN OF STETTIN, 229703 107, WI"
false_negative,blocking_miss,S1-738521445,S3-565465315,,False,Select Interstate Rio LLC,Select Interstate LLC Center,"229703 107, Town Of Stettin, WI",
false_negative,blocking_miss,S1-649300920,S2-255970154,,False,Heartland Health Center,HEARTLAND HEALTH  CENTER LP,"2727 Pembsly Drive, Fairfax County, VA","2727 PEMBSLY DRIVE, PMB 9388, VENNA, VA"
false_negative,blocking_miss,S1-649300920,S3-438067131,,False,Heartland Health Center,Heartland Health Center (LP),"2727 Pembsly Drive, Fairfax County, VA","2727 Pembsly Dr, Vienna, Virginia"
false_negative,blocking_miss,S1-649300920,S3-985390245,,False,Heartland Health Center,Heartland Hhet Center,"2727 Pembsly Drive, Fairfax County, VA","2727 Pembsly Dr, Vienna, Virginia"
false_negative,blocking_miss,S1-864397518,S2-69964761,,False,Rennie Brady Sterling Gaming,RENNIE [BRADY],"2266 Wearkley Road, Wayland, NY",
false_negative,similar_name_different_address,S1-525837428,S3-632477960,0.6046524557716092,True,Kbh Builders Private Limited,Shri Kbh Builders Prívate Limited,"108, Shreenath Nagar, Girwa, Udaipur, Rajasthan","H.no 915 108, Girwa, Udaipur, राजस्थान"
false_positive,text_variation_or_ambiguous,S1-53517946,S3-146653367,0.9353232246532265,True,New Delhi Century Pvt Ltd,New Delhi Century Group Pvt,"Delhi, New Delhi, East Delhi, 27/96-2A Jwala Nagarshahdara","27/96-9A Jwala Nagarshahdara, New Delhi, East Delhi, DL"
false_negative,blocking_miss,S1-76098883,S3-500671418,,False,Silver Cleaning Service LLC,Silver Cleaning  Service,"2401 Village Lane, OK, Ardmore, Unit I8","2401a Village Lane, # I8, Ardmore, Oklahoma"
false_negative,text_variation_or_ambiguous,S1-285759789,S2-866592637,0.6997535720415697,True,Mysore India Private Limited,Mysore Irindai Private Private Limited,"22/B Bm Habitat Mall 2 Fl, Jayalakshmipuram 3R Block, Mysore, Karnataka","22/B BM HABITAT MALL 2 FL, JAYALAKSHMIPURAM 3R BLOCK, MYSORE, ಕರ್ನಾಟಕ"
false_negative,text_variation_or_ambiguous,S1-285759789,S3-644618140,0.6184734955765879,True,Mysore India Private Limited,Mysore India Limited Center,"22/B Bm Habitat Mall 2 Fl, Jayalakshmipuram 3R Block, Mysore, Karnataka","KA, Jayalakshmipuram 3R Block, Mysore, 2/B Bm Habitat Mall 2 Fl, Mysuru"
false_negative,text_variation_or_ambiguous,S1-487624099,S3-868949564,0.41722451214083184,True,ZTS Better Japan,ZTS Better Services,"Clay, NY, 6819 Ebury Court","Ebury Ct, Clay, New York"
false_negative,missing_address,S1-922792665,S2-215944557,0.6051725812878442,True,Pinnacle Trading Products LLC,Pinnacle Trading Products,"6332 Chappelle Lane, Montgomery, AL",
false_negative,blocking_miss,S1-143381988,S3-438137893,,False,Safe Cascade Limited Inc,safecascade.com,"7396 Bayou Bend Cove, Memphis, TN","Tennessee, Memphis, ##7396 Bayou Bend Cv"
false_negative,blocking_miss,S1-94716216,S3-262518349,,False,International Investments Private Limited,इंटरनेशनल इन्वेस्टमेंट्स प्राइवेट लिमिटेड,"5A/24, Ansari Road, New Delhi, Delhi","5A/24, Ansari Road, NULL, दिल्ली"
false_negative,blocking_miss,S1-94716216,S3-942950354,,False,International Investments Private Limited,International Investments Limited Center,"5A/24, Ansari Road, New Delhi, Delhi","5A/24, Ansari Road, NULL, DL"
false_negative,blocking_miss,S1-828437606,S3-415917496,,False,Lenee Crossland Complete Medicines Inc,lccrossland.com,"409 Houston Avenue, Crookston, MN","40 Houston Ave, Crookston CIYT, Minnesota"
false_negative,numeric_conflict,S1-828437606,S3-498035850,0.2953748894039654,True,Lenee Crossland Complete Medicines Inc,Lenee Crossland Complete Medicines,"409 Houston Avenue, Crookston, MN","40 Houston Avenue, Crookston CIYT, Minnesota"
false_negative,numeric_conflict,S1-828437606,S3-653440739,0.24561061302423196,True,Lenee Crossland Complete Medicines Inc,Lenee Crossland Complete,"409 Houston Avenue, Crookston, MN","40 Houston Avenue, Crookston CIYT, Minnesota"
false_negative,blocking_miss,S1-59387557,S3-151339958,,False,Sree Shiv Products Pvt Ltd,sreeshivproducts.com,"Shop No Cp-6/4 Shekhupura Kursi Road, Lucknow, Uttar Pradesh","Shpo No Cp-6/4 Shekhupura Kursi Road, Lucknow, उत्तर प्रदेश"
false_negative,blocking_miss,S1-190499052,S2-348368772,,False,Ria & Sons Private Limited,riasons.com,"275 G S T Road, Chrompet, Kancheepuram, Chennai, Tamil Nadu","275 G S T ROAD, CHROMPET, KANCHEEPURAM, Tamil Nadu"
false_negative,blocking_miss,S1-190499052,S2-458286609,,False,Ria & Sons Private Limited,Ria + Sons Pivnae-Limited,"275 G S T Road, Chrompet, Kancheepuram, Chennai, Tamil Nadu",
false_negative,text_variation_or_ambiguous,S1-37127839,S2-126129585,0.3079388547307819,True,Montez Allspring PC,Montez Aolasmrig PC,"397 2 Street, Brooklyn, NY","39 2 ST, BROOKLYN, NY"
false_negative,missing_address,S1-70725161,S2-883484170,0.5823100567980746,True,Richey Custom Express L.L.C.,Richey Custom Express  L.L.C.,"4789 Sandra Lane, White Bear Lake, MN",
false_negative,missing_address,S1-70725161,S3-130469004,0.5645793250088569,True,Richey Custom Express L.L.C.,Richey  Custom Express L.L.C.,"4789 Sandra Lane, White Bear Lake, MN",
false_negative,blocking_miss,S1-70725161,S3-310909427,,False,Richey Custom Express L.L.C.,Richeycustomexpress.Com,"4789 Sandra Lane, White Bear Lake, MN","004789 Sandra Lane, ST PAUL, Minnesota"
false_negative,numeric_conflict,S1-70725161,S3-379310197,0.09550073305244351,True,Richey Custom Express L.L.C.,Richey Cfusotm Express L.L.C.,"4789 Sandra Lane, White Bear Lake, MN","004789 Sandra Ln, Minnesota, ST PAUL"
false_negative,numeric_conflict,S1-70725161,S3-448670802,0.21816618355669437,True,Richey Custom Express L.L.C.,Richey Custom (Express),"4789 Sandra Lane, White Bear Lake, MN","004789 Sandra Lane, ST PAUL, Minnesota"
false_negative,numeric_conflict,S1-973370710,S3-370108134,0.22136811082240965,True,Bricks Trading Private Limited,Bricks Trading Private,"Flat No-16, Abubakar Mahal Dadabhai Road, Andheri West, Mumbai, Mumbai City, Maharashtra","Flat No-016, Mumbai, MH"
false_positive,missing_address,S1-307957700,S3-130757795,0.7535303610233421,True,Surya Technology,Surya Téchnology,"46/B, Subhash Pally, Amar Basha 3Rd Floor Lp-168/3/1, Near Shreecolony Bazar, Kolkata, Kolkata, Howrah, West Bengal",
false_negative,blocking_miss,S1-307957700,S2-887208742,,False,Surya Technology,সূর্য টেকনোলজি,"46/B, Subhash Pally, Amar Basha 3Rd Floor Lp-168/3/1, Near Shreecolony Bazar, Kolkata, Kolkata, Howrah, West Bengal","G-46/B, KOLKATA, পশ্চিমবঙ্গ"
false_negative,script_variation,S1-825676624,S2-229663841,0.2843565643874678,True,Alpha Power Private Limited,अल्फा पावर प्राइवेट लिमिटेड,"1362, Akhada Chouk, Tikari, Betul, Madhya Pradesh","BETUL, 1362, मध्य प्रदेश"
false_negative,script_variation,S1-825676624,S3-401231361,0.1369319402562559,True,Alpha Power Private Limited,अल्फा पावर Private Limited,"1362, Akhada Chouk, Tikari, Betul, Madhya Pradesh","1362, Betul, मध्य प्रदेश"
false_negative,numeric_conflict,S1-432152208,S2-285548267,0.34101160328143604,True,Kudal Infraspace Private Limited,KUDAL INFRASPACE PRRIVTE LIMITED,"Ho. No. 1884, Posve Wadi, Kudal, Sindhudurg, Maharashtra","HO. NO. 188, POSVE WADI, KUDAL, महाराष्ट्र"
false_negative,numeric_conflict,S1-432152208,S2-329322943,0.6875303353302314,True,Kudal Infraspace Private Limited,Kudal lnfraspace Private Limited,"Ho. No. 1884, Posve Wadi, Kudal, Sindhudurg, Maharashtra","HO. NO. 188, POSVE WADI, KUDAL, Maharashtra"
false_negative,numeric_conflict,S1-432152208,S2-991664396,0.5390476323592605,True,Kudal Infraspace Private Limited,Kudal Infraspace Private,"Ho. No. 1884, Posve Wadi, Kudal, Sindhudurg, Maharashtra","HO. NO. 188, POSVE WADI, KUDAL, Maharashtra"
false_negative,numeric_conflict,S1-657275106,S2-546173610,0.3020836397536844,True,Lowe Metlife,LOWE METLIFE INC,"18 Beechpoint Drive, Oxford, OH","0018 BEECHPOINT DRIVE, OXFOR DCITY, OH"
false_negative,blocking_miss,S1-657275106,S3-373211951,,False,Lowe Metlife,Lowe Metmfaie,"18 Beechpoint Drive, Oxford, OH",
false_negative,blocking_miss,S1-657275106,S3-650016665,,False,Lowe Metlife,Lowe Mfehdlie,"18 Beechpoint Drive, Oxford, OH",
false_negative,similar_name_different_address,S1-503544863,S2-105850942,0.5926009967018795,True,Furman Berto Inc,FURMAN  BERTO INC,"Prince William County, Unit UNIT 2029, VA, 2300 Vantage Drive","VA, WOODBRIDGE, 2300 VRNTAGE DR"
false_negative,blocking_miss,S1-606803867,S2-827144090,,False,Prime Finance Private Limited,ప్రైమ్ ఫైనాన్స్ ప్రైవేట్ లిమిటెడ్,"1-2-410/1/3 Gaganmahal Colony, Hyderabad, Telangana","NO 1-2-410/1/3 GAGANMAHAL COLONY, HYDERABAD, NARAYANAGUDA, Telangana"
false_positive,text_variation_or_ambiguous,S1-765467928,S2-643177095,0.7840053658072238,True,Aalam & Co,Aalam & Co Group,"Kallitanada Mini Bypass Road, Po Puthuyara, Kozhikode, Kerala","NO 94 KALITANADA MINI BYPASS ROAD, PO PUTHUYARA, KOZHIKODE, കേരളം"
false_negative,blocking_miss,S1-214880510,S3-730578019,,False,Surgical Center Inc,Surgical Center Incorporated,"26885 Royalton Road, Columbia Station, OH","46885 Royalton Road, Columbia Station, Ohio"
false_negative,blocking_miss,S1-893632014,S2-759347438,,False,Satish Commercial Private Limited,SATISH LIMITED PRIVATE (COMMERCIAL),"Manjila House, Thrissur, Kerala, Sreepadam Avenue, Cheroor Road",
false_negative,similar_address_different_name,S1-430637358,S3-612289004,0.6932357480347066,True,Solutions Vira Products Private Limited,Avisyncalo,"74/2 Radha Krishna Ward, Sardar Ward Near Malviya Aara Machine, Piparia, Hoshangabad, Madhya Pradesh","74/2 Radha Krishna Ward, Sardar Ward Near Malviya Aara Machine, Madhya Pradesh, Hoshangabad, Piparia"
false_negative,blocking_miss,S1-629548584,S2-405331420,,False,Allied Cardiology,Allied Center,"4406 Rio Street, Farmington, NM","004406 Rio St, FARMINGTON, NM"
false_negative,numeric_conflict,S1-629548584,S2-668268053,0.667371123024441,True,Allied Cardiology,ALLIED CARDIOLOGY CORP,"4406 Rio Street, Farmington, NM","004406 RIO ST, FARMINGTON, NM"
false_negative,blocking_miss,S1-629548584,S3-870484133,,False,Allied Cardiology,Allied [Cardiology],"4406 Rio Street, Farmington, NM",
false_negative,missing_address,S1-410868493,S3-964388713,0.5826881975317891,True,India Harshal Iron Private Limited,India Harshal íron Private Limited,"Floor-Grd, Plot-13/39, Jivan Maharaj Chawl, Mota Mandir Marg, J M Compound Chandi Gully, K, Albadevi, Maharashtra, 8, Mumbai, Mumbai City",
false_negative,blocking_miss,S1-849674294,S2-408253716,,False,Krish & Co,Krish [&],"Kalyan Bux Agarwal, Shop No.-42, 2Nd Floor, Prem Nagar, Khatipura Road, Jhotwara, Jaipur, Rajasthan",
false_negative,blocking_miss,S1-857660674,S2-893258628,,False,Unique Management Private Limited,યુનિક મેનેજમેન્ટ પ્રાઇવેટ લિમિટેડ,"F-104, Shukan Orchid, New C G Road, Chandkheda, Gandhinagar, Ahmedabad, Gujarat","F-04, AHMADABAD, ગુજરાત"
false_negative,blocking_miss,S1-857660674,S2-914466365,,False,Unique Management Private Limited,યુનિક મેનેજમેન્ટ પ્રાઇવેટ લિમિટેડ,"F-104, Shukan Orchid, New C G Road, Chandkheda, Gandhinagar, Ahmedabad, Gujarat","F-04, AHMADABAD, ગુજરાત"
false_negative,blocking_miss,S1-857660674,S3-308758838,,False,Unique Management Private Limited,યુનિક મેનેજમેન્ટ પ્રાઇવેટ લિમિટેડ,"F-104, Shukan Orchid, New C G Road, Chandkheda, Gandhinagar, Ahmedabad, Gujarat","F-104, Ahmedabad, Gandhinagar, ગુજરાત"
false_negative,numeric_conflict,S1-781757749,S2-518242516,0.32602560765018407,True,Wind's Colonial Cleaning Service,Wind's Colonial Cleaning Service Inc.,"Grand Prairie, TX, 623 Winding Forest Drive","753 WINDING FOREST DRCVE, GRAND PRAIRIE, TX"
false_negative,blocking_miss,S1-430478319,S3-566068724,,False,Al Constructions,Lumevohalo,"C/O Sadashiv Shripati Balwadkar, Sharad Sales Corporation, Opp. Laxmi Tem, Ple, Pune, Maharashtra, Balewadi","C/o Sadashiv Shripati Balwadkar, Sharad Sales Corporation, Opp. Laxmi Tem, Ple, Balewadi, Pune, महाराष्ट्र"
false_negative,blocking_miss,S1-143601173,S2-92268081,,False,Guru Marketing Limited,गुरु मार्केटिंग लिमिटेड,"C-6/8A, Keshav Puram North West Delhi, Delhi, North West, Delhi","H.NO 512  C-6/8A, DELHI, NORTH WEST"
false_negative,numeric_conflict,S1-600106886,S2-238029333,0.17493808906891065,True,Carlstrom's Retail,Carlstrom's Center,"436 Pine Lake Circle, Vernon Hills, IL","00436 PINE LAKE CIRCLE, VERNON HILLS, PMB 9060, IL"
false_negative,similar_name_different_address,S1-172684807,S2-153711291,0.11297246504478996,True,Abis Producer Pvt Ltd,>> Abis Producer Pvt,"Mumbai, B-722, Floor-7, Plot-616, B/1, Swarajya Chs, Senapati Bapat Marg, Shroffwadi Kamgar Stadium, Maharashtra, Mumbai","B-722, MUMABI, MUMBAI, महाराष्ट्र"
false_positive,text_variation_or_ambiguous,S1-782832967,S3-536602807,0.8430501916938492,True,Associated & Sons Company,(Service) Associated Sons Enterprises Company,"24Kamarajar Nagar Ramanathapuram, Coimbatore-641 045, Coimbatore, Tamil Nadu","TN, Coimbatore, 28Kamarajar Nagar Ramanathapuram, Coimbatore-641 045"
false_negative,blocking_miss,S1-782832967,S2-556309588,,False,Associated & Sons Company,ASSOCIATED &  SONS CO,"24Kamarajar Nagar Ramanathapuram, Coimbatore-641 045, Coimbatore, Tamil Nadu","24KAMARAJAR NAGAR RAMANATHAPURAM, COIMBATORE-641 045, தமிழ்நாடு"
false_negative,text_variation_or_ambiguous,S1-768754419,S2-512619765,0.33411154467457743,True,Mumbai Exim Pvt. Ltd.,Mumbai  Exim,"703, Girnar Building, 69, Tardeo Road, Mumbai, Mumbai City, Maharashtra","00703, GIRNAR BUILDING, 69, TARDEO ROAD, MUMBAI, Maharashtra"
false_negative,blocking_miss,S1-61013035,S3-762218997,,False,Supreme Talent Dynamics LLC,Supreme  Talent,"660 County Road 421, Evant, TX",
false_negative,script_variation,S1-315845040,S2-443798594,0.6095158137435521,True,Shree Infrastructure Pvt Ltd,श्री इंफ्रास्ट्रक्चर प्रा. लि.,"C/O Dawarka Pal, Sirsa, Mandi Dabwali, Dabwali, Haryana","MANDI DABWALI, Haryana, DABWALI, SIRSA, #552- C/O DAWARKA PAL"
false_negative,script_variation,S1-315845040,S3-78470048,0.6617620084697602,True,Shree Infrastructure Pvt Ltd,श्री इंफ्रास्ट्रक्चर प्रा. लि.,"C/O Dawarka Pal, Sirsa, Mandi Dabwali, Dabwali, Haryana","Sirsa, Mandi Dabwali, HR, Dabwali, C/o Dawarka Pal"
false_negative,blocking_miss,S1-966267295,S3-561758355,,False,3472 Church Avenue Owners Corp,3472 Church Avenue Owners Corp Trust,"2904 Teton Drive, Rockford, IL",
false_negative,text_variation_or_ambiguous,S1-179311331,S3-13382021,0.6392255974372467,True,TFB Automotive Limited,TFB Automotive,"We Work Pavilion 62/63, Thepavilion Chruch Street, Bangalore North, Bangalore, Karnataka","#262 We Wok Pavilion 62/63, Thepavilion Chruch Street, Bangalore North, Bangalore, ಕರ್ನಾಟಕ"
false_negative,blocking_miss,S1-728702454,S3-62367872,,False,Interfaith Institute,Interfaith Service,"16751 Century Drive, Bend, OR","6751 Century Dr, Bend, Oregon"
false_negative,script_variation,S1-315890101,S2-452140952,0.7177698827445796,True,Ram Foundation LLP,ರಾಮ್ ಫೌಂಡೇಶನ್ ಎಲ್ಎಲ್‌ಪಿ,"Mandya, Vivekananda Road, Ashok Nagar, Mandya, D5/604/1409, Karnataka","D5/604/1409, VIVEKANANDA ROAD, ASHOK NAGAR, MANDYA, Karnataka"
false_negative,blocking_miss,S1-691570495,S3-273543965,,False,Foundation Abir Solutions Ltd,foundationabirsolutionscom,"Delhi, East Delhi, 4/2381, F/F. Gali No-10, Bihari Colony Shahdra, Railway Line, Delhi, Delhi","2381, Delhi, East Delhi, दिल्ली"
false_negative,blocking_miss,S1-971516040,S2-27621504,,False,Christ Israel,Christ Israel & Co,"220 Beach Road, Beekman, NY",
false_negative,blocking_miss,S1-971516040,S2-464110354,,False,Christ Israel,Christ-Isdgael,"220 Beach Road, Beekman, NY","220 BEACH RD, NY, POUGHQUAG"
false_negative,text_variation_or_ambiguous,S1-971516040,S3-135496502,0.13082673708401585,True,Christ Israel,Christ Israel,"220 Beach Road, Beekman, NY","220C Beach Rd, Poughquag, New York"
false_negative,blocking_miss,S1-562296735,S2-188506863,,False,Main Street Yoga,Main Street,"2024 Holland Avenue, Springfield, MO","2024 HOLLAND AVE, SPRINGGFIELD CDP, MO"
false_negative,blocking_miss,S1-562296735,S3-524401539,,False,Main Street Yoga,Éctoiri,"2024 Holland Avenue, Springfield, MO","2024 Holland Ave, Springfield, Missouri"
false_negative,text_variation_or_ambiguous,S1-508780692,S2-628792467,0.44950418115072105,True,"Purcell, Mccrillis and Saephan Machines","Purcell, Mccrillis (&)","102 Tangley Road, Minot Afb, ND","102 1/2 TANGLEY RD, MINOT AFB, ND"
false_negative,missing_address,S1-496357256,S2-781929092,0.5823100567980746,True,Rapid Supply Works Inc,Rapid Supply  Works (Inc),"122 Meadow Run, Coppell, TX",
false_negative,blocking_miss,S1-238657866,S2-517283703,,False,Online Infra Private Limited,onlineinfra.com,"106C Amherst Street, Kolkata, Calcutta, West Bengal","West Bengal, DOOR NO 506C AMHERST STREET, KOLKATA"
false_negative,blocking_miss,S1-668235908,S3-486151297,,False,Complete Platinum Lifestyle Inc,cplifestyle.com,"522 Mulberry Drive, Phoenix, AZ","522B Mulberry Drive, Osborn, Arizona"
false_negative,missing_address,S1-668235908,S3-833119983,0.5645793250088569,True,Complete Platinum Lifestyle Inc,Complete Platinum Lifestyle Inc.,"522 Mulberry Drive, Phoenix, AZ",
false_negative,blocking_miss,S1-300537257,S2-803853262,,False,Girard School of Medicine,girardschoolmedicinecom,"1350 Greenfield Road, AZ, Mesa, Unit 1203","GREENFIELD RD, MESA, AZ"
false_negative,text_variation_or_ambiguous,S1-345047726,S2-489159702,0.0238363394515996,True,Tonisoft Inc.,Aviarconyx,"2840 Pelham Avenue, Baltimore, MD","MD, BALTIMORE, #2840 PELHAM AVE"
false_positive,text_variation_or_ambiguous,S1-732864257,S2-556424684,0.8171109959967938,True,Mjk Mobility Care,Mjk Sports Care,"Bangalore, No.579, 32Nd D Cross 10Th Main Road, 4Th Block, Jayanagar, Golder Square Business Centre, Bangalore, Karnataka","056 GOLDER SQUARE BUSINESS CENTRE, NO.579, 32ND D CROSS 10TH MAIN ROAD, 4TH BLOCK, JAYANAGAR, BANGALORE, Karnataka"
false_negative,numeric_conflict,S1-520953029,S2-678477629,0.30390782844103875,True,Orbos Quantum LLC,Orbos  Queltm LLC,"502 Winslow Street, Freeport, IL","00502 WINSLOW ST, FREEPORT, IL"
false_positive,text_variation_or_ambiguous,S1-261647589,S2-546715825,0.9489535061611235,True,Quality Security Labs LLC,LTD QUALITY SECURITY LABS,"15501 1/2 1325, Austin, TX","15501 1/3 1325, AUSTIN CDP, TX"
false_negative,text_variation_or_ambiguous,S1-264681567,S2-143731993,0.6000729035419324,True,Anubhav Solution Private Limited,Mr Anubhav S0lution Private Ltd,"Gali Principal Harbhajan, Singh Wali, Noordi Road, Tarn Taran, Punjab","DOOR NO D/497 GALI PRINCIPAL HARBHAJAN, SINGH WALI, NOORDI ROAD, TATN TARAN, ਪੰਜਾਬ"
false_negative,blocking_miss,S1-264681567,S3-290141992,,False,Anubhav Solution Private Limited,Dr Anubhav Solution Pibavte Limited,"Gali Principal Harbhajan, Singh Wali, Noordi Road, Tarn Taran, Punjab","Gali Principal Harbhajan, Singh Wali, Noordi Road, Tarn Taran, Palasaur, PB"
false_negative,text_variation_or_ambiguous,S1-264681567,S3-43344286,0.7147276443885135,True,Anubhav Solution Private Limited,Private Anubhav Seatan Limited,"Gali Principal Harbhajan, Singh Wali, Noordi Road, Tarn Taran, Punjab","Gali Principal Harbhajan, Singh Wali, Noordi Road, Tarn Taran, Palasaur, PB"
false_negative,numeric_conflict,S1-342020099,S2-747648840,0.6440281274106924,True,American Perfect LLC,American Perfect,"Spokane, WA, 2617 Monroe Street","617 MONROE ST, SPOKANE, WA"
false_negative,blocking_miss,S1-342020099,S2-895492992,,False,American Perfect LLC,American Pefnt LLC,"Spokane, WA, 2617 Monroe Street","617 MONROE ST, SPOKANE, WA"
false_negative,blocking_miss,S1-495504783,S3-579262199,,False,Venika Memorial Trust Ltd,Shri Synvantagesol,"Lucknow, Uttar Pradesh, 12/431/1 Indira Nagar, Lucknow","12/431/1 Indira Nagar, Lucknow, UP"
false_negative,blocking_miss,S1-555191033,S2-580023329,,False,Eastern Business Private Limited,EASTERN BUSINESS  PRIVATE,"E-34, Shastri Nagar, Bhilwara, Rajasthan","E-34 , SHASTRI NAGAR, राजस्थान"
false_negative,blocking_miss,S1-555191033,S3-678508327,,False,Eastern Business Private Limited,Eastern Private Limited (Service),"E-34, Shastri Nagar, Bhilwara, Rajasthan",
false_negative,blocking_miss,S1-173711629,S2-772652856,,False,Keystone Direct Biopharma,Dovadrex,"250 Paradise Road, Benner Twp, PA","250D PARADISE RD, BELLEFONTE, PA"
false_negative,blocking_miss,S1-173711629,S3-267242508,,False,Keystone Direct Biopharma,keystonedirectbiopharmacom,"250 Paradise Road, Benner Twp, PA","250 Paradise Rd, Bellefonte, Pennsylvania"
false_negative,text_variation_or_ambiguous,S1-173711629,S3-67505908,0.5696991069754404,True,Keystone Direct Biopharma,Keystone Direct | www.keystoned.com,"250 Paradise Road, Benner Twp, PA","250 Paradise Road, Benner Twp, Pennsylvania"
false_negative,blocking_miss,S1-173711629,S3-963902012,,False,Keystone Direct Biopharma,kéystonedirectbiopharma.com,"250 Paradise Road, Benner Twp, PA","250 Paradise Rd, Bellefonte, Pennsylvania"
false_negative,blocking_miss,S1-743399721,S2-88768189,,False,Drayium Made LP,drayiummade.com,"5629 Lafayette Street, Portland, OR","005629 LAFAYETTE STREET, PORTLAND, OR"
false_negative,script_variation,S1-271305154,S2-598467857,0.25176026396033285,True,Galaxy Jai Marketing Pvt Ltd,गैलेक्सी जय मार्केटिंग प्रा. लि.,"Classic Tower'' Flat No-807, Maharashtra, Navi Mumbai, Raigarh, Plot No-11 Sect-18, Taloja Pachnand, Phase-Ii, Tal-, Panvel","H.NO 415 CLASSIC TOWER'' FLAT NO-807, NAVI MUMBAI, RAIGARH, Maharashtra"
false_negative,script_variation,S1-271305154,S2-612864192,0.3909241722323609,True,Galaxy Jai Marketing Pvt Ltd,गैलेक्सी जय मार्केटिंग प्रा. लि.,"Classic Tower'' Flat No-807, Maharashtra, Navi Mumbai, Raigarh, Plot No-11 Sect-18, Taloja Pachnand, Phase-Ii, Tal-, Panvel","CLASSIC TOWER'' FLAT NO-807, NAVI MUMBAI, Maharashtra"
false_negative,script_variation,S1-271305154,S3-373657871,0.36920108361078074,True,Galaxy Jai Marketing Pvt Ltd,गैलेक्सी जय मार्केटिंग प्रा. लि.,"Classic Tower'' Flat No-807, Maharashtra, Navi Mumbai, Raigarh, Plot No-11 Sect-18, Taloja Pachnand, Phase-Ii, Tal-, Panvel","Classic Tower'' Flat No-807, Navi Mumbai, Raigarh, महाराष्ट्र"
false_positive,text_variation_or_ambiguous,S1-692215000,S2-383061891,0.979871852152749,True,Creations Seva Samiti,Pvt Creations Seva Samiti Ltd,"C/O Khairan Nesha, Vill And P.O Deulgram, P.S Bagnan, Howrah, West Bengal","#82 C/O KHAIRAN NESHA, VILL AND P.O DEULGRAM, P.S BAGNAN, HOWRAH, West Bengal"
false_negative,similar_address_different_name,S1-692215000,S2-774406160,0.13565156366774833,True,Creations Seva Samiti,BRIXVIO,"C/O Khairan Nesha, Vill And P.O Deulgram, P.S Bagnan, Howrah, West Bengal","C/O KHAIRAN NESHA, VILL AND P.O DEULGRAM, P.S BAGNAN, HOWRAH, West Bengal"
false_negative,text_variation_or_ambiguous,S1-885163523,S2-983804952,0.11243414641081294,True,Silver Biomedical Systems Inc.,sbsystems.com,"6923 Q, Town Of Kossuth, WI","6923 Q, MANITOWOC, WI"
false_negative,numeric_conflict,S1-669470635,S3-300041122,0.15583566999442577,True,Elnore Wilcox First Keystone LLC,Elnore Wilcox First LLC Services,"Seattle, WA, 4415 Francis Avenue","415 Francis Ave, Seattle, Washington"
false_negative,numeric_conflict,S1-669470635,S3-604996556,0.578134665603301,True,Elnore Wilcox First Keystone LLC,E1nore Wilcox First Keystone (LLC),"Seattle, WA, 4415 Francis Avenue","415 Francis Ave, Seattle, Washington"
false_negative,blocking_miss,S1-455545349,S3-142247190,,False,Apex Exports Private Limited,Apex Apex Private Exports-Limited,"Bidar, 1St Floor, 5Th Cross, Gandhi Nagar North, Mailoor, Karnataka, Bidar, #581",
false_negative,text_variation_or_ambiguous,S1-243027580,S3-316039791,0.6377786805982834,True,Darsh Academy,Darsh Adcnomy,"Hno : 2-1-88/1/2 Road No 3 Mallikarjuna Nagar Feerzadiguda, Uppal, Hyderabad, Telangana","Uppal, Andhra Pradesh, Hyderabad, Hno : #2-1-88/1/2 Road No 3 Mallikarjuna Nagar Feerzadiguda"
false_negative,blocking_miss,S1-157218305,S3-173147009,,False,Piedmont Council,Piedmont Council | www.piedmontc.com,"55 Hoover Avenue, Phoenix, AZ","Phoenix CITY, Arizona, Hoover Ave"
false_negative,blocking_miss,S1-359807248,S3-148495207,,False,Higgins Prime Cyber,Higgins Príme,"100 Bradley Place, Mineola, NY","100 Bradley Pl, Mnieola, New York"
false_negative,blocking_miss,S1-359807248,S3-795029541,,False,Higgins Prime Cyber,Higgins Prime,"100 Bradley Place, Mineola, NY","100 Bradley Pl, Mnieola, New York"
false_negative,blocking_miss,S1-359807248,S3-966207389,,False,Higgins Prime Cyber,Higgins [Prime],"100 Bradley Place, Mineola, NY","100 Bradley Pl, Mnieola, New York"
false_negative,missing_address,S1-678919013,S2-77517394,0.5823100567980746,True,Clear Printing Studios LLC,Clear Printing Studios Llc,"4200 Riverside Drive, Springfield, IL",
false_negative,blocking_miss,S1-108921738,S3-736217704,,False,Afro Holdings,Mr Afro,"5Th Floor, Novel Msr Park, K. No. 731/2389 93/9 Varthur Main Road, Munnekolalu, Mar, Athalli, Bangalore, Karnataka",
false_negative,missing_address,S1-668331805,S2-386605324,0.3749023497059344,True,Starlight Consultancy of Kolkata Pvt Ltd,Starlight Consultancy of Koiodnha Pvt Ltd,"West Bengal, Kolkata, 20B, Abdul Hamid Street 3Rd F, Esplanade, Kolkata, East India House, Howrah",
false_negative,blocking_miss,S1-851571447,S2-720140758,,False,Naya (India) Marketing Private Limited,Wexumbra,"101, Iind Floor, Gali No.-5, South Ganesh Nagar, Delhi, East Delhi, Delhi","101, IIND FLOOR, GALI NO.-5, SOUTH GANESH NAGAR, DELHI, EAST DELHI, दिल्ली"
false_negative,blocking_miss,S1-359759507,S3-288828090,,False,West Plaza Pvt Ltd,West Pvt Ltd (Center),"F-28, Industrial Area, Sikar, Rajasthan","F-28, Sikar, राजस्थान"
false_negative,blocking_miss,S1-359759507,S3-309638451,,False,West Plaza Pvt Ltd,West Plaa Pvt Ltd,"F-28, Industrial Area, Sikar, Rajasthan","F-28, Industrial Area, Sikar, RJ"
false_negative,blocking_miss,S1-359759507,S3-522729795,,False,West Plaza Pvt Ltd,Dr West Plaza Pvt,"F-28, Industrial Area, Sikar, Rajasthan","F-28, Sikar, RJ"
false_negative,blocking_miss,S1-359759507,S3-543031892,,False,West Plaza Pvt Ltd,Shri West Pgrla-Pvt Ltd,"F-28, Industrial Area, Sikar, Rajasthan","F-28, Industrial Area, Sikar, RJ"
false_negative,numeric_conflict,S1-510725858,S2-354248534,0.7046620286007909,True,Mysore It Private Limited,MYSORE IT-PIAIHET LIMITED,"1333, West 5Th Cross, Sharadavilas College Road Krishna Murthy Puram, Mysore, Karnataka","133, WEST 5TH CROSS, SHARADAVILAS COLLEGE ROAD KRISHNA MURTHY PURAM, MYSORE, Karnataka"
false_negative,numeric_conflict,S1-510725858,S2-80088508,0.6603850762173371,True,Mysore It Private Limited,MYSORE IT PRIVATE,"1333, West 5Th Cross, Sharadavilas College Road Krishna Murthy Puram, Mysore, Karnataka","133, WEST 5TH CROSS, SHARADAVILAS COLLEGE ROAD KRISHNA MURTHY PURAM, MYSORE, Karnataka"
false_negative,blocking_miss,S1-105117099,S2-66669808,,False,Madhura Association Private Limited,MADHURA ASSOCIATION PLIDATE LIMITED,"Khasra No. 14/23 Gali No-7, Block-G Landmark Na Saroop Nagar, New Delhi, Delhi",
false_negative,text_variation_or_ambiguous,S1-306251007,S2-617418995,0.24098642191400008,True,Brittain Array,BRITTAIN SERVICES,"180 Western Avenue, Kennebunk, ME","WESTERN AVENUE, KENNEBUNK, ME"
false_negative,numeric_conflict,S1-306251007,S3-504803009,0.3869608972936648,True,Brittain Array,Brittain Array Inc.,"180 Western Avenue, Kennebunk, ME","1 Western Ave, Kennebunk, Maine"
false_negative,blocking_miss,S1-140535022,S2-193947415,,False,Kings Shree,KINGSSHREE.COM,"Ashish S No 4612 Neardatta Mandir Chandan Nagar, Nagar Road, Pune, Maharashtra","H.NO 181 ASHISH S NO 4612 NEARDATTA MANDIR CHANDAN NAGAR, NAGAR ROAD, महाराष्ट्र"
false_negative,blocking_miss,S1-785169427,S2-703979713,,False,City Industries Private Limited,સિટી ઇન્ડસ્ટ્રીઝ પ્રાઇવેટ લિમિટેડ,"306 Vedant Opp Usmanpura Amc Office, Usmanpura Garden, B/H Jain Temple, Ahmadabad City, Ahmedabad, Gujarat","VEDANT OPP USMANPURA AMC OFFICE, AHMADABAD CITY, Gujarat"
false_negative,blocking_miss,S1-785169427,S3-355861163,,False,City Industries Private Limited,સિટી ઇન્ડસ્ટ્રીઝ પ્રાઇવેટ લિમિટેડ,"306 Vedant Opp Usmanpura Amc Office, Usmanpura Garden, B/H Jain Temple, Ahmadabad City, Ahmedabad, Gujarat","Vedant Opp Usmanpura Amc Office, Ahmedabad, GJ"
false_negative,blocking_miss,S1-785169427,S3-367358984,,False,City Industries Private Limited,સિટી ઇન્ડસ્ટ્રીઝ પ્રાઇવેટ લિમિટેડ,"306 Vedant Opp Usmanpura Amc Office, Usmanpura Garden, B/H Jain Temple, Ahmadabad City, Ahmedabad, Gujarat","Vedant Opp Usmanpura Amc Office, Ahmadabad City, GJ"
false_negative,blocking_miss,S1-785169427,S3-781427110,,False,City Industries Private Limited,cityindustries.com,"306 Vedant Opp Usmanpura Amc Office, Usmanpura Garden, B/H Jain Temple, Ahmadabad City, Ahmedabad, Gujarat","GJ, Vedant Opp Usmanpura Amc Office, Ahmedabad"
false_negative,text_variation_or_ambiguous,S1-580302230,S3-877338208,0.10504901492111847,True,Tirumala Producers LLP,Sri Tirumala Prdoucmsas LLP,"Unit No.808-B, Tower-I, Assotech Business Cresterra Sector-135, Noida, Gautam Buddha Nagar, Uttar Pradesh","Door No 00714 Unit No.808-b, Tower-i, Assotech Business Cresterra Sector-135, Gautam Buddha Nagar, Noida, UP"
false_negative,text_variation_or_ambiguous,S1-510175177,S3-718395673,0.6397749998624888,True,Summit Council,Summit Cénter,"3350 Cr 23, Burgoon, OH","3350 Cr 23, Burgoon, Ohio"
false_positive,text_variation_or_ambiguous,S1-499264053,S3-309702904,0.9428528617110928,True,Novara Pennymac Inc,Novarayn Pennymac,"18813 Poppyseed Lane, Germantown, MD","18813-18817 Poppyseed Ln, Germantown, Maryland"
false_negative,text_variation_or_ambiguous,S1-29741387,S3-555886429,0.5215893239901747,True,Spell & Co,Có & Spell,"17, Thattan Thottam, Cotton Market, South 2Nd Cross, Tirupur, Coimbatore, Tamil Nadu","17, Tirupur, Coimbatore, தமிழ்நாடு"
false_negative,blocking_miss,S1-397171769,S3-966835974,,False,Best Apparel Concepts,Best Aphrael Concepts,"131 Renea Lane, Mount Airy, NC",
false_negative,blocking_miss,S1-270651863,S3-328049059,,False,International Logistics Private Limited,International Logistics Private,"D-220, Vivek Vihar Phase-I, Delhi","D-220, East Delhi, Delhi, DL"
false_negative,similar_name_different_address,S1-893505556,S3-216452667,0.23816825201637634,True,Life Medical Centre Corp,Life Medical Cirtose Corp,"Indore, Khatiwala Tank, 167, Madhya Pradesh","167/7, Indore, Gawli Palasia, MP"
false_negative,blocking_miss,S1-854944120,S2-705941108,,False,South Midwest Coinshares LLC,Xylojax,"107 Elmhurst Place, Buffalo, NY","107 ELMHURST PL, BUFFALO, NY"
false_negative,numeric_conflict,S1-406154793,S3-773571237,0.2218352451673549,True,Lightbody Platinum Keycorp,The Lightbody  Platinum Keycorp,"405 Carolina Street, Palestine, TX","0405 Carolina St, Palestine, Texas"
false_negative,numeric_conflict,S1-203912415,S2-627512264,0.15302818064668233,True,BO Pioneer Consulting LLC,BO PIONEER (CONSULTING),"1512 Mount Torrey Road, Augusta County, VA","1514 MOUNT TORREY ROAD, AUGUSTA COUNTY, VA"
false_negative,blocking_miss,S1-203912415,S3-662083286,,False,BO Pioneer Consulting LLC,Violyraumbra,"1512 Mount Torrey Road, Augusta County, VA","1512 Mt Torrey Road, Augusta County, Virginia"
false_negative,numeric_conflict,S1-480496120,S2-210939777,0.21977300072251485,True,Cornerstone Commodity,Cornerstone Cornerstone Commodity | www.cornerston.com,"2393 Sandra Sue Drive, Unit APT J, Saint Louis, MO","2527 Sandra Sue Dr, SAINT LOUIS, MO"
false_negative,numeric_conflict,S1-480496120,S2-286074308,0.007211456968126042,True,Cornerstone Commodity,Cornerstone Pártners,"2393 Sandra Sue Drive, Unit APT J, Saint Louis, MO","2527 SANDRA SUE DR, SAINT LOUIS, MO"
false_negative,blocking_miss,S1-480496120,S3-276449653,,False,Cornerstone Commodity,Comerstone Center,"2393 Sandra Sue Drive, Unit APT J, Saint Louis, MO","2499 Sandra Sue Drive, Unit APT J, Saint Louis, Missouri"
false_negative,numeric_conflict,S1-808250383,S2-983644535,0.7076295210808321,True,Loschiavo Marine LLC,Loschiavo Mabre LLC,"7131 Leroy Way, Amarillo, TX","1131 LEROY WAY, AMARILLO, TX"
false_negative,numeric_conflict,S1-808250383,S3-166467954,0.23218962329568144,True,Loschiavo Marine LLC,Loschiavo Mraeige LLC,"7131 Leroy Way, Amarillo, TX","Texas, Amarillo, 7132 Leroy Way"
false_negative,numeric_conflict,S1-808250383,S3-199827435,0.33280769460589926,True,Loschiavo Marine LLC,Loschiavo Man LLC,"7131 Leroy Way, Amarillo, TX","7132 Leroy Way, Amarillo, Texas"
false_negative,blocking_miss,S1-657224022,S2-431903235,,False,Pediatric Dental Clinic LLC,PEDIATRIC DENTAL CLINIC Enterprises,"111 Franklin Avenue, Unit Apartment 2J, New Rochelle, NY",
false_negative,numeric_conflict,S1-697704738,S2-40336854,0.15030232564815463,True,Nedi's Supply,Nedi's Supply Corp,"315 4th Street, Yellville, AR","YELLVILLE, AR, 490 4TH STREET"
false_negative,blocking_miss,S1-510875410,S3-716607710,,False,Twisted Yoga,Twisted Ygsá,"ND, Sterling, 32101 17th Avenue","17th Avenue, Sterling, North Dakota"
false_negative,blocking_miss,S1-739680315,S3-313722389,,False,Clyent Blue Inc,blueclyent.com,"Pikeville, NC, 149 Cougar Lane","00149 Cougar Ln, Pikeville, North Carolina"
false_negative,blocking_miss,S1-773024902,S2-111655350,,False,Perfect Finance Pvt Ltd,perfectfinance.com,"995A/B, Block Wz, Pankha Road, New Delhi, South West Delhi, Delhi","995A/B, BLOCK WZ, PANKHA ROAD, NEW DELHI, Delhi"
false_negative,blocking_miss,S1-773024902,S2-233351405,,False,Perfect Finance Pvt Ltd,Shri perfectfinance.com,"995A/B, Block Wz, Pankha Road, New Delhi, South West Delhi, Delhi","995A/B, BLOCK WZ, PANKHA ROAD, NEW DELHI, Delhi"
false_negative,blocking_miss,S1-773024902,S2-258763135,,False,Perfect Finance Pvt Ltd,Perfect Pvt Ltd Center | www.perfectpv.com,"995A/B, Block Wz, Pankha Road, New Delhi, South West Delhi, Delhi","995A/B, BLOCK WZ, PANKHA ROAD, NEW DELHI, Delhi"
false_negative,script_variation,S1-773024902,S3-707326418,0.5766876616609302,True,Perfect Finance Pvt Ltd,Perfect फाइनेंस Pvt Ltd,"995A/B, Block Wz, Pankha Road, New Delhi, South West Delhi, Delhi","995A/B, South West Delhi, दिल्ली"
false_negative,blocking_miss,S1-773024902,S3-911985681,,False,Perfect Finance Pvt Ltd,परफेक्ट फाइनेंस प्रा. लि.,"995A/B, Block Wz, Pankha Road, New Delhi, South West Delhi, Delhi","995A/B, New Delhi, DL"
false_negative,blocking_miss,S1-706181983,S3-853573611,,False,Atlas Inc.,Atlas,"1427 Stu Lane, Kinston, NC","1427 Stu Ln, Kinston, North Carolina"
false_negative,text_variation_or_ambiguous,S1-980451523,S3-324374703,0.52792418550265,True,Tech Fortune Consulting Private Limited,*** Tech Fortune Consulting Limited Center,"C/O Rijwan, Chilkana Sadiqmohh. Dikko, Saharanpur, Uttar Pradesh","C/o Rijwan, Saharanpur, UP"
false_negative,blocking_miss,S1-855842036,S2-524439520,,False,Faith Nidhi Private Limited,Faith Ncoh Private Limited,"B-5 -87, Sec - 70 Noida, Noida, Gautam Buddha Nagar, Uttar Pradesh",
false_negative,text_variation_or_ambiguous,S1-855842036,S2-626158988,0.42113400164693865,True,Faith Nidhi Private Limited,Faith Private  Nidhi Limited | www.faithpriv.com,"B-5 -87, Sec - 70 Noida, Noida, Gautam Buddha Nagar, Uttar Pradesh","B-005 -87, SEC - 70 NOIDA, NOIDA, N/A, Uttar Pradesh"
false_negative,text_variation_or_ambiguous,S1-414446912,S2-581373881,0.2481120917025825,True,Vikash Commodeal,VIKASH  CENTER,"41/166, Khargupur, Hathibajar, Varanasi, Uttar Pradesh","H.NO 620 41/166, KHARGUPUR, HATHIBAJAR, VARANASI, Uttar Pradesh"
false_negative,missing_address,S1-414446912,S3-274239445,0.5645793250088569,True,Vikash Commodeal,Vikash  Commodeal,"41/166, Khargupur, Hathibajar, Varanasi, Uttar Pradesh",
false_negative,blocking_miss,S1-998244734,S3-652651600,,False,Morgan and Buck Ultra LLC,Morgan & Buck LLC Services,"793 Hodgdon Mills Road, Linneus, ME","0793 Hodgdon Mills Road, Houlton, Maine"
false_negative,similar_name_different_address,S1-395247390,S2-37984455,0.6792295851720562,True,CU Bain,CU  Bain,"14 A, Brookhaven, NY","HOLTSVILLE, 14 A, PO BOX 8758, NY"
false_negative,text_variation_or_ambiguous,S1-395247390,S3-120359601,0.0029997311282818385,True,CU Bain,CU Partners,"14 A, Brookhaven, NY","14 A, Holtsville, New York"
false_negative,text_variation_or_ambiguous,S1-395247390,S3-456735356,0.023288370762183173,True,CU Bain,CU Bain Corp,"14 A, Brookhaven, NY","Holbrook, A, New York"
false_negative,text_variation_or_ambiguous,S1-370178196,S2-626254907,0.004297638136173134,True,SXV Infrastructures Pvt Ltd,ISXV.COM,"Plot No. 12, Pragati Enclave, Chandrasekharpur, Bhubaneshwar, Khordha, Orissa","Odisha, KHORDHA, BHUBANESHWAR, H.NO 12"
false_negative,similar_address_different_name,S1-370178196,S3-412878679,0.6231418581289783,True,SXV Infrastructures Pvt Ltd,Ectogild,"Plot No. 12, Pragati Enclave, Chandrasekharpur, Bhubaneshwar, Khordha, Orissa","Plot No. 12, Pragati Enclave, Chandrasekharpur, Bhubaneshwar, Khordha, Orissa"
false_negative,blocking_miss,S1-715864654,S3-534106344,,False,"Martin, Hill and Cochran Metlife","MARTlN, HILL AND COCHRAN METLIFE","804 D Street, Mcalester, OK","806 D Street, Mcalester, Oklahoma"
false_negative,blocking_miss,S1-751121408,S3-969281397,,False,Midwest Society,MIDWEST SOCIETY,"288 Highland Street, MA, Unit 1, Boston",
false_negative,blocking_miss,S1-234085251,S3-585022937,,False,Wa & Sons Private Limited,WA & SONS PRIVATE LIMITED,"1/14, Asaf Ali Road, New Delhi, Delhi",
false_negative,blocking_miss,S1-178721833,S2-70818998,,False,Apex Engineering Pvt Ltd,Apex Engineering प्रा. लि.,"V-21 Sf V-1 Block, Rajouri Garden, New Delhi, West Delhi, Delhi","V-21. SF V-1 BLOCK, RAJOURI GARDEN, NEW DECHI, Delhi"
false_negative,blocking_miss,S1-178721833,S2-709587949,,False,Apex Engineering Pvt Ltd,एपेक्स इंजीनियरिंग प्रा. लि.,"V-21 Sf V-1 Block, Rajouri Garden, New Delhi, West Delhi, Delhi","V-21. SF V-1 BLOCK, NEW DELHI, WEST DELHI, Delhi"
false_negative,blocking_miss,S1-178721833,S3-990076725,,False,Apex Engineering Pvt Ltd,एपेक्स इंजीनियरिंग प्रा. लि.,"V-21 Sf V-1 Block, Rajouri Garden, New Delhi, West Delhi, Delhi","New Delhi, DL, V-21- Sf V-1 Block, New Delhi"
false_negative,text_variation_or_ambiguous,S1-219736549,S3-344784982,0.3538966227764021,True,Fresh Copper Corp,Fresh Cópper C0rp,"362 Hwy 7, Wilsonville, AL","Alabama, 36 Hwy 7, Wilsonville"
false_negative,text_variation_or_ambiguous,S1-219736549,S3-717806886,0.4267605153413991,True,Fresh Copper Corp,Fresh Copper,"362 Hwy 7, Wilsonville, AL","36 Hwy 7, Wilsonville, Alabama"
false_negative,text_variation_or_ambiguous,S1-219736549,S3-903913868,0.3030238706098289,True,Fresh Copper Corp,Fresh C0pr Corp,"362 Hwy 7, Wilsonville, AL","36 Hwy 7, Wilsonville, Alabama"
false_negative,numeric_conflict,S1-478188398,S3-377061257,0.7399567311242546,True,Complete Wireless Services LLC,Complete Wireless Servbeae LLC,"2410 Sussex Drive, Garland, TX","002410 Sussex Drive, Garland, Texas"
false_negative,blocking_miss,S1-809546938,S3-966146204,,False,Dream & Sons Public Limited,Mr Dream & Sons Public,"C/O Asha Bansal W/O Jugal, Kishor Aara Road Moga, Moga, Punjab","C/o Asha Bansal W/o Jugal, Kishor Aara Road Moga, Moga, Chirak, PB"
false_positive,text_variation_or_ambiguous,S1-936704535,S2-373778931,0.7585568235066873,True,Aditya Products Private Limited,Aditya Products Ventures Private,"Maharashtra, 10 Flr, Bldg 4, Weh, Wework Nesco It Park, Mumbai, Goregaon East","NO 0032 WEWORK NESCO IT PARK, 10 FLR, BLDG 4, WEH, GOREGAON EAST, Maharashtra"
false_negative,blocking_miss,S1-868382403,S2-465961118,,False,Ma Instruments Pvt Ltd,Ma Instruments Pvt Ltd.,"Flat No. 611, 6Th Floor, Panchratna, Mama Parmanand Marg, Opera H, Ouse, Mumbai, Mumbai City, Maharashtra",
false_negative,blocking_miss,S1-868382403,S3-647923325,,False,Ma Instruments Pvt Ltd,MA INSTRUMENTS PVT LTD,"Flat No. 611, 6Th Floor, Panchratna, Mama Parmanand Marg, Opera H, Ouse, Mumbai, Mumbai City, Maharashtra",
false_negative,blocking_miss,S1-800717997,S3-194883287,,False,Apex Investments Private Limited,Apex Ivestmhents Private Limited,"Plot No. 108, Swastik Co-Op Hsg. Lt, Navarangpura Ahmedabad, City Taluka, Ahmedabad, Gujarat","Door No 108, NULL, City Taluka, Ahmedabad, GJ"
false_negative,blocking_miss,S1-402436934,S3-75183740,,False,Smart Media Private Limited,5mart Media,"Po- Buxi Bazar, P.S- Puri Ghat, At- Haripur Road, Orissa, Cuttack","Cuttack, At- Haripur Road, OD, Cuttack"
false_negative,blocking_miss,S1-402436934,S3-762387992,,False,Smart Media Private Limited,Sri Smart Media Private Ltd,"Po- Buxi Bazar, P.S- Puri Ghat, At- Haripur Road, Orissa, Cuttack","At- Haripur Road, Cuttack, OD, Cuttack"
false_negative,similar_name_different_address,S1-378316693,S3-534337613,0.509405968894122,True,Moga Solutions Ltd,Moga Solutisn (Ltd),"21, Barnala Road, Moga, Punjab","Block A-345 21, Moga, PB"
false_negative,text_variation_or_ambiguous,S1-217414914,S2-629036400,0.44876498016283267,True,Flagship Hospital,FLAGSHIP SERVICES,"35, Chittaranjan Avenue, 6Th Floor, Room No.26/7, Kolkata, Kolkata, Howrah, West Bengal","35, CHITTARANJAN AVENUE, 6TH FLOOR, ROOM NO.26/7, KOLKATA, KOLKATA, West Bengal"
false_negative,text_variation_or_ambiguous,S1-217414914,S3-800202333,0.3854116265816019,True,Flagship Hospital,Flagship Center,"35, Chittaranjan Avenue, 6Th Floor, Room No.26/7, Kolkata, Kolkata, Howrah, West Bengal","35, Chittaranjan Avenue, 6Th Floor, Room No.26/7, Kolkata, Howrah, Kolkata, WB"
false_negative,blocking_miss,S1-84982261,S2-93508508,,False,A Cure 9 All,all9.com,"2975 Old River Road, OH, Zanesville","2975 OLD RIVER RD, ZANESVILLE, OH"
false_negative,text_variation_or_ambiguous,S1-657531786,S3-444620524,0.22177576363409773,True,Magnum Packaging Private Limited,Smt Magnum-Packaging,"282, Gali No.-4 Shakti Vihar, Dayalpur, New Delhi, North East, Delhi","282, New Delhi, North East, DL"
false_negative,blocking_miss,S1-4992917,S3-110094380,,False,Precision Pampa,Precision Partners,"14600 43rd Terrace, Independence, MO","14600 43rd Ter, Independence, Missouri"
false_negative,blocking_miss,S1-478751387,S3-772673488,,False,Urgent Care Specialists Inc,Urgent Care Saseclidts Inc,"315 Montauk Avenue, Stonington, CT","315- Montauk Ave, <NULL>, Stonington, Connecticut"
false_negative,text_variation_or_ambiguous,S1-620643974,S2-594981749,0.7483531998406326,True,Southern Investment Private Limited,Southern Investment Private Ltd,"Kayem Chambers, S-3, 2Nd Floor, Gem Plaza, Infantry Road, Bangalore, Karnataka","H.NO 665/5 KAYEM CHAMBERS, S-3, 2ND FLOOR, GEM PLAZA, BANGALORE, ಕರ್ನಾಟಕ"
false_negative,blocking_miss,S1-337791797,S2-122878260,,False,Silver Impex Private Limited,सिल्वर इम्पेक्स प्राइवेट लिमिटेड,"A-18, Naraina Industrial Area Phase-1, New Delhi, Delhi","A-16, NARAINA INDUSTRIAL AREA PHASE-1, NEW DELHI, SOUTH WEST DELHI, Delhi"
false_negative,text_variation_or_ambiguous,S1-242893839,S2-665175852,0.68016544650764,True,Continental Medical Center Corp,Continental Medical Center  Corp,"441 44 Street, New York, NY","null, NY, 435 44 ST, NEW OYRK CITY"
false_negative,text_variation_or_ambiguous,S1-925935478,S2-327536838,0.40299107942932344,True,Silver Plum,Silver Service,"537 South Street, Bloomfield, IN","IN, 537 SOUTH ST, BLOOMFIELD"
false_negative,blocking_miss,S1-925935478,S3-24976128,,False,Silver Plum,silverplum.com,"537 South Street, Bloomfield, IN","537A South St, NULL, Bloomfield, Indiana"
false_negative,missing_address,S1-94427303,S2-397347552,0.5823100567980746,True,Ziva LLC,Ziva LLC,"716 4th Avenue, Beach, ND",
false_negative,text_variation_or_ambiguous,S1-94427303,S3-914667975,0.3163882942688922,True,Ziva LLC,ziva.com,"716 4th Avenue, Beach, ND","716 4nd Ave, Beach, North Dakota"
false_negative,blocking_miss,S1-643721109,S3-564126139,,False,Riley High,Drexdova,"227 Church Avenue, Germantown, NY","22 Church Ave, Germantown, New York"
false_positive,script_variation,S1-27011525,S3-691568654,0.8573476291560275,True,Al Projects Private Limited,పర్‌ఫెక్ట్ పవర్ ప్రైవేట్ లిమిటెడ్,"8-1-398/Pm/181 Paramount Colony, Tolichowki, Hyderabad, Telangana","Door No 8-1-398/Pm/181 Paramount Colony, Tolichowki, Hyderabad, TG"
false_negative,blocking_miss,S1-118066237,S3-378569260,,False,Huzur Commodities Co,Huzur Co Center,"C/O Sanwaria Infrastructures Limited, E-1/1, Arera Colony, Huzur, Bhopal, Madhya Pradesh","C/o Sanwaria Infrastructures Limited, Huzur, Bhopal, MP"
false_negative,blocking_miss,S1-118066237,S3-676990232,,False,Huzur Commodities Co,Huzur C0mmodities Company,"C/O Sanwaria Infrastructures Limited, E-1/1, Arera Colony, Huzur, Bhopal, Madhya Pradesh","C/o Sanwaria Infrastructures Limited, Huzur, Bhopal, MP"
false_negative,blocking_miss,S1-118066237,S3-825075786,,False,Huzur Commodities Co,Huzur Commodities,"C/O Sanwaria Infrastructures Limited, E-1/1, Arera Colony, Huzur, Bhopal, Madhya Pradesh",
false_positive,text_variation_or_ambiguous,S1-735919782,S2-412669748,0.9683381262562939,True,Roopiya Enclave Pvt. Ltd.,Roopiyaer Enclave Pvt.,"Hyderabad, Flat 203 8-2-693/A/203, Banjara Hills, Road No 12, Telangana, Hyderabad","FLAT 203 8-2-693/A/203, BANJARA HILLS, ROAD NO 12, HYDERABAD, Telangana"
false_negative,text_variation_or_ambiguous,S1-298298504,S3-393279225,0.3556574976915817,True,Southern Foods Private Limited,Southern Foods Private,"A-24-104, Bimbisar Nagar, Maitri Chs Ltd, W E Highway, Goregaon East Nr Srp Carp Aa, Ry Milk Co, Mumbai, Mumbai City, Maharashtra","A-23-104, Bimbisar Nagar, Maitri Chs Ltd, W E Highway, Goregaon East Nr Srp Carp Aa, Ry Milk Co, Mumbai, Mumbai City, महाराष्ट्र"
false_negative,missing_address,S1-375885970,S3-406449686,0.6200413261259428,True,Precision Cargo Concepts Inc,Precision Cargo Concepts,"940 Shore Road, Revere, MA",
false_negative,text_variation_or_ambiguous,S1-977558657,S2-869904368,0.34296340168751216,True,Facade Hire Limited,M/s Facade Hie Limited,"No. 69 (3/19), Sampangi Sampoorna Apts. Ground Floor, South Cross Road, Basavana, Gudi, Bangalore, Karnataka","NO. 6-9 (3/19), SAMPANGI SAMPOORNA APTS. GROUND FLOOR, SOUTH CROSS ROAD, BASAVANA, GUDI, BANGALORE, Karnataka"
false_positive,text_variation_or_ambiguous,S1-472249000,S2-385760252,0.750125954877797,True,Peninsula (India) Commercial Limited,Peninsula (India) Commercial Overseas Limited,"C/O Ujiyar Singh Indra Nagar, Suhagi, Jabalpur, Madhya Pradesh","#85 C/O UJIYAR SINGH INDRA NAGAR, SUHAGI, JABALPUR, Madhya Pradesh"
false_negative,missing_address,S1-780229183,S2-433762356,0.6375595894079171,True,Titech Apex Wellness,TITECH APEX WELLNESS  INC,"608 Kickapoo Street, Leavenworth, KS",
false_negative,text_variation_or_ambiguous,S1-138521513,S2-26896953,0.6368444776078553,True,Shubham Shakti LLP,Shubham Saaik LLP,"Gut No. 710, Shivoor Bangla, Vaijapur, Vaijapur, Aurangabad, Maharashtra","DOOR NO 21 GUT NO. 710, SHIVOOR BANGLA, VAIJAPUR, VAIJAPUR, महाराष्ट्र"
false_negative,text_variation_or_ambiguous,S1-919417332,S2-320770388,0.5608552623044262,True,Ginevra Beil Fitness,Ginevra Beil Center,"4180 Finney County Feeders Road, Garden City, KS","GARDEN CITY, KS, FINNEY COUNTY FEEDERS RD"
false_positive,text_variation_or_ambiguous,S1-736507800,S2-638048297,0.9800582252857385,True,Hatfield Regional Allstate P.C.,ACOSTA REGIONAL ALLSTATE P.C.,"OR, 12025 60th Avenue, Portland","12025 60TH AVE, PORTLAND, OR"
false_negative,text_variation_or_ambiguous,S1-736507800,S2-909870037,0.31128102484486153,True,Hatfield Regional Allstate P.C.,Hatfield Regional Regional Allshtaet P.C.,"OR, 12025 60th Avenue, Portland","60TH AVE, OR, PORTLAND"
false_negative,blocking_miss,S1-736507800,S3-806609910,,False,Hatfield Regional Allstate P.C.,Hatfield Allstate PC Center,"OR, 12025 60th Avenue, Portland","12025b 60th Avenue, Portland, Oregon"
false_negative,blocking_miss,S1-643882594,S3-976878962,,False,Summit Corporation,Slm Corporation,"2901 Hadden Lane, Wadesville, IN","Wadesville, Indiana, Hadden Lane"
false_negative,text_variation_or_ambiguous,S1-970528642,S3-648534865,0.5391487836499592,True,Bright Precious P.C.,Inc Bright Précious,"10250 42, Union, KY","10250 42, Boone County, Kentucky"
false_negative,text_variation_or_ambiguous,S1-644331645,S2-426160755,0.4464678271546592,True,Centaur Sharma,Centaur  Services,"Plot No.19, Telangana, Hyderabad, 5Th Floor, Greentech Square Phase-Iii, Kavuri Hills, Hyderabad","19 , 5TH FLOOR, GREENTECH SQUARE PHASE-III, KAVURI HILLS, HYDERABAD, Telangana"
false_positive,text_variation_or_ambiguous,S1-731312605,S3-900144843,0.8595890420861603,True,Pioneer Foods Private Limited,Pioneer Foods  Private Limited,"68/1, Tajpur Road, Badarpur Border Extn., New Delhi, South Delhi, Delhi","E-1-63, Shastri Nagar New Delhi, New Delhi, DL"
false_positive,text_variation_or_ambiguous,S1-635218709,S2-899200079,0.8365216913549998,True,Bright Blueport PC,Bright  Blueport Co,"4920 Oliver Street, Fort Wayne, IN","4931D OLIVER STREET, FORT WAYNE, IN"
false_negative,blocking_miss,S1-701064262,S2-901983363,,False,Fortune Investments Private Limited,फॉर्च्यून इन्वेस्टमेंट्स प्राइवेट लिमिटेड,"S-2-6, Kamla Raman Nagar Nr Saibaba Mandir, Baiganwadi Govandi, Mumbai, Mumbai City, Maharashtra","MUMBAI CITY, S-2-6, Maharashtra, MUMBAI"
false_negative,blocking_miss,S1-701064262,S3-141093321,,False,Fortune Investments Private Limited,Sri Fortune Investments Private-Limited,"S-2-6, Kamla Raman Nagar Nr Saibaba Mandir, Baiganwadi Govandi, Mumbai, Mumbai City, Maharashtra","#344 S-2-6, Mumbai, Mumbai City, महाराष्ट्र"
false_negative,blocking_miss,S1-701064262,S3-845809238,,False,Fortune Investments Private Limited,Fortune Investments Pnirgabev Limited,"S-2-6, Kamla Raman Nagar Nr Saibaba Mandir, Baiganwadi Govandi, Mumbai, Mumbai City, Maharashtra","No. 344 S-2-6, Mumbai City, MH"
false_negative,blocking_miss,S1-517337054,S2-450646393,,False,Valenzuela Valley Bancorp LLC,Valenzuela Valenzuela Valley Báncorp LLC,"82 Morning Star Lane, Albany Twp, ME",
false_positive,text_variation_or_ambiguous,S1-423431305,S2-731956487,0.9903824811070673,True,New Delhi Steels Private Limited,Private New Delhi Steels Limited,"B - Ii/100Mohan Coop Industrial Estate Badarpur, South Delhi, Delhi, New Delhi","B-##20, NEW DELHI, Delhi"
false_negative,blocking_miss,S1-288682002,S3-409946002,,False,Life Chit Clinic,Life Sérvices Clinic,"1/2, Santoshi Nagar, Village Road Bhandup West, Mumbai, Maharashtra","Mumbai, 1/2, MH, Mumbai, Santoshi Nagar, Village Road Bhandup West"
false_negative,blocking_miss,S1-288682002,S3-704816121,,False,Life Chit Clinic,Life Chit,"1/2, Santoshi Nagar, Village Road Bhandup West, Mumbai, Maharashtra","1/2, Santoshi Nagar, Village Road Bhandup West, Mumbai, MH"
false_negative,blocking_miss,S1-655889077,S2-103396922,,False,Straight Edge Coffee,Straight  Edge Coffee Corporation,"535 Service Road, Unit 201, Southern Pines, NC",
false_negative,blocking_miss,S1-655889077,S3-145503501,,False,Straight Edge Coffee,Straight Edge Coffee Co,"535 Service Road, Unit 201, Southern Pines, NC",
false_positive,text_variation_or_ambiguous,S1-825733656,S2-156489431,0.8462658220834851,True,Parth Foundation,Shri Parth Foundation Pvt Ltd,"C/O Gyarsi Lal Yadav S/O Sh. Peetha Ram 1/1, Vidyadhar Nagar, Jaipur, Rajasthan","C/O GYARSI LAL YADAV S/O SH. PEETHA RAM 1/6, VIDYADHAR NAGAR, JAIPUR, Rajasthan"
false_negative,blocking_miss,S1-440666746,S2-730097104,,False,Premier Vance,Premier Vaae,"1958 67, Fyffe, AL",
false_negative,blocking_miss,S1-692629135,S2-88513687,,False,N+ Dpc LLC,Nylaorbibrix,"2046 Willoway Court, Columbus, OH","OH, COLUMBUS, 02046 WILLOWAY COURT"
false_negative,blocking_miss,S1-395810665,S2-487743206,,False,Interstate Residential LLC,INTERSTATE  RESIDENTIAL,"4024 Manhattan Circle, Sacramento, CA","Manhattan Cir, SACRAMENTO, CA"
false_negative,blocking_miss,S1-395810665,S3-84092746,,False,Interstate Residential LLC,Interstate Rseidnttisl LLC,"4024 Manhattan Circle, Sacramento, CA","California, 4024 Manhattan Cir, Sacramento"
false_negative,blocking_miss,S1-20790925,S2-787179206,,False,Global Fresh Limited,Sri GLOBAL FRESH,"Shop No. 24, Wing A, Gaytari Darshan Thakur Complex, Kandivali East, Mumbai, Mumbai City, Maharashtra","DOOR NO 24. , WING A, GAYTARI DARSHAN THAKUR COMPLEX, KANDIVALI EAST, MUMBAI, Maharashtra"
false_negative,similar_address_different_name,S1-20790925,S3-154791418,0.4754222612179127,True,Global Fresh Limited,Vantageecto,"Shop No. 24, Wing A, Gaytari Darshan Thakur Complex, Kandivali East, Mumbai, Mumbai City, Maharashtra","Shop No. 24, Wing A, Gaytari Darshan Thakur Complex, Kandivali East, Mumbai, Mumbai City, Maharashtra"
false_negative,blocking_miss,S1-20790925,S3-287574898,,False,Global Fresh Limited,Shri Global Global Fresh Limited,"Shop No. 24, Wing A, Gaytari Darshan Thakur Complex, Kandivali East, Mumbai, Mumbai City, Maharashtra","H.no ##24, Mumbai City, Mumbai, MH"
false_negative,blocking_miss,S1-166079784,S2-68414818,,False,At & Sons Center,atsons.com,"House No. 153/B, Nishigandha, Opposite Nmc Park, Shivaji Nagar, Nagpur, Nagpur, Maharashtra","HOUSE NO. 153/B, NISHIGANDHA, OPPOSITE NMC PARK, SHIVAJI NAGAR, NAGPUR, NAGPUR, NAGPUR -URBAN, Maharashtra"
false_negative,similar_address_different_name,S1-426746614,S3-345681136,0.1686448092255378,True,Ridge Sterling Transportation LLC,0nyxtavozeta,"6626 Forman Avenue, Cleveland, OH","6626 Forman Avenue, Cleveland, Ohio"
false_positive,script_variation,S1-71943243,S2-795274897,0.9314625953724701,True,Krishna Investments Private Limited,प्रीमियर इन्वेस्टमेंट प्राइवेट लिमिटेड,"D-16D, Ground Floor, Hauz Khas, New Delhi, Delhi","SOUTH WEST DELHI, GROUND FLOOR, HAUZ KHAS, NEW DELHI, Delhi, M - 5"
false_positive,script_variation,S1-71943243,S2-812101710,0.9340351572432883,True,Krishna Investments Private Limited,प्रीमियर इन्वेस्टमेंट प्राइवेट लिमिटेड,"D-16D, Ground Floor, Hauz Khas, New Delhi, Delhi","M - 5, GROUND FLOOR, HAUZ KHAS, NEW DELHI, SOUTH WEST DELHI, दिल्ली"
false_negative,blocking_miss,S1-944817520,S2-670634465,,False,Tri-State Program LLC,pr0gramtristate.com,"1 Nylked Terrace, Norwalk, CT","1 NYLKED TER, NORWALLK, CT"
false_negative,blocking_miss,S1-749840011,S2-484758904,,False,Midwest Foundation Inc,Midwest Foundation,"1908 Blue Flax Drive, Saratoga Springs, UT","1908B BLUE FLAX DR, SARATOGA SPRINGS, UT"
false_negative,blocking_miss,S1-749840011,S2-72502329,,False,Midwest Foundation Inc,mfoundation.com,"1908 Blue Flax Drive, Saratoga Springs, UT","UT, SARATOGA SPRINGS, 1908B BLUE FLAX DR"
false_negative,blocking_miss,S1-448396421,S2-458622411,,False,Chennai Tech Private Limited,Chennai Tech Private Limited,"No.222, 1St Floor, Fountain Plaza, Pantheon Road, Egmore, Tamil Nadu, Chennai",
false_negative,blocking_miss,S1-215087561,S2-556158056,,False,KC Super LLP,kcsupercom,"1110, Commercial Complex, Gulshan One 29, Plot No, . C3-E1 Sec 129 Noida, Noida, Ghaziabad, Uttar Pradesh","1110, NOIDA, GHAZIABAD, Uttar Pradesh"
false_negative,blocking_miss,S1-30822368,S2-960513276,,False,Maa Enterprises Private Limited,मां एंटरप्राइजेज प्राइवेट लिमिटेड,"5 Brady Gladys Plaza, 1/447 S.B Marg, Lower Parel, Mumbai, Mumbai City, Maharashtra","NO 5 BRADY GLADYS PLAZA, MUMBAI, महाराष्ट्र"
false_negative,blocking_miss,S1-30822368,S3-896156985,,False,Maa Enterprises Private Limited,माँ एंटरप्राइजेज प्राइवेट लिमिटेड,"5 Brady Gladys Plaza, 1/447 S.B Marg, Lower Parel, Mumbai, Mumbai City, Maharashtra","5 Brady Gladys Plaza, 1/447 S.b Marg, Lower Parel, Mumbai City, Mumbai, महाराष्ट्र"
false_negative,blocking_miss,S1-123277507,S2-950209616,,False,"N Z Zettlemoyer Malt, Inc",N Z  Zettlemoyer,"102 Richmond Court, Grandy, NC",
false_negative,blocking_miss,S1-367788330,S2-479843968,,False,Vevue,Vbeivue,"Galena Park, 2217 6th Street, TX","2217 SIXTH STREET, GALENA PARK, TX"
false_negative,blocking_miss,S1-367788330,S3-612823646,,False,Vevue,Vevue Co,"Galena Park, 2217 6th Street, TX",
false_negative,missing_address,S1-191142284,S2-141846411,0.5823100567980746,True,West Elite Recruiting Corp,west elite recruiting corp,"121 Village Trace, Kingston, TN",
false_negative,blocking_miss,S1-191142284,S3-760855636,,False,West Elite Recruiting Corp,West (Elite),"121 Village Trace, Kingston, TN","0121 Village Trace, Kingston, Tennessee"
false_negative,blocking_miss,S1-939695413,S3-351745980,,False,Sree Indo Industries Private Limited,ಶ್ರೀ ಇಂಡೋ ಇಂಡಸ್ಟ್ರೀಸ್ ಪ್ರೈವೇಟ್ ಲಿಮಿಟೆಡ್,"No. 745, Vyalikaval Hbcs Layout, Nagavara Village, Kasaba Hobli, Bangalore North, Bangalore, Karnataka","No. 0745, Vyalikaval Hbcs Layout, Nagavara Village, Kasaba Hobli, Bangalore North, Bangalore, KA"
false_negative,blocking_miss,S1-464812526,S3-964627544,,False,"Asfaw, Alvinia, D.C.",Keloriza,"282 Gregory Drive, Unit A, Winston, OR","282 Gregory Dr, # A, Winston, Oregon"
false_negative,blocking_miss,S1-301301578,S3-66690001,,False,Maid Pub,MAID PUB Enterprises,"3047 1291, Fayetteville, TX",
false_negative,blocking_miss,S1-862316796,S3-809288947,,False,Busonvue Management Care,Busonvue Management  Center | www.busonvuem.com,"1717 Pinto Lane, Unit 1, WY, Cheyenne",
false_negative,blocking_miss,S1-520558246,S2-151309338,,False,Anvil,Anvil Services,"15380 Fillmore Street, Unit 1012, Goodyear, AZ","FILLMORE STREET, GOODEYAR, AZ"
false_negative,blocking_miss,S1-520558246,S2-31820014,,False,Anvil,Anvil  LP | www.anvillp.com,"15380 Fillmore Street, Unit 1012, Goodyear, AZ","15380 FILLMORE ST, GOODEYAR, AZ"
false_negative,blocking_miss,S1-972095239,S3-838269913,,False,Machinists Union Local No 436 P.C.,Machinists Uein Local No 436 P.C.,"18 Pickering Lane, Brunswick, NY","18 Pikering Ln, Brunswick, New York"
false_negative,blocking_miss,S1-36446388,S2-203605889,,False,Atlantic Hologram,ATLANTIC HOETLODRAM,"49 T Street, Unit 1, Washington, DC","T STREET, WASHINGTON, DC"
false_negative,blocking_miss,S1-36446388,S3-617864758,,False,Atlantic Hologram,Atlantic Atlantic Partners,"49 T Street, Unit 1, Washington, DC","Washington CITY, District of Columbia, T Street"
false_negative,text_variation_or_ambiguous,S1-148945490,S3-963299437,0.5813519703146055,True,Cerny's Homecare,Cerny's Hóecbaee,"243 Water Street, Unit Apartment 4A, Syracuse, NY","243C Water Street, # Apartment 4A, Syracuse, New York"
false_negative,blocking_miss,S1-571636895,S3-912983209,,False,Summit Institute,Summit  Intiutte,"11 Ramshorn Creek Road, Sheridan, MT","11 Ramshorn Creek Rd, Sheridan, Montana"
false_negative,text_variation_or_ambiguous,S1-535457964,S2-585412424,0.7398819513366912,True,Triveni & Co,Triveni +,"Rourkela, Sundargarh, Meridien Tower Uditnagar, Orissa, C-22","NO. 90 C-22, MERIDIEN TOWER UDITNAGAR, ROURKELA, ଓଡ଼ିଶା"
false_negative,blocking_miss,S1-535457964,S3-734840119,,False,Triveni & Co,Smt Triveni &,"Rourkela, Sundargarh, Meridien Tower Uditnagar, Orissa, C-22","C-22, Rourkela, OD"
false_negative,blocking_miss,S1-585387062,S3-709539835,,False,T 6 T Marketing Co,T 6 T Co Marketing,"4225 Emerald Avenue, Gresham, OR","4223 Emerald Avenue, Gresham, Oregon"
false_negative,script_variation,S1-313771459,S2-791610359,0.2201443170236587,True,Southern Global LLP,സതേൺ ഗ്ലോബൽ എൽഎൽപി,"Kollam, Kottarakkara, Kerala, Mc Road, Mylom P.O, Hotel Shilpa Regency","HOTEL SHILPA REGENCY, MC ROAD, MYLOM P.O, KOLLAM, KOTTARAKKARA, കേരളം"
false_negative,blocking_miss,S1-313771459,S3-177087087,,False,Southern Global LLP,സതേൺ ഗ്ലോബൽ LLP,"Kollam, Kottarakkara, Kerala, Mc Road, Mylom P.O, Hotel Shilpa Regency","Htoel Shilpa Regency, Semi Urban, Keralam"
false_negative,blocking_miss,S1-313771459,S3-663536024,,False,Southern Global LLP,Southern Goblol LLP,"Kollam, Kottarakkara, Kerala, Mc Road, Mylom P.O, Hotel Shilpa Regency","Hotel Shilpa Regency, Semi Urban, Keralam"
false_negative,missing_address,S1-742096962,S2-210088627,0.6415300163721491,True,Harrison Enterprises,Harrison Enterprises Inc,"5138 Conifer Lane, Gurnee, IL",
false_negative,blocking_miss,S1-421068866,S3-208451726,,False,Milestone Traders LLP,MILE5TONE TRADERS LLP,"Buildingno L-04 Flat No, 1303Hansdhavni Chs Panvel, Panvel, Raigarh(Mh), Maharashtra","Buildingno L-04 Flat No, Raigarh(mh), MH"
false_negative,blocking_miss,S1-421068866,S3-340002805,,False,Milestone Traders LLP,Mr Milestone Traders,"Buildingno L-04 Flat No, 1303Hansdhavni Chs Panvel, Panvel, Raigarh(Mh), Maharashtra",
false_negative,blocking_miss,S1-402883306,S3-175800458,,False,International Aqua Services Pvt Ltd,International Services Aqua Pvt  Ltd,"House No. S-338, Uppal Southend, Sector-49, Sohna Road, Gurgaon, Haryana","House No. S-38, Gurgaon, N/A, HR"
false_negative,blocking_miss,S1-402883306,S3-561680998,,False,International Aqua Services Pvt Ltd,International Aqua Pvt Ltd Services,"House No. S-338, Uppal Southend, Sector-49, Sohna Road, Gurgaon, Haryana",
false_negative,blocking_miss,S1-402883306,S3-664998016,,False,International Aqua Services Pvt Ltd,International Aqua Aqua Services Pvt Ltd.,"House No. S-338, Uppal Southend, Sector-49, Sohna Road, Gurgaon, Haryana","House No. S-38, Gurgaon, N/A, HR"
false_negative,blocking_miss,S1-15367133,S3-487742298,,False,Surgical Partners,Surgical Services,"3804 Ridgeway Place, WA, Bremerton","Ridgeway Pl, Bremerton, Washington"
false_negative,blocking_miss,S1-765867442,S3-47275403,,False,Ernakulam Services Private Limited,ernakulam services private [limited],"38/651 Ii Floorambady Bldgs M G Road, Ernakulam, Kerala",
false_negative,blocking_miss,S1-335379122,S3-151014501,,False,Arihant Infotech Private Limited,அரிஹந்த் இன்ஃபோடெக் பிரைவேட் லிமிடெட்,"1St Floor, Chinna Pappa Illam, Market Road, Sree Rajeeswari Nagar, Madukarai, Coimbatore, Tamil Nadu","1S Floor, Coimbatore, தமிழ்நாடு"
false_negative,blocking_miss,S1-335379122,S3-805442441,,False,Arihant Infotech Private Limited,Dr Arihant Infotech Private,"1St Floor, Chinna Pappa Illam, Market Road, Sree Rajeeswari Nagar, Madukarai, Coimbatore, Tamil Nadu","Floor, Coimbatore, தமிழ்நாடு"
false_negative,blocking_miss,S1-368041947,S2-678509721,,False,Highland National Alpha,HIGHLAND NOTONAL ALPHA,"76 First Road, Hartselle, AL","76B 1ST RD, HARTSELLE, AL"
false_negative,text_variation_or_ambiguous,S1-368041947,S3-498799514,0.7332609686758835,True,Highland National Alpha,Highland National Center,"76 First Road, Hartselle, AL","First Rd, Hartselle, Alabama"
false_negative,text_variation_or_ambiguous,S1-368041947,S3-914508829,0.005601590810059117,True,Highland National Alpha,Solhalo,"76 First Road, Hartselle, AL","76 1st Rd, Hartselle, Alabama"
false_negative,numeric_conflict,S1-219861379,S3-631570551,0.4111191567879716,True,"Elaine Chambliss, DPM, PC","Elaine Chambliss,","6613 Springhill Drive, Fort Worth, TX","06613 Springhill Drive, FT. Worth, Texas"
false_negative,blocking_miss,S1-788578720,S3-408355730,,False,Shivam Foundation Private Limited,Mr Shivam Foundation Private,"Mahadev Nagar, Bilimora, Narmada, Gujarat",
false_positive,text_variation_or_ambiguous,S1-727511826,S3-233603489,0.9063406535442303,True,Ravi & Co,Ravi & Co Limited,"9/9, Priya Mitra Road Bidhan Pally, Kolkata, Parganas North, West Bengal","9/16, Calcutta, Parganas North, WB"
false_negative,text_variation_or_ambiguous,S1-727511826,S2-99406563,0.005661024351605077,True,Ravi & Co,Ciracira,"9/9, Priya Mitra Road Bidhan Pally, Kolkata, Parganas North, West Bengal","NORTH 24 PARGANAS, 9/9., KOLKATA, PRIYA MITRA ROAD BIDHAN PALLY, West Bengal"
false_negative,blocking_miss,S1-727511826,S3-121600493,,False,Ravi & Co,Ravi Co & Enterprises,"9/9, Priya Mitra Road Bidhan Pally, Kolkata, Parganas North, West Bengal",
false_negative,numeric_conflict,S1-300491777,S3-115123515,0.02910104914596072,True,Pioneer Medical Consultants PC,Pioneer Medical Consultants,"115 Beekman Avenue, Unit Apartment 6, Sleepy Hollow, NY","Sleepy Hollow, New York, PO Box 2104, 15 Beekman Ave"
false_negative,numeric_conflict,S1-300491777,S3-1730317,0.49071199281658606,True,Pioneer Medical Consultants PC,Pi0neer Medical Consultants (PC),"115 Beekman Avenue, Unit Apartment 6, Sleepy Hollow, NY","15 Beekman Ave, New York, Sleepy Hollow, PO Box 2104"
false_negative,blocking_miss,S1-300491777,S3-694527609,,False,Pioneer Medical Consultants PC,Pioneer Consultants PC Center,"115 Beekman Avenue, Unit Apartment 6, Sleepy Hollow, NY",
false_negative,numeric_conflict,S1-300491777,S3-927755946,0.003678233930758878,True,Pioneer Medical Consultants PC,Pioneer Medical Consultants PC PC,"115 Beekman Avenue, Unit Apartment 6, Sleepy Hollow, NY","15 Beekman Ave, Tarrytown, New York, PO Box 2104"
false_negative,blocking_miss,S1-304454734,S2-154369410,,False,Capital (India) Fin Private Limited,Capital (India) Private Limited Services,"H No. 27C Sant Avenue Mall Road, Amritsar, Punjab","H NO. 27C SANT AVENUE MLL ROAD, AMRITSAR, Punjab"
false_negative,text_variation_or_ambiguous,S1-304454734,S2-157365564,0.6841181329003515,True,Capital (India) Fin Private Limited,Capital (India) Fin,"H No. 27C Sant Avenue Mall Road, Amritsar, Punjab","DOOR NO 27C SANT AVENUE MALL ROAD, AMRITSAR, Punjab"
false_negative,blocking_miss,S1-304454734,S2-771052282,,False,Capital (India) Fin Private Limited,Sri Capital (India) Fin Private (Limited),"H No. 27C Sant Avenue Mall Road, Amritsar, Punjab",
false_negative,blocking_miss,S1-304454734,S3-863324696,,False,Capital (India) Fin Private Limited,Capita1 (India) Fin Private Limited,"H No. 27C Sant Avenue Mall Road, Amritsar, Punjab","H No. 27C Sant Avenue Mall Road, Amritsar, ਪੰਜਾਬ"
false_negative,blocking_miss,S1-134421096,S2-456621053,,False,Real Business Pvt Ltd,ரியல் பிசினஸ் பிரைவேட் லிமிடெட்,"Chennai City Corporation, Chennai, 1St Street, 1St Sector, K.K.Nagar, Chennai, No 1974, Tamil Nadu","NO 1974, 1ST STREET, 1ST SECTOR, K.K.NAGAR, CHENNAI, P T RAJAN SALAI, Tamil Nadu"
false_negative,missing_address,S1-232692959,S2-670758001,0.5823100567980746,True,Hussain Trust,Hussain Trust,"23 No 23 Plot No 8 Floor Ground S.G Shopping Mall Sec 9 Landmark D.C Cho, Wk, Rohini, North West, Delhi",
false_negative,blocking_miss,S1-25621191,S3-124569347,,False,Shivam It,Shivam It LLP,"S 24/3, Varanasi, Uttar Pradesh, Varanasi, 1A-G, Hans Nagar Colony, Plot No. 27, Taktapur, Orderly Bazar","S 24/3, Varanasi, उत्तर प्रदेश"
false_negative,blocking_miss,S1-25621191,S3-361586986,,False,Shivam It,शिवम आईटी,"S 24/3, Varanasi, Uttar Pradesh, Varanasi, 1A-G, Hans Nagar Colony, Plot No. 27, Taktapur, Orderly Bazar","S 24/3, Varanasi, UP"
false_negative,text_variation_or_ambiguous,S1-717945319,S3-924294458,0.6474086764400918,True,OPJ Elevators Private Limited,OPJ Erfgtols  Private Limited,"7B, Dr. Harendra Coomer Mukherjee Sarani, Kollkata, Kolkata, Kolkata, Howrah, West Bengal","7B, Dr. Harendra Coomer Mukherjee Sarani, Kollkata, Kolkata, Kolkata, Howrah, WB"
false_negative,blocking_miss,S1-460262699,S2-328256752,,False,Moss and Dotts Seneca LLC,Moss and Dotts LLC Partners,"1650 Premium Outlets Boulevard, Unit #423, Aurora, IL",
false_negative,numeric_conflict,S1-460262699,S3-290668668,0.26322675968817943,True,Moss and Dotts Seneca LLC,Moss and Dotts Seneca,"1650 Premium Outlets Boulevard, Unit #423, Aurora, IL","Premium Outlets Blvd, PO Box 4917, Auora, Illinois"
false_negative,blocking_miss,S1-460262699,S3-818300644,,False,Moss and Dotts Seneca LLC,Viodova,"1650 Premium Outlets Boulevard, Unit #423, Aurora, IL","1650. Premium Outlets Blvd, # #423, Auora, Illinois"
false_negative,missing_address,S1-92295435,S2-487328772,0.5823100567980746,True,GN System Pvt Ltd,GN System Pvt Ltd.,"Rz/10/11 Gali No 5Main Sagarpur, New Delhi, West Delhi, Delhi",
false_negative,blocking_miss,S1-92295435,S3-963001009,,False,GN System Pvt Ltd,*** Veofluxumbra,"Rz/10/11 Gali No 5Main Sagarpur, New Delhi, West Delhi, Delhi","Rz/10/11 Gali No 5Main Sagarpur, Divreportingcircle, New Delhi, DL"
false_negative,blocking_miss,S1-819614153,S3-931414647,,False,Unity Traders Private Limited,unitytraders.com,"Cabin No. 19, P No 97, Phase 4, Sec-56, Kundli, Sonipat, Haryana","Cabin No. 19, Sonipat, HR"
false_negative,blocking_miss,S1-10142730,S2-480765570,,False,Ambica & Co,Aimbcac & Co,"Pali Hill Tourist Hotel14 Union Park Khar West, Mumbai, Maharashtra","PALI HILL TOURIST HOTEL14 UNION PARK KHAR WEST, MUMBAI, MUMBAI (SUBURBAN), Maharashtra"
false_negative,numeric_conflict,S1-201086121,S3-138477992,0.4102500050009983,True,Manmandir & Associates,Manmandir & Assocrtes,"Thane, Arun Jangid Estate Chs Ltd, Near Vijay Park, Mira Road East, Thane, Maharashtra, Flat 603","Thane, Flat 00603, Thane, MH, Arun Jangid Estate Chs Ltd, Near Vijay Park, Mira Road East"
false_positive,text_variation_or_ambiguous,S1-317866391,S3-899920721,0.7870413471625344,True,Davis Venture,DAVIS VENTURE NORTHSIDE,"N107W14150 White Pine Court, Village Of Germantown, WI","N107w14161 White Pine Ct, Village Of Germantown, Wisconsin"
false_negative,blocking_miss,S1-317866391,S2-66073116,,False,Davis Venture,Pyrawexbrix,"N107W14150 White Pine Court, Village Of Germantown, WI","N107W14150 WHITE PINE CT, GERMANTONW, WI"
false_negative,text_variation_or_ambiguous,S1-155291107,S2-31278426,0.4727336594336557,True,Engineering & Co,ENGINEERING &,"Flat No. 281, Ground Floor, Block Cd, Pocket -1 Shalimar Bagh, New Delhi, North West, Delhi","Delhi, #00281 , GROUND FLOOR, BLOCK CD, POCKET -1 SHALIMAR BAGH, NEW DELHI"
false_negative,text_variation_or_ambiguous,S1-155291107,S2-496209738,0.3940225259816851,True,Engineering & Co,ENGINEERING &,"Flat No. 281, Ground Floor, Block Cd, Pocket -1 Shalimar Bagh, New Delhi, North West, Delhi","FLAT NO. 00281 , GROUND FLOO, BLOCK CD, POCKET -1 SHALIMAR BAGH, NEW DELHI, Delhi"
false_negative,text_variation_or_ambiguous,S1-155291107,S3-83640461,0.12332254378157971,True,Engineering & Co,Beloecto,"Flat No. 281, Ground Floor, Block Cd, Pocket -1 Shalimar Bagh, New Delhi, North West, Delhi","Flat No. 281, DL, New Delhi, North West, Ground Floor, Block Cd, Pocket -1 Shalimar Bagh"
false_negative,blocking_miss,S1-330171332,S2-92450448,,False,Jay Consulting Private Limited,जय कंसल्टिंग प्राइवेट लिमिटेड,"D2/401, Daffodils, Pimple Saudagar, Pune City, Pune, Maharashtra","DC-2/401, DAFFODILS, PIMPLE SAUDAGAR, PUNE CITY, PUNE, महाराष्ट्र"
false_negative,blocking_miss,S1-330171332,S2-938653480,,False,Jay Consulting Private Limited,जय कंसल्टिंग प्राइवेट लिमिटेड,"D2/401, Daffodils, Pimple Saudagar, Pune City, Pune, Maharashtra","DC-2/401, DAFFODILS, PIMPLE SAUDAGAR, PUNE CITY, PUNE, Maharashtra"
false_negative,blocking_miss,S1-330171332,S2-99653535,,False,Jay Consulting Private Limited,जय कंसल्टिंग प्राइवेट लिमिटेड,"D2/401, Daffodils, Pimple Saudagar, Pune City, Pune, Maharashtra","DC-2/401, PUNE, Maharashtra, PUNE CITY"
false_negative,blocking_miss,S1-136263075,S3-709098376,,False,Select Supply Group,5elect-Supply,"149 Querio Drive, Lake Havasu City, AZ","00149 Querio Dr, Arizona, Lake Havasu City"
false_negative,blocking_miss,S1-136263075,S3-965095235,,False,Select Supply Group,Select Spply Group,"149 Querio Drive, Lake Havasu City, AZ","00149 Querio Dr, Lake Havasu City, Arizona"
false_negative,blocking_miss,S1-997286701,S2-719038016,,False,Agrotech Developers Public Limited,Agrotech Developers Puic Limited,"H.No. R- 118, Flat No A- F/F Khirki Extn, New Delhi, South Delhi, Delhi","H.NO. R- 00118, FLAT NO A- F/F KHIRKI EXTN, NEW DELHI, दिल्ली"
false_negative,text_variation_or_ambiguous,S1-780569040,S3-828811513,0.13603704888728452,True,"Blakesley, Amelita, D.D.S.","B1akesley, Ámelita, Ámelita, D.D.S.","328 Naugle Avenue, Patagonia, AZ","328-330 Naugle Ave, Patagonia, Arizona"
false_negative,numeric_conflict,S1-469562207,S3-602812545,0.48699560694646316,True,Hamilton & Larranaga Runway PLLC,Hamilton & Larranaga,"1820 Allen Drive, Salem, OH","Salem, Ohio, 01820 Allen Drive"
false_negative,numeric_conflict,S1-469562207,S3-865592685,0.42381332496193524,True,Hamilton & Larranaga Runway PLLC,Hamilton + Larranaga Runway P.L.L.C.,"1820 Allen Drive, Salem, OH","01820 Allen Dr, Salem, Ohio"
false_negative,blocking_miss,S1-549320832,S3-119558191,,False,Amber,Amber Inc.,"183 Euclid Street, Lashmeet, WV","183 Euclid St, Lashmeet, West Virginia"
false_negative,numeric_conflict,S1-423549966,S3-323506133,0.2387141583482508,True,Lietz & Kramer Duke Inc.,Lietz + Kramer Duke,"1720 Hanover Road, Unit B, Nashville, TN","001720 Hanover Road, # B, Nashvville Township, Tennessee"
false_negative,blocking_miss,S1-371053971,S3-290362722,,False,Games (India) School Private Limited,Games (nrodra) School Private Limited,"Flat No. 1, Padmalaya Apartments Perumal Koil First Street, Kotturpuram, Chennai, Tamil Nadu","1, Chennai, Madras, TN"
false_positive,text_variation_or_ambiguous,S1-592257139,S2-89741875,0.980003835881663,True,Joleen Gavin Williams LLC,"GAVIN, TRUONG WILLIAMS LLC","335 Buckeye Street, Bellevue, OH","335. BUCKEYE ST, BELLEVUE, OH"
false_negative,blocking_miss,S1-958245974,S3-617256030,,False,Ear Nose & Throat Care Inc,Partners Ear Nose & Care Inc,"324 Ludlow Avenue, Springfield, OH","324 Ludlow Avenue, Ohio, Springfield"
false_negative,numeric_conflict,S1-883172948,S2-197117280,0.23802995285964798,True,Tech White Apartments LLP,Tech Whíte Apartments,"A-305, Western Edge Ii, Off Western Express Highway, Magathane, Borivali East, Borivali East, Mumbai, Maharashtra","A-0305, WESTERN EDGE II, OFF WESTERN EXPRESS HIGHWAY, MAGATHANE, BORIVALI EAST, BORIVALI EAST, Maharashtra"
false_negative,missing_address,S1-883172948,S2-401128100,0.5823100567980746,True,Tech White Apartments LLP,Tech White Apartments LLP,"A-305, Western Edge Ii, Off Western Express Highway, Magathane, Borivali East, Borivali East, Mumbai, Maharashtra",
false_negative,blocking_miss,S1-285425422,S2-787162805,,False,Saurabh (India) Industries Private Limited,Saurabh Limited Industries Private (India),"D.No.11-949, Dwaraka Nagar 7Th Lane, Nagaralu, Amaravathi Road, Gor, Antla, Guntur, Krishna, Andhra Pradesh",
false_positive,text_variation_or_ambiguous,S1-731621584,S2-349476807,0.9948825115778857,True,Nagva Finance Private Limited,NAGVI FINANCE PRIVATE [LIMITED],"Office No C-103, 1St Floor, Plot No 11/11A, Thane Belapur Road, Turbhe, Vashi, Navi Mumbai, Pavane, Thane, Maharashtra","OFFICE NO C-103, 1ST FLOOR, PLOT NO 11/11A, THANE BELAPUR ROAD, TURBHE, VASHI, NAVI MUMBAI, PAVANE, THANE, Maharashtra"
false_negative,blocking_miss,S1-394257701,S3-663079152,,False,Nova Clinic,Fayeevo,"3328 Morning Mist Lane, James City County, VA","3328. Morning Mist Ln, Toano, Virginia"
false_positive,text_variation_or_ambiguous,S1-113213081,S3-288626466,0.7512045786667402,True,Smith Guild,Evotavoquo formerly known as Waugh Liberty Recruiting LLC,"Raynham, MA, 90 Paramount Drive","90 Paramount Drive, Raynham, MA"
false_positive,text_variation_or_ambiguous,S1-928757113,S3-954960886,0.8017571933410232,True,Sparkline Polytechnic,Sparkline Polytechnic Enterprises Corporation,"247/1, East Sinthee Bye-Lane, Mezzainine Floor, 11 Pally, Kolkata, Kolkata, Howrah, West Bengal","247/3, East Sinthee Bye-lane, Mezzainine Floor, 11 Pally, Kolkata, Kolkata, Howrah, WB"
false_negative,blocking_miss,S1-218295270,S2-437965176,,False,Diamond Sports Partners,Diamond Sports,"620 Ethel Street, Brainerd, MN","620 ETHEL STREET, BRANERD, MN"
false_negative,blocking_miss,S1-218295270,S2-507199060,,False,Diamond Sports Partners,diamondsportspartners.com,"620 Ethel Street, Brainerd, MN","620 ETHEL STREET, BRANERD, MN"
false_negative,blocking_miss,S1-218295270,S2-645783129,,False,Diamond Sports Partners,Diamond Sports Partcgers,"620 Ethel Street, Brainerd, MN","620 ETHEL SAINT, BRANERD, MN"
false_negative,missing_address,S1-218295270,S3-451329597,0.5645793250088569,True,Diamond Sports Partners,Diamond Sports  Partners,"620 Ethel Street, Brainerd, MN",
false_negative,blocking_miss,S1-778907047,S2-665358663,,False,Pediatric Colonial Care,Pediatric Colonial Care Inc.,"301 Main Street, New Britain, CT","301 MAIN ST, NEW BRITAAIN TOWNSHIP, CT"
false_negative,blocking_miss,S1-701772420,S3-513577484,,False,Sree Shooting Pvt Ltd,Sree Sh0oting Pvt Ltd.,"House No.54, 2Nd Floor Pocket 20, Sector 24, Rohini, North West, Delhi","Hosue No.54, 2Nd Floor Pocket 20, Sector 24, North West, Rohini, दिल्ली"
false_negative,blocking_miss,S1-361320732,S3-543636452,,False,Straight Edge Pilates,Straight Edge Pilates LP,"320 Parham Street, Muscatine, IA",
false_negative,script_variation,S1-214475787,S2-87093625,0.19928275209405763,True,New Media,ન્યૂ મીડિયા,"203 Labh Complex12-B Sattar Taluka Society P O Navjivan, Ahmedabad-, Ahmedabad, Gujarat","ગુજરાત, AHMEDABAD-, AHMEDABAD, 203 LABH COMPLEX12-B SATTAR TALUKA SOCIETY P O NAVJIVAN"
false_negative,script_variation,S1-214475787,S3-450421104,0.33077334052681834,True,New Media,ન્યૂ મીડિયા,"203 Labh Complex12-B Sattar Taluka Society P O Navjivan, Ahmedabad-, Ahmedabad, Gujarat","203 Labh Complex12-b Sattar Taluka Society P O Navjivan, Ahmedabad-, Ahmedabad, GJ"
false_positive,missing_address,S1-343721630,S2-612375548,0.7787184301776675,True,2 21 Health,2 21 Héalth,"NC, 837 Branch Street, Rocky Mount",
false_negative,numeric_conflict,S1-343721630,S3-245392991,0.2175493190261419,True,2 21 Health,2 21 Health Inc.,"NC, 837 Branch Street, Rocky Mount","83 Branch St, ROKY Mount, North Carolina"
false_negative,blocking_miss,S1-343721630,S3-577750785,,False,2 21 Health,221health.com,"NC, 837 Branch Street, Rocky Mount","83 Branch St, ROKY Mount, North Carolina"
false_negative,text_variation_or_ambiguous,S1-220660362,S2-898666147,0.47825642407298724,True,Dynamic Consolidated,Dynamic C0nssldantted,"441 Rangeline Road, Carmel, IN","RANGELINE RD, CARMEL, IN"
false_negative,blocking_miss,S1-220660362,S3-40910169,,False,Dynamic Consolidated,Dynamic Center Enterprises,"441 Rangeline Road, Carmel, IN",
false_negative,text_variation_or_ambiguous,S1-220660362,S3-571366469,0.18849305828154808,True,Dynamic Consolidated,Dynamic Services,"441 Rangeline Road, Carmel, IN","Rangeline Rd, Carmel, Indiana"
false_negative,text_variation_or_ambiguous,S1-726698970,S2-630656515,0.6340493636547896,True,Super Marketing Limited,Super Limited Center,"401 Sursarthi Complexnrambawadi Circle Opp Central Bank, Ambawadiahmedabad, Ahmedabad, Gujarat","#4-401 SURSARTHI COMPLEXNRAMBAWADI CIRCLE OPP CENTRAL BANK, AMBAWADIAHMEDABAD, Gujarat"
false_negative,blocking_miss,S1-881373441,S2-740776091,,False,"Wilson Bright Atlanticus, Inc","Wilson Bright Atilamtlscus, Inc","1106 Pear Ridge Drive, Georgetown, IN","001106 PEAR RIDGE DR, GEORGETOWN, IN"
false_negative,script_variation,S1-664308100,S2-910574175,0.5165716321281617,True,Tech Infotech Private Limited,ਟੈਕ ਇਨਫੋਟੈਕ ਪ੍ਰਾਈਵੇਟ ਲਿਮਟਿਡ,"Village Alahdad Chak, Tehsil Sultanpur Lodhi, Sultanpur Lodhi, Kapurthala, Punjab","VILLAGE ALAHDAD CHAK, TEHSIL SULTANPUR LODHI, SULTANPUR LODHI, KAPURTHALA, Punjab"
false_negative,blocking_miss,S1-664308100,S3-357424734,,False,Tech Infotech Private Limited,Tech Ínfotech Limited Center,"Village Alahdad Chak, Tehsil Sultanpur Lodhi, Sultanpur Lodhi, Kapurthala, Punjab","Sultanpur Lodhi, PB, Village Alahdad Chak"
false_negative,blocking_miss,S1-664308100,S3-63181396,,False,Tech Infotech Private Limited,ਟੈਕ ਇਨਫੋਟੈਕ ਪ੍ਰਾਈਵੇਟ ਲਿਮਟਿਡ,"Village Alahdad Chak, Tehsil Sultanpur Lodhi, Sultanpur Lodhi, Kapurthala, Punjab","Sultanpur Lodhi, Kapurthala, ਪੰਜਾਬ, Village Alahdad Chak, Tehsil Sultanpur Lodhi"
false_negative,blocking_miss,S1-735509099,S2-983902,,False,Jan Solutions Pvt. Ltd.,Mr Jan Pvt. Ltd. Center,"S.No.53, Near Santoshi Mata Mandir Kale Padal, Hadapsar, Pune, Maharashtra",
false_negative,similar_name_different_address,S1-407615960,S3-821103754,0.3413569522425437,True,Konark Charitable Trust,Konark Charitable Trust LLP,"Triratna Bhavan, 98, Diamond Harbour Road, Kolkata, Kolkata, Howrah, West Bengal","Triratna Bhavan, Calcutta, WB"
false_negative,numeric_conflict,S1-665389867,S2-484782015,0.6546499574422178,True,Cascade Initiative,Cascade Initiative Corp,"500 Hazelhurst Avenue, Richmond City, VA","0500 HAZELHURST AVE, RICHMOND, VA"
false_positive,text_variation_or_ambiguous,S1-398639414,S2-653220932,0.7798210594409909,True,"Hernandez, Allen and Colasanti Runway","Hernandez, Allen and Colasanti Runway Holdings","Elkridge, 8013 Paul Martin Drive, MD","8017D PAUL MARTIN DR, ELKRIDGE, MD"
false_negative,blocking_miss,S1-547396463,S2-920905500,,False,Nolasco's Spa,Nolasco's Center,"2815 60th Street, Minneapolis, MN",
false_negative,blocking_miss,S1-747829215,S2-297997256,,False,Ss Enterprises,एसएस एंटरप्राइजेज,"B-30, Subhash Chowk, Prakash Trade Center Shop No.1 Basement, Laxmi Nagar, New Delhi, East Delhi, Delhi","B-#30, EAST DELHI, NEW DELHI, Delhi"
false_negative,blocking_miss,S1-662660819,S2-696234113,,False,Dayton Federal Next,Dayton Federal,"109 Heritage Drive, Oak Ridge, TN",
false_negative,numeric_conflict,S1-216412578,S3-989519489,0.3454004469586992,True,3565 Mountain View Boulevard Associates Inc,Inc 3565 Móuntain View Boulevard Asfrtscttes,"405 Winter Street, Princeton, IL","00405 Winter St, Princeton, Illinois"
false_negative,missing_address,S1-216412578,S3-996823084,0.6605228585882238,True,3565 Mountain View Boulevard Associates Inc,3565 Mountain View Boulevard Associates Incorporated,"405 Winter Street, Princeton, IL",
false_negative,missing_address,S1-699276537,S3-333438748,0.6679049592730193,True,Starline Confin Pvt Ltd,Starline Confin Pvt Limited,"No 86/21 C, Lachiayanar, Street, Ashok Nagar, Arakkonam, Vellore, Tamil Nadu",
false_negative,blocking_miss,S1-976934957,S2-582685886,,False,Patriot Continental Royalties Inc,Patriot-Continental,"9040 Executive Park Drive, TN, Knoxville, Unit 350","EXECUTIVE PARK DRIVE, KNOXVILLLE TOWNSHIP, TN"
false_negative,numeric_conflict,S1-976934957,S3-542736860,0.07837585624751547,True,Patriot Continental Royalties Inc,Center Patriot Royalties Inc,"9040 Executive Park Drive, TN, Knoxville, Unit 350","Tennessee, 9041 Executive Park Drive, Knoxville"
false_negative,text_variation_or_ambiguous,S1-976934957,S3-638990299,0.26575218674728024,True,Patriot Continental Royalties Inc,Patriot Continental,"9040 Executive Park Drive, TN, Knoxville, Unit 350","9041 Executive Park Dr, # 350, Knoxville, Tennessee"
false_negative,blocking_miss,S1-67361600,S3-888451409,,False,20/20 Optical,>> 20/20 Optical  Ltd,"17442 Killdeer Drive, Bend, OR","017442 Killdeer Dr, Bend, Oregon"
false_negative,missing_address,S1-140202410,S2-270178118,0.3996463646936828,True,Kahn Johnson Corp,Kahn Johnson (Corporation),"836 Bradington Circle, Webster, NY",
false_negative,missing_address,S1-696610790,S3-735581773,0.490939792709494,True,Empire Black LLC,Empire Black L.L.C.,"2276 Agave Bay, Unit 7, Lake Havasu City, AZ",
false_negative,blocking_miss,S1-878362829,S3-69282763,,False,Pietra Hallmark Cadenza,Pietrahallmarkcadenza.Com,"7810 Brookbank Road, Willowbrook, IL","7810 Brookbank Rd, Willowbrook, Illinois"
false_negative,blocking_miss,S1-306358975,S2-804281771,,False,Vanguard Environmental Consultants LLC,Vanguard Environmental Consultasns LLC,"3308 153rd Drive, Fl 1, Beaverton, OR","OR, BEAVERTON, 153RD DR"
false_negative,blocking_miss,S1-221979644,S2-327092209,,False,Royal Developers Pvt Ltd,రాయల్ డెవలపర్స్ ప్రైవేట్ లిమిటెడ్,"8-2-293/82/A/623/A, Sy. No. 120, Road No. 34, Shaikpet, Hyderabad, Telangana","8-2-293/82/A/623/A, HYDERABAD, తెలంగాణ"
false_negative,blocking_miss,S1-221979644,S3-860584381,,False,Royal Developers Pvt Ltd,Royal డెవలపర్స్ ప్రైవేట్ లిమిటెడ్,"8-2-293/82/A/623/A, Sy. No. 120, Road No. 34, Shaikpet, Hyderabad, Telangana","Sy. No. 120, Road No. 34, TG, Hyderabad, Shaikpet, 8-2-293/82/A/623/A"
false_negative,blocking_miss,S1-221979644,S3-949766455,,False,Royal Developers Pvt Ltd,రాయల్ డెవలపర్స్ ప్రైవేట్ లిమిటెడ్,"8-2-293/82/A/623/A, Sy. No. 120, Road No. 34, Shaikpet, Hyderabad, Telangana","Hyderabad, TG, 8-2-293/82/A/623/A, Sy. No. 120, Road No. 34, Shaikpet"
false_negative,text_variation_or_ambiguous,S1-38842716,S2-717921519,0.26959559617760215,True,Mas Hydrogen Private Limited,Mas Hydrogen Limited Services,"54, N.S.B Road Raniganj, Raniganj, Bardhaman, West Bengal","পশ্চিমবঙ্গ, H.NO 822 54, N.S.B ROAD RANIGANJ, RANIGANJ"
false_negative,blocking_miss,S1-38842716,S2-895060890,,False,Mas Hydrogen Private Limited,Dr MAS HYDROGEN PRIVATE LÍMITED,"54, N.S.B Road Raniganj, Raniganj, Bardhaman, West Bengal",
false_negative,blocking_miss,S1-245513927,S3-266942423,,False,Scholarship Star Guild,Scholarship  Star,"106 Greenway Court, Murfreesboro, TN","106 Greenway Ct, PO Box 5360, Murfreesboro, Tennessee"
false_negative,numeric_conflict,S1-997660919,S3-125951240,0.655621266080739,True,HHW Developers Limited,HHW Developers,"Samir Building B 604, Atmaram Sawant Marg, Kandivali East, Mumbai, Maharashtra","Samir Building B 04, Atmaram Sawant Marg, Kandivali East, Mumbai, MH"
false_negative,blocking_miss,S1-997660919,S3-145115124,,False,HHW Developers Limited,hdevelopers.com,"Samir Building B 604, Atmaram Sawant Marg, Kandivali East, Mumbai, Maharashtra","Samir Building B 04, Mumbai, Kandivali East, महाराष्ट्र"
false_negative,numeric_conflict,S1-997660919,S3-280105927,0.30949984781867834,True,HHW Developers Limited,HHW  Developers,"Samir Building B 604, Atmaram Sawant Marg, Kandivali East, Mumbai, Maharashtra","Saiir Building B 04, Atmaram Sawant Marg, Kandivali East, Mumbai, महाराष्ट्र"
false_negative,numeric_conflict,S1-997660919,S3-498523127,0.46859417750134297,True,HHW Developers Limited,HHW (Developers),"Samir Building B 604, Atmaram Sawant Marg, Kandivali East, Mumbai, Maharashtra","Mumbai, Atmaram Sawant Marg, Samir Building B 04, Kandivali East, MH"
false_negative,missing_address,S1-751181374,S3-439914956,0.5645793250088569,True,Transglobal Brothers Limited,Transglobal-Brothers Limited,"C-231, Siddhivinayak Tower, Beside Kataria Arcade, Near D.A.V. School, S.G Highway, Makarba, Ahmedabad, Gujarat",
false_negative,blocking_miss,S1-435874848,S2-876416374,,False,Orthopedic Group,Orthopedic Gróup,"345 Locust Street, Big Cabin, OK",
false_negative,blocking_miss,S1-957848039,S3-277605743,,False,Traveron Emera P.C.,Traver0n Emera [P.C.],"307 Figueroa Street, Folsom, CA","Figueroa St, Folsom, California"
false_negative,text_variation_or_ambiguous,S1-259031044,S3-29126025,0.632804674285447,True,Bhikshu Consultancyprivate Limited,Shri 8hikshu Consultancyprivate,"4 Plot-147, Sargam, Major Parmeshwaran Road, Siws College, Wadala, Mumbai, Mumbai City, Maharashtra","H.no 4 Plot-147, Mumbai, Mumbai City, महाराष्ट्र"
false_negative,blocking_miss,S1-661723950,S3-435117905,,False,Chicago Scholarship Ministries Inc,Belopyra,"3432 Broadway, Chicago, IL","3432 Broadway, Chicago, Illinois"
false_negative,blocking_miss,S1-661723950,S3-696439825,,False,Chicago Scholarship Ministries Inc,Inc Chicago Schrlrsgip Ministries,"3432 Broadway, Chicago, IL","3432 Broadiay, Chicago, Illinois"
false_negative,blocking_miss,S1-727212110,S2-657374459,,False,Gentle Drugs Private Limited,Gentle Drbrgs Private Limited,"C/O-Kamal Dey, Vill-Lalpur, Near Dhali Para, Chakdah, Nadia, West Bengal",
false_negative,text_variation_or_ambiguous,S1-727212110,S2-689276741,0.6988117340459108,True,Gentle Drugs Private Limited,Gentle Drugs Limited Center,"C/O-Kamal Dey, Vill-Lalpur, Near Dhali Para, Chakdah, Nadia, West Bengal","C/O-KAMAL DEY, VILL-LALPUR, NEAR DHALI PARA, CHAKDAH, West Bengal"
false_positive,text_variation_or_ambiguous,S1-179247233,S3-412223660,0.784960479021366,True,"Nelson & Morgan, Corp","Nelson & Morgan Central,","10667 10, AZ, Unit 38, Yuma","10669 10, Unit 38, YUMA CITY, Arizona"
false_negative,text_variation_or_ambiguous,S1-179247233,S2-482596548,0.711389719320685,True,"Nelson & Morgan, Corp","Nelson & Morgan, Corp.","10667 10, AZ, Unit 38, Yuma","10669-10673 10, YUMA, AZ"
false_negative,blocking_miss,S1-624545882,S2-391077662,,False,Urgent Care Center,Solariafaye,"6151 Pine Street, Fayetteville, NC","6151-B PINE ST, FAYETTEVILLE, NC"
false_negative,blocking_miss,S1-624545882,S3-1861728,,False,Urgent Care Center,Urgent Care Cenger,"6151 Pine Street, Fayetteville, NC","##6151 Pine St, Fayetteville, North Carolina"
false_negative,missing_address,S1-519176863,S2-722942449,0.5557171349422174,True,Hunter Australia,Hunter Áustralia,"49 Orchard Lane, Orchard Park, NY",
false_negative,missing_address,S1-773985514,S2-56365437,0.7350932469751661,True,South Strategic Western LLC,SOUTH STRATEGIC WÉSTERN LLC,"113 Sleepy Hollow Drive, Rockingham, NC",
false_negative,blocking_miss,S1-538658254,S2-774732688,,False,"Luckey, Bannister & Rodrigues, LLC","Luckey, Bannister &","511 Nc 3785, Marble Falls, AR",
false_negative,blocking_miss,S1-538658254,S2-783448079,,False,"Luckey, Bannister & Rodrigues, LLC","Luckey, Bannister & Rodrigues,","511 Nc 3785, Marble Falls, AR",
false_negative,blocking_miss,S1-538658254,S3-934887078,,False,"Luckey, Bannister & Rodrigues, LLC","LUCKEY, BANNISTER & RODRIGUES, LLC","511 Nc 3785, Marble Falls, AR",
false_negative,text_variation_or_ambiguous,S1-187710029,S3-459378617,0.1886600865515625,True,Anchit (India) Alloys Co,Anchit Anchit (India) Co Service,"No.6, New 11, 'Kalamandir Apartment' Fourth Cross Street, Kodambakkam, Chennai, Tamil Nadu","No.6, Chennai, TN"
false_negative,numeric_conflict,S1-410485089,S2-225688456,0.5210133383633868,True,Downtown Cafe Co,Downtown Cafe Company,"1006 Cooper Street, New Lenox, IL","NEW LENOX, PMB 9328, 001006 COOPER STREET, IL"
false_negative,numeric_conflict,S1-410485089,S2-795260550,0.3915231291509244,True,Downtown Cafe Co,DOWNTOWN CAFE,"1006 Cooper Street, New Lenox, IL","IL, NEW LENOX, 001006 COOPER ST"
false_negative,blocking_miss,S1-410485089,S3-671974590,,False,Downtown Cafe Co,Downtowncafe.Com,"1006 Cooper Street, New Lenox, IL","Cooper Street, Incorporated, Illinois"
false_positive,text_variation_or_ambiguous,S1-702874707,S3-581027055,0.8098975131701603,True,Frontier Floating,Frontier Floating Westgate,"16075 85th Street, Unit 416-417, Redmond, WA","16079 85th Street, # 416-417, Redmond, Washington"
false_negative,missing_address,S1-702874707,S2-244035939,0.5823100567980746,True,Frontier Floating,Frontier-Floating,"16075 85th Street, Unit 416-417, Redmond, WA",
false_negative,blocking_miss,S1-393369181,S2-217093282,,False,314 Park Place Apartments Group,314 Park Place,"203 Concord Turnpike, Unit 1320, Cambridge, MA",
false_negative,blocking_miss,S1-336873845,S3-671710496,,False,Raunak India Private Limited,Evosolbrix,"Panipat, F Block, G.F, Ansal Sushant City, Haryana, H. No 2707","H. No 2707, F Block, G.f, Ansal Sushant City, Panipat, HR"
false_negative,blocking_miss,S1-208382165,S3-797419802,,False,Britt Santander LLC,8ritt Sántander,"108 1st Street, Rose Creek, MN","108 1st St, Minnesota, Rose Creek"
false_negative,blocking_miss,S1-893180297,S3-418222379,,False,Straight Edge Pizza! LLC,Straight Edge Pizza! LLC,"Unit 101, 312 Prosperity Drive, TN, Knoxville",
false_negative,blocking_miss,S1-179820008,S2-545661837,,False,Brown Safety,BROWN SAFETY - 9679149963,"51 Kirby Hill Road, Pawling, NY","51 KIRBY HILL ROAD, PAWLINNG, NY"
false_negative,blocking_miss,S1-652367786,S2-834704431,,False,Global Direct Airlines LLC,Global-Direct,"IL, 128 Green Street, Virden","128-B GREEN STREET, VIDREN, IL"
false_negative,missing_address,S1-652367786,S2-941627482,0.6687598151718395,True,Global Direct Airlines LLC,Global Direct Airlines L.L.C.,"IL, 128 Green Street, Virden",
false_negative,script_variation,S1-828671901,S2-650058946,0.04658258353358166,True,Hari Ventures LLP,ഹരി വെഞ്ചേഴ്സ് എൽഎൽപി,"Daniels Villa Pooyappally, Kollam, Kerala","DANIELS VILLA POOYAPPALLY, KOLLAM, കേരളം"
false_negative,blocking_miss,S1-828671901,S3-872527769,,False,Hari Ventures LLP,Hari വെഞ്ചേഴ്സ് എൽഎൽപി,"Daniels Villa Pooyappally, Kollam, Kerala","Hn 3-19 Daniels Villa Pooyappally, Kollam, KL"
false_negative,blocking_miss,S1-828671901,S3-885089779,,False,Hari Ventures LLP,ഹരി വെഞ്ചേഴ്സ് എൽഎൽപി,"Daniels Villa Pooyappally, Kollam, Kerala","Hn 3-19 Daniels Villa Pooyappally, Kollam, KL"
false_negative,numeric_conflict,S1-433450058,S3-591996460,0.055331432452852006,True,"Fox, Mcclusky and Powers Coastal LLC","Fox, Mcclusky and and Powers Coastal","4746 Stoney Point Court, Sugar Land, TX","04746 Stoney Point Ct, Sugar Land, Texas"
false_positive,text_variation_or_ambiguous,S1-567306041,S3-960415116,0.8172529201618293,True,Tri-State Ministries,Tri-State Ministries LLC,"604 Sherwood Drive, Unit A, Victoria, TX","613C Sherwood Drive, Unit A, Victoria, Texas"
false_negative,blocking_miss,S1-756918887,S3-194238257,,False,Laxmi Enterprises Private Limited,Laxmi எண்டர்பிரைசஸ் பிரைவேட் லிமிடெட்,"9B Sai Vilas 2Nd Canal Cross Road Gandhi Nagar, Adyar, Chennai, Tamil Nadu","9B Sai Vilas 2Nd Canal Cross Road Gandhi Nagar, Adyar, Chennai, தமிழ்நாடு"
false_negative,blocking_miss,S1-67829673,S2-90170663,,False,Great Food LLP,গ্রেট ফুড এলএলপি,"Sethia House, 1St Floor, 23/24, Radha Bazar Street, Kolkata, Howrah, West Bengal","DOOR NO 526 SETHIA HOUSE, KOLKATA, HOWRAH, পশ্চিমবঙ্গ"
false_negative,blocking_miss,S1-67829673,S2-932159911,,False,Great Food LLP,গ্রেট ফুড এলএলপি,"Sethia House, 1St Floor, 23/24, Radha Bazar Street, Kolkata, Howrah, West Bengal","H.NO 526 SETHIA HOUSE, HOWRAH, KOLKATA, পশ্চিমবঙ্গ, 1ST FLOOR, 23/24, RADHA BAZAR STREET"
false_negative,blocking_miss,S1-67829673,S3-652089279,,False,Great Food LLP,Center Great LLP,"Sethia House, 1St Floor, 23/24, Radha Bazar Street, Kolkata, Howrah, West Bengal","Sethia House, WB, Howrah, Calcutta"
false_negative,blocking_miss,S1-796988157,S3-548546748,,False,Uptown Auto Body Marion,Uptown Auto,"26 Bristol Road, Marion, AR","26 Bristol Rd, Marion, Arkansas"
false_negative,missing_address,S1-273130401,S3-644728111,0.5118874436176499,True,Charotar Biotechnologies,Charotar Bibomteccologies,"3304 Floor-33 Plot-131/132, Indiabulls Blu B Ganpatrao Kadam Marg, Mumbai, Maharashtra",
false_negative,text_variation_or_ambiguous,S1-665456527,S2-640246325,0.6522175317866188,True,Thomas Education,thomaseducation.com,"188 34th Street, Steger, IL","IL, 188 34TH ST, INCORPORATED"
false_negative,numeric_conflict,S1-665456527,S3-675702711,0.4704765560107162,True,Thomas Education,Thomas Éducation,"188 34th Street, Steger, IL","988 34th St, Setger CITY, Illinois"
false_positive,text_variation_or_ambiguous,S1-977643610,S2-848438758,0.771455662568809,True,Mg Edge Private Limited,Mg Edge Group Private,"Spacelance Office Solutions Private Limited, #677 1St Floor, Suite #925, 13Th Cross, Sector-0, 1, Hsr Layout, Bangalore, Karnataka","NO 33  SPACELANCE OFFICE SOLUTIONS PRIVATE LIMITED, #677 1ST FLOOR, SUITE #925, 13TH CROSS, SECTOR-0, 1, HSR LAYOUT, Karnataka"
false_negative,blocking_miss,S1-977643610,S3-849320149,,False,Mg Edge Private Limited,Mg Egnde Private Limited,"Spacelance Office Solutions Private Limited, #677 1St Floor, Suite #925, 13Th Cross, Sector-0, 1, Hsr Layout, Bangalore, Karnataka","KA, Bangalore, Spacelance Office Solutions Private Limited, Bangalore"
false_negative,blocking_miss,S1-829435208,S2-653696891,,False,Richards and Barroso Inc,Richards and Bcaroos Inc,"806 Skylark Drive, Arlington, TX","806 SKYLARK DRIVE, ARLINGTOON, TX"
false_negative,text_variation_or_ambiguous,S1-2382669,S2-141634217,0.7411106150864067,True,United Foundation Private Limited,UNITED FOUNDATION PRIVATE LTD LTD,"Shop No. 17 & 18, Sawant Park Chaitanya Nagar Dhankawadi, Pune City, S No. 29/1/2/4/5, Maharashtra, Pune","S NO. 9/1/2/4/5, SHOP NO. 17 & 18, SAWANT PARK CHAITANYA NAGAR DHANKAWADI, PUNE CITY, महाराष्ट्र"
false_negative,text_variation_or_ambiguous,S1-191738444,S3-8770362,0.4732881957975658,True,Dermatology Medicine,Dermatology Partners,"WV, 100 Eagles Nest Lane, Harpers Ferry","100 Eagles Nest Ln, Harpers Ferry, West Virginia"
false_negative,blocking_miss,S1-853588517,S2-764979182,,False,Koren Strategic Generating,Center Generating Koren,"429 97th Place E, Tulsa, OK","97TH PL E, TULSA, OK"
false_negative,text_variation_or_ambiguous,S1-830465037,S2-193268117,0.575027656029861,True,1150 Market Ave Realty,1150MARKETAVECOM (ID: 73588),"582 Peru Road, Sneads Ferry, NC","SNEADS FRRY, NC, 582 PERU RD"
false_negative,blocking_miss,S1-574569755,S3-858203548,,False,Classic Infra Private Limited,Drexrizamira,"Plot No. 668/2134 Jadapur Naya Bazar, Balasore, Orissa","Plot No. 668/2134 Jadapur Naya Bazar, Balasore, Orissa"
false_negative,blocking_miss,S1-574569755,S3-872740274,,False,Classic Infra Private Limited,Limited Classic Private Services,"Plot No. 668/2134 Jadapur Naya Bazar, Balasore, Orissa","Plot No. 668/2134 Jadapur Naya Bazar, Mumbai, Balasore, OD"
false_negative,blocking_miss,S1-574569755,S3-874816237,,False,Classic Infra Private Limited,କ୍ଲାସିକ୍ ଇନଫ୍ରା ପ୍ରାଇଭେଟ୍ ଲିମିଟେଡ୍,"Plot No. 668/2134 Jadapur Naya Bazar, Balasore, Orissa","Plot No. 668/2134 Jadapur Naya Bazar, Mumbai, Balasore, OD"
false_negative,blocking_miss,S1-956448497,S2-395983424,,False,Protech Law Chambers Private Limited,protechlawchambers.com,"M-25, Mahavidya Colony Second Phase, Mathura, Uttar Pradesh","NO. 789 M-25, MAHAVIDYA COLONY SECNOD PHASE, MATHURA, Uttar Pradesh"
false_negative,blocking_miss,S1-956448497,S3-709486261,,False,Protech Law Chambers Private Limited,Yumazeph,"M-25, Mahavidya Colony Second Phase, Mathura, Uttar Pradesh","Mathura, Mahavidya Colony Second Phase, Uttar Pradesh, M-25"
false_negative,numeric_conflict,S1-895341338,S2-470433033,0.4926652095420146,True,National Keystone Edison PLLC,National Keystone Edison,"3139 Grimsley Farm Road, NC, Bladenboro","3140 GRIMSLEY FARM RD, BLADENBORO, NC"
false_negative,numeric_conflict,S1-895341338,S2-600166417,0.4926652095420146,True,National Keystone Edison PLLC,National Keystone Edison,"3139 Grimsley Farm Road, NC, Bladenboro","3140 GRIMSLEY FARM RD, BLADENBORO, NC"
false_positive,numeric_conflict,S1-230179628,S3-896308155,0.7676812481075522,True,National Project,National Project Co,"18151 Moline Road, Unit 45W, Lyndon, IL","18156 Moline Road, Unit 45W, Lyndon, Illinois"
false_negative,blocking_miss,S1-552273652,S3-60750337,,False,Urgent Care Medicine LLC,@urgentcare,"152 Gray Station Road, Unit 49, Gray, TN","Gray Station Road, # 49, Johnson ITY, Tennessee"
false_negative,numeric_conflict,S1-23823308,S3-325292144,0.3426423447631054,True,M & A Solarius,M M & A Solarius (LLC),"Naperville, 1684 Quincy Avenue, Unit 1STFL, IL","168 Quincy Ave, Unit 1stfl, Naperville, Illinois"
false_negative,blocking_miss,S1-23823308,S3-584116584,,False,M & A Solarius,M & A S0larius,"Naperville, 1684 Quincy Avenue, Unit 1STFL, IL","168 Quincy Ave, Unit 1stfl, Naperville, Illinois"
false_negative,text_variation_or_ambiguous,S1-833988568,S3-333643452,0.43261757048605265,True,Rudramukhi Memorial Trust,Rudramukhi Memorial Service,"8-3-833/A/1, 2, 3/602A, Usha, Enclave, Navodaya Colony, Khairatabad, Hyderabad, Telangana","C-8-3-833/a/1, Hyderabad, Andhra Pradesh"
false_negative,missing_address,S1-58315054,S3-988625944,0.5103568985116829,True,"Isaacs, Johns and Williams Electricity",Isaacs Johns And Williams,"33 Sugar Loaf Mountain Road, Chester, NY",
false_negative,numeric_conflict,S1-724002448,S3-835668005,0.4983061665729613,True,"Sterling Lionheart, LLC","Sterling Lionheart, L.L.C.","1238 Nevada Avenue, Libby, MT","238 Nevada Ave, Libby, Montana"
false_negative,text_variation_or_ambiguous,S1-530040287,S2-424407624,0.583273787001288,True,Perfect Consulting Private Limited,Perfect Private Limited Limited Services,"No11 10 Cross Noor Lyt, Rashad Nagar Nagavara, Bangalore North, Bangalore, Karnataka","11 10 CROSS NOOR LYT, RASHAD NAGAR NAGAVARA, BANGALORE NORTH, ಕರ್ನಾಟಕ"
false_negative,blocking_miss,S1-323609927,S3-188777955,,False,Cruz School of Medicine,Cruz School of Medcibe,"84 Sugar Creek Hills, Thayer, IL","Sugar Creek Hills, Auburn, Illinois"
false_negative,blocking_miss,S1-67456485,S3-936007423,,False,20/20 Optical Inc,20/20 Ohpthacal Inc,"142 Crescent Street, Rutland City, VT","Rutland City, Vermont, 142. Crescent St"
false_negative,missing_address,S1-816883784,S3-182389777,0.557759741577714,True,"Killen, Spence and Parrott Teucrium Inc.","killen, spence and párrott teucrium inc.","5632 46th Place, Hyattsville, MD",
false_negative,blocking_miss,S1-766375749,S3-310894353,,False,Womens Health Center LLC,@womenshealth,"CA, Freedom, 1955 Pajaro Lane, Unit 110","Freedom, Pajaro Ln, California, # 110"
false_negative,numeric_conflict,S1-819163397,S2-832450894,0.3078182900693611,True,Verrance Energetics Corporation,Verrance Energetics,"7602 Clovernook Avenue, Cincinnati, OH","760 Clovernook Ave, <NULL>, CINCINNATI, OH"
false_negative,similar_address_different_name,S1-819163397,S3-852906132,0.4888434384686148,True,Verrance Energetics Corporation,Kornylasyn,"7602 Clovernook Avenue, Cincinnati, OH","7602. Clovernook Avenue, Cincinnati, Ohio"
false_negative,blocking_miss,S1-971887877,S3-478907148,,False,Sous LLC,LLC Sous,"Steele, 3020 26th Street, ND","3020 1/2 26nd St, Steele, North Dakota"
false_negative,blocking_miss,S1-971887877,S3-763867271,,False,Sous LLC,s0us llc,"Steele, 3020 26th Street, ND","3020 1/2 26nd St, Steele, North Dakota"
false_negative,blocking_miss,S1-703086020,S2-195995749,,False,Behavioral Health Center,Behaviora1 Health-Center,"18856 Silver Hill Lane, Loudoun County, VA","SILVER HILL LN, LOUDOUN COUNTY, VA"
false_negative,blocking_miss,S1-129881350,S3-207888973,,False,Surgical Partners,Surgical Partners Inc,"966 Sycamore Avenue, Rialto, CA","Sycamore Avenue, California, Rialto"
false_negative,similar_address_different_name,S1-912045466,S3-883308874,0.43665062330835647,True,Casa Apparels,Aviecto,"Pramod Pajpoot S/O Chaaat, Auram Pr/29 Prakash Nagar, Seoni, Madhya Pradesh","Pramod Pajpoot S/O Chaaat, Auram Pr/29 Prakash Nagar, Seoni, Madhya Pradesh"
false_negative,blocking_miss,S1-912045466,S3-899078503,,False,Casa Apparels,Casa  Aplpmrhaels,"Pramod Pajpoot S/O Chaaat, Auram Pr/29 Prakash Nagar, Seoni, Madhya Pradesh","Seoni, MP, Pramod Pajpoot S/o Chaaat, Seoni"
false_negative,blocking_miss,S1-782046312,S3-261603220,,False,Orbit Ventures Pvt Ltd,OV,"Lal Masjid, Moradabad Gate Chaudausi, Moradabad, Uttar Pradesh","Lal Masjid, Moradabad Gate Chaudausi, Moradabad, Uttar Pradesh"
false_negative,blocking_miss,S1-782046312,S3-589993651,,False,Orbit Ventures Pvt Ltd,Ltd 0rbit Pvt (Center),"Lal Masjid, Moradabad Gate Chaudausi, Moradabad, Uttar Pradesh","Moradabad, UP, Lal Masjid"
false_negative,blocking_miss,S1-65703791,S2-169481636,,False,International Black International Pvt Ltd,इंटरनेशनल ब्लैक इंटरनेशनल प्रा. लि.,"Jaipur, Office No. B-103, Sumer Complex, Plot No. F-174 Gautam Marg, Behind Bagaria Bhawan, C-Sc, Heme, Jaipur, Rajasthan","BLOCK D-0034 OFFICE NO. B-103, JAIPUR, राजस्थान"
false_negative,blocking_miss,S1-65703791,S3-643013121,,False,International Black International Pvt Ltd,इंटरनेशनल ब्लैक इंटरनेशनल प्रा. लि.,"Jaipur, Office No. B-103, Sumer Complex, Plot No. F-174 Gautam Marg, Behind Bagaria Bhawan, C-Sc, Heme, Jaipur, Rajasthan","Ofice No. B-103, Sumer Complex, Plot No. F-174 Gautam Marg, Behind Bagaria Bhawan, C-sc, Heme, Jaipur, RJ"
false_negative,missing_address,S1-443543936,S3-726882697,0.7350686186361317,True,Haller & Smith Natural Inc,Haller + Sgaith Natural Inc,"15 Farren Avenue, New Haven, CT",
false_positive,script_variation,S1-128471775,S2-834146650,0.7676332325370057,True,Coastal Farms Private Limited,श्याम एस इन्वेस्टमेंट लिमिटेड,"Pratibha, Plotno.R-99, Behindbankofindiareshimbag, Nagpur, Maharashtra","Maharashtra, PARDI NAGPUR, NAGPUR, PRATIBHA, PLOTNO.R-99, BEHINDBANKOFINDIARESHIMBAG"
false_negative,blocking_miss,S1-128471775,S3-133206942,,False,Coastal Farms Private Limited,Coastal Farms Pmiogte Limited,"Pratibha, Plotno.R-99, Behindbankofindiareshimbag, Nagpur, Maharashtra","Nagpur, MH, Pratibha"
false_negative,blocking_miss,S1-128471775,S3-184160271,,False,Coastal Farms Private Limited,Coastal Farms Limited-Services,"Pratibha, Plotno.R-99, Behindbankofindiareshimbag, Nagpur, Maharashtra",
false_negative,text_variation_or_ambiguous,S1-128471775,S3-474211944,0.04109384069288915,True,Coastal Farms Private Limited,Coastal Farms-Limited Private,"Pratibha, Plotno.R-99, Behindbankofindiareshimbag, Nagpur, Maharashtra","Praitbha, Nagpur, महाराष्ट्र"
false_negative,blocking_miss,S1-414843354,S2-56495051,,False,Sree Trading,श्री ट्रेडिंग,"Room No.915, Upper Floor, Bmc Colony, Block No.5, Malwani, Malad (West), Mumbai, Mumbai City, Maharashtra","ROOM NO.915, MUMBAI, MUMBAI CITY, Maharashtra"
false_negative,blocking_miss,S1-414843354,S3-427376181,,False,Sree Trading,Sri Sree (Trading),"Room No.915, Upper Floor, Bmc Colony, Block No.5, Malwani, Malad (West), Mumbai, Mumbai City, Maharashtra","Room No.915., Mumbai City, Mumbai, MH"
false_negative,text_variation_or_ambiguous,S1-17498498,S2-688977290,0.6819578814511272,True,Jai Fire Private Limited,Sri Jai Private Fire Limited,"Plot No. 25 16 2, Budh Colony, Industrial Area, Mathura Road, Badkhan Flyover, Faridabad, Haryana","45 16 2, BUDH COLONY, INDUSTRIAL AREA, MATHURA ROAD, BADKHAN FLYOVE,R FARIDABAD, हरियाणा"
false_negative,blocking_miss,S1-797657146,S3-479339667,,False,Namah Research Private Limited,namah research private limited,"8-2-350/6/2, Plot No. 16, 2Nd Floor, Flat No. 2C Vamshi Ram Jyothi Square Apartments, Ban, Jarahills, Hyderabad, Telangana",
false_negative,text_variation_or_ambiguous,S1-898824505,S3-530150347,0.61226895509371,True,Thomas Heartland Bhav Inc,Thomas Htealatnd Bhav Inc,"1839 12120, Riverton, UT","Utah, 1841 12120, Riverton"
false_negative,missing_address,S1-164689637,S2-87402370,0.6877346016955945,True,Clean Trailblazer Center,Clean Clean Trailblazer Center Ltd,"Stamford, TX, 912 Wetherbee Street",
false_negative,blocking_miss,S1-947366071,S3-69370332,,False,Dream Agro Limited,Dream-Agro,"Flat. No. 403, Sai Purnodaya Abode, H. No. 1-3-183/40/86&87, Sbi Colony, Gan, Dhi Nagar, Hyderabad, Telangana",
false_negative,blocking_miss,S1-947366071,S3-96073108,,False,Dream Agro Limited,Dream Agro,"Flat. No. 403, Sai Purnodaya Abode, H. No. 1-3-183/40/86&87, Sbi Colony, Gan, Dhi Nagar, Hyderabad, Telangana","Flat. No. 403, Hyderabad City Region, Hyderabad, TG"
false_negative,text_variation_or_ambiguous,S1-885992129,S3-789971789,0.3764593079437152,True,"Ottinger, Aryn, Ph.D.","Ottinger, Aryn, Ph.D. Corp","36594 21, Ogema, MN","0036859 21, Ogema, Minnesota"
false_negative,blocking_miss,S1-653510157,S2-974924535,,False,Hyacinthie Lucht Vernal LLC,Deltaveo,"718 Maryland Street, Evansville, IN","18 MARYLAND ST, EVANSIVLLE CITY, IN"
false_negative,text_variation_or_ambiguous,S1-653510157,S3-465575052,0.6825020155105483,True,Hyacinthie Lucht Vernal LLC,Hyacinthie Lucht - 9336253166,"718 Maryland Street, Evansville, IN","Indiana, 718 Maryland Street, Evansville"
false_negative,numeric_conflict,S1-549948137,S2-670494226,0.17885430128844912,True,Human Rights Fellowship,Human Rsdhgat Fellowship,"Columbus, OH, 757 Berkeley Road","500 BERKELEY ROAD, OH, COLUMBUS"
false_negative,text_variation_or_ambiguous,S1-618715435,S2-625650382,0.6283394227543667,True,Technology Omm (in Ltd,Technology Omm Ltd Services,"D-3 Pratap Residencyeast Boring Canal Road, Patna, Bihar","BLOCK E-453 D-3 PARTAP RESIDENCYEAST BORING CANAL ROAD, PATNA, Bihar"
false_negative,blocking_miss,S1-918862868,S2-437995426,,False,Bennett Better Sachem Inc,Bennett Better Inc Sachem,"46 Burdsall Avenue, Fort Mitchell, KY",
false_negative,blocking_miss,S1-856075086,S3-567838027,,False,Primary Care Creative Center,Primary Cane Creative Center,"WI, City Of Sun Prairie, 1610 Rustic Drive",
false_negative,blocking_miss,S1-654535882,S2-300461350,,False,"Montgomery Motors, Inc.","Montgomery Montgomery Motors, Incorporated","226 Centella Circle, Dale, TX",
false_negative,blocking_miss,S1-991979870,S2-24595485,,False,Asset Building Fund,Asset Building  Fund Ltd,"10 Golar Drive, Ramapo, NY",
false_negative,blocking_miss,S1-991979870,S2-288484078,,False,Asset Building Fund,Asset-Bulhing Fund,"10 Golar Drive, Ramapo, NY","NY, VIOLA, 0010 GOLAR DR"
false_negative,blocking_miss,S1-991979870,S3-300025133,,False,Asset Building Fund,assetbuildingfund.com,"10 Golar Drive, Ramapo, NY","10 Golar Drive, Ramapo, New York"
false_negative,blocking_miss,S1-430833024,S2-925408482,,False,Family Clinic of Vancouver,Family Clinic of Vancouver Inc,"2417 Norris Road, Vancouver, WA",
false_negative,blocking_miss,S1-430833024,S3-752380019,,False,Family Clinic of Vancouver,Family Clinic Vancouver of,"2417 Norris Road, Vancouver, WA",
false_negative,missing_address,S1-665991620,S3-521114009,0.5095697392581876,True,"Bride Lenhart, D.O.","Bride Lenhart,","1138 Russell Street, Skiatook, OK",
false_negative,blocking_miss,S1-53284309,S2-147720470,,False,Urgent Care Group Associates,Urgent Care Group (Associate),"24 Harold Avenue, Colonie, NY","24 HAROLD AVE, LATHAM, NY"
false_negative,missing_address,S1-734524748,S2-259870342,0.5823100567980746,True,Inland Lives Private Limited,Inland  Lives Private Limited,"392, Sunlight Colony-I, Near Jeevan Nagar, New Delhi, Delhi",
false_negative,similar_address_different_name,S1-734524748,S3-717738565,0.1858665093295781,True,Inland Lives Private Limited,Beloevoorbi One,"392, Sunlight Colony-I, Near Jeevan Nagar, New Delhi, Delhi","392, Sunlight Colony-I, Near Jeevan Nagar, New Delhi, Delhi"
false_negative,blocking_miss,S1-78219822,S2-377656823,,False,Margarethe Freiburger Crystal Lifesciences,Margarethe Freiburger Lifesciences Center,"Belmont, 27 Selwyn Road, MA",
false_negative,blocking_miss,S1-416691448,S2-978846206,,False,Empire Learning Center,Empire Lmrbásng Center,"10515 Poplar Tent Road, Huntersville, NC",
false_negative,text_variation_or_ambiguous,S1-578594968,S2-575932048,0.6877425891930649,True,Gulf Productions,Gu1f Partners,"Unit APT F, 4862 Sunset Terrace Lane, CA, Fair Oaks","4862 SUNSET TERRACE LN, FAIR OAKS, CA"
false_negative,numeric_conflict,S1-578594968,S3-125490718,0.3290238434397948,True,Gulf Productions,Gulf (Prddutctios),"Unit APT F, 4862 Sunset Terrace Lane, CA, Fair Oaks","04862 Sunset Terrace Lane, # APT F, Fair Oaks, California"
false_negative,missing_address,S1-428018424,S2-576599425,0.5823100567980746,True,Swinney Patriot Doubleline LLC,Swinney Patriot Doubleline LLC,"155 Stone Lake Court, York County, VA",
false_negative,blocking_miss,S1-154229490,S2-303275070,,False,Jagsakti Tradecom of New Delhi,jagsaktitradecomnew.com,"G-9/44, G/F Ratiya Marg Sangam Vihar, New Delhi, South Delhi, Delhi","#4-840 G-9/44, G/F RATIYA MARG SANGAM VIHAR, NEW DELHI, Delhi"
false_negative,blocking_miss,S1-154229490,S2-34482197,,False,Jagsakti Tradecom of New Delhi,jagsaktitradecomnewcom,"G-9/44, G/F Ratiya Marg Sangam Vihar, New Delhi, South Delhi, Delhi","दिल्ली, H.NO 4-840 G-9/44, G/F RATIYA MARG SANGAM VIHAR, NEW DELHI"
false_negative,missing_address,S1-224695299,S2-735418461,0.5842774194274993,True,Filia Ringwald Bay Taxable Inc,FILIA RAINGBWD BÁY TAXABLE INC,"104 Main Street, Charles City, IA",
false_negative,blocking_miss,S1-584310542,S3-598511955,,False,Urgent Care Safe Medicine LLC,LLC Urgent Care Sae Medicine,"1178 1st Avenue, Sioux Center, IA","#1178 First Avenue, SIOX Center, Iowa"
false_negative,missing_address,S1-661623893,S2-835363208,0.5823100567980746,True,Srk Securities Pvt. Ltd.,Srk Securities Pvt. ((Ltd.)),"M 22M I D C Ambad, Nasik, Nashik, Maharashtra",
false_negative,blocking_miss,S1-880503866,S3-113087488,,False,"Caballero, Maisie, DMD",Drexsyn,"11 Thayer Street, Unit 1, Milford, MA","11 Thayer St, Milford, Massachusetts"
false_negative,numeric_conflict,S1-462472488,S2-990716205,0.11865528846274306,True,Continental Premier Kgaa,Continental Premier Kgaa,"8513 44th Street, University Place, WA","08513 44TH ST, FIRCREST, WA"
false_negative,numeric_conflict,S1-845341051,S3-405273930,0.01823677066992626,True,Kusum (India) Technologies Private Limited,Kusum (India) Private Limited Partners,"Sco 37, Second Floor, Sector 11, Panchkula, Panchkula, Haryana","Sco 3-7, Panchkula, हरियाणा"
false_negative,numeric_conflict,S1-203249956,S2-179904830,0.2185215847574852,True,Precision Optimal Smart Inc.,Precision Optimal Smart,"629 Udell Street, Indianapolis, IN","IN, 62 UDELL SAINT, INDIANAPOLIS"
false_negative,blocking_miss,S1-113019505,S3-597799807,,False,Bright Cleaning Service,cleaningservice.com,"806 Happfield Drive, Arlington Heights, IL","806 Happfield Dr, Arlington Heights CITY, Illinois"
false_positive,script_variation,S1-212222216,S2-624201955,0.7669271773701347,True,Fly (India) Bricks Private Limited,क्लासिक मीडिया प्राइवेट लिमिटेड,"C/O Rajesh Kumar Soni, Bauli Ke Pas, Amarpatan, Satna, Madhya Pradesh","C/O RAJESH KUMAR SONI, BAULI KE PAS, AMARPATAN, SATNA, Madhya Pradesh"
false_negative,text_variation_or_ambiguous,S1-212222216,S3-561771061,0.4169173441838241,True,Fly (India) Bricks Private Limited,Fly Bricks Private Limited [Services],"C/O Rajesh Kumar Soni, Bauli Ke Pas, Amarpatan, Satna, Madhya Pradesh","Satna, Door No 0308 C/o Rajesh Kumar Soni, MP"
false_negative,blocking_miss,S1-212222216,S3-696142878,,False,Fly (India) Bricks Private Limited,Caloveo,"C/O Rajesh Kumar Soni, Bauli Ke Pas, Amarpatan, Satna, Madhya Pradesh","Satna, MP, H.no 0308 C/o Rajesh Kumar Soni"
false_negative,text_variation_or_ambiguous,S1-24424209,S2-799719560,0.5380520828818816,True,Siddhnath Advertising Private Limited,Siddhnath Advertising,"Shop No 2 Losal-Salasar, Highway, Village Jhajhar, Sikar, Rajasthan","H.NO 6-2 LOSAL-SALASAR, HIGHWAY, VILLAGE JHAJHAR, SIKAR, Rajasthan"
false_negative,blocking_miss,S1-24424209,S3-412981254,,False,Siddhnath Advertising Private Limited,Sri Siddhnath Advertising Pstae Limited,"Shop No 2 Losal-Salasar, Highway, Village Jhajhar, Sikar, Rajasthan",
false_negative,text_variation_or_ambiguous,S1-869673941,S2-853594491,0.7431422514367935,True,Veer & Brothers,Veer & #26846,"Haryana, Block A, Jmd Suburbio 2, Sector 67, Gurgaon, 04Th Floor, Bhondsi","04T FLOOR, BLOCK A, JMD SUBURBIO 2, SECTOR 67, BHONDSI, Haryana"
false_negative,blocking_miss,S1-876728145,S3-721838733,,False,Pediatric Dentistry Harbor Partners Inc,pediatricdentistryharbor.com,"706 Crest Lane, Lisle, IL","Crest Lane, Lisle, Illinois"
false_negative,blocking_miss,S1-671494826,S3-110101876,,False,Pediatric Physicians LLC,LLC PEDIATRIC PHYSICIANS,"7717 36th Avenue, Portland, OR","771 36nd Avenue, Portland, Oregon"
false_negative,blocking_miss,S1-751398735,S3-371471216,,False,Ellis Trusted Santander Inc,Ellis Trusted Sanntadner Inc,"Fl B, TX, Texarkana, 3719 Elizabeth Street",
false_negative,missing_address,S1-843321352,S2-63530227,0.6687598151718395,True,Federal Alliance II LLC,Federal Alliance II L.L.C.,"8601 Old Pascagoula Road, Irvington, AL",
false_negative,blocking_miss,S1-884763112,S3-122669783,,False,"Cyndie Roberson Quality Art, Inc",Cyndie R0berson Quality,"2872 45th Street, Tulsa, OK",
false_negative,blocking_miss,S1-479777162,S2-248539844,,False,Crystal Southern LP,Crystal Southern,"Oyster Bay, NY, 7 Field Court","7 FEILD CT, HICKSVILLE, NY"
false_negative,blocking_miss,S1-479777162,S2-475333506,,False,Crystal Southern LP,Crystal Southern  LLC,"Oyster Bay, NY, 7 Field Court",
false_negative,blocking_miss,S1-479777162,S2-551193672,,False,Crystal Southern LP,CRYSTAL  LP SOUTHERN,"Oyster Bay, NY, 7 Field Court",
false_negative,blocking_miss,S1-925121885,S3-553115701,,False,Lyrio Owl Inc,lowl.com,"117 Safford Street, Quincy, MA","00117 Safford Street, Quincy, Massachusetts"
false_negative,numeric_conflict,S1-925121885,S3-613663902,0.39420184218506005,True,Lyrio Owl Inc,Lyrio Inc  Center,"117 Safford Street, Quincy, MA","00117 Safford St, Quincy, Massachusetts"
false_negative,numeric_conflict,S1-26801979,S3-344784113,0.3340173794562487,True,Bd & Brothers Pvt. Ltd.,Bd & Brothers Pvt.,"D-201, Shyamkamal Building, Agarwal Market, Vile Parle East, Mumbai, Maharashtra","D-199, Shyamkamal Building, Agarwal Market, Vile Parle East, Mumbai, महाराष्ट्र"
false_negative,numeric_conflict,S1-26801979,S3-851083103,0.48106680669288504,True,Bd & Brothers Pvt. Ltd.,Bd + Brothers Pvt. (Ltd.),"D-201, Shyamkamal Building, Agarwal Market, Vile Parle East, Mumbai, Maharashtra","D-199, Mumbai, महाराष्ट्र, Vile Parle East"
false_negative,numeric_conflict,S1-212151836,S3-444532295,0.2238674826054767,True,Boyles Waste,Boyles Waste Co,"2569 Whispering Oak Court, Town Of Lawrence, WI","Wisconsin, DE PERE, 569 Whispering Oak Court"
false_negative,numeric_conflict,S1-212151836,S3-537501125,0.31937729729394715,True,Boyles Waste,Boyles Waste LP,"2569 Whispering Oak Court, Town Of Lawrence, WI","569 Whispering Oak Ct, DE PERE, Wisconsin"
false_negative,blocking_miss,S1-7154437,S3-662368687,,False,Ajmer Farms Limited,Ajmerfarms.Com,"Plot No. C-05, C-Block, Haribhau Upadhyay Nagar, Ajmer, Rajasthan","Plot No. C-05, C-block, Haribhau Upadhyay Nagar, Ajmer, राजस्थान"
false_negative,script_variation,S1-732934164,S2-502622564,0.3413122213499969,True,Fortune Consulting Private Limited,ஃபார்ச்சூன் கன்சல்டிங் பிரைவேட் லிமிடெட்,"Plot No 165 & 166, S2, 2Nd Floor, Block-A, Sunlak Meadows, Brindhavan 4Th Cross Street, Srinivasa Nagar Layout, Madipakkam, Saidapet, Kanchipuram, Tamil Nadu","SAIDAPET, Tamil Nadu, #335 & 166, KANCHIPURAM, S2, 2ND FLOOR, BLOCK-A, SUNLAK MEADOWS, BRINDHAVAN 4TH CROSS STREET, SRINIVASA NAGAR LAYOUT, MADIPAKKAM"
false_negative,blocking_miss,S1-732934164,S3-752923127,,False,Fortune Consulting Private Limited,ஃபார்ச்சூன் கன்சல்டிங் பிரைவேட் லிமிடெட்,"Plot No 165 & 166, S2, 2Nd Floor, Block-A, Sunlak Meadows, Brindhavan 4Th Cross Street, Srinivasa Nagar Layout, Madipakkam, Saidapet, Kanchipuram, Tamil Nadu","1 & 166, Kanchipuram, Saidapet, தமிழ்நாடு"
false_negative,blocking_miss,S1-732934164,S3-964520354,,False,Fortune Consulting Private Limited,Fortune Consulting  Private,"Plot No 165 & 166, S2, 2Nd Floor, Block-A, Sunlak Meadows, Brindhavan 4Th Cross Street, Srinivasa Nagar Layout, Madipakkam, Saidapet, Kanchipuram, Tamil Nadu","& 166, Chennai, TN"
false_negative,similar_address_different_name,S1-620400673,S3-183579173,0.13339956546575565,True,Lanja Seva Pvt. Ltd.,Wexlyrajax,"Flat No 01 Green Plaza, Dawara Vasahattal, Lanja, Ratnagiri, Maharashtra","Flat No 01 Green Plaza, Dawara Vasahattal, Lanja, Ratnagiri, Maharashtra"
false_negative,blocking_miss,S1-619588763,S2-470605967,,False,Twisted Cafe,Twisted  Ce,"6360 Miller Road, Mount Hood Parkdale, OR","6360 MILLER ROAD, MT HOOD PARKDALE, OR"
false_negative,blocking_miss,S1-619588763,S3-877313509,,False,Twisted Cafe,Twistedcafe.Com,"6360 Miller Road, Mount Hood Parkdale, OR","636 Miller Rd, Mount Hood Parkdale, Oregon"
false_negative,text_variation_or_ambiguous,S1-85331933,S2-330253616,0.7041606008810081,True,"Superior Broadcast Collective, Inc","INC 5UPERIOR BROADCAST CDNNLLECTIV,","120 200, Unit 604, Salt Lake City, UT","120 200, SALT LAKE CITY, UT"
false_negative,numeric_conflict,S1-985354334,S2-443680916,0.4105023019747716,True,Mideast Traders Private Limited,Mideast Private Limited Sérvice,"A 1901, Ekta Meadows, Siddharth Nagar Off Western Express Highway, Borivli (Ea, St), Mumbai, Mumbai City, Maharashtra","A 01901, EKTA MEADOWS, SIDDHARTH NAGAR OFF WESTERN EXPRESS HIGHWAY, BORIVLI (EA, ST), MUMBAI, Maharashtra"
false_negative,numeric_conflict,S1-985354334,S2-526537572,0.16902743677200624,True,Mideast Traders Private Limited,Sri Mideast Traders Private,"A 1901, Ekta Meadows, Siddharth Nagar Off Western Express Highway, Borivli (Ea, St), Mumbai, Mumbai City, Maharashtra","A 01901, EKTA MEADOWS, SIDDHARTH NAGAR OFF WESTERN EXPRESS HIGHWAY, BORIVLI (EA, ST), MUMBAI, Maharashtra"
false_negative,missing_address,S1-170752840,S2-626307630,0.5823100567980746,True,Platinum Investment Concepts LLC,PLATINUM INVESTMENT CONCEPTS LLC,"9870 Evening Moon Way, Sandy City, UT",
false_negative,blocking_miss,S1-170752840,S3-512703173,,False,Platinum Investment Concepts LLC,Platinum  lnvestment Concepts LLC,"9870 Evening Moon Way, Sandy City, UT","10198 Evening Moon Way, Sandy City, Utah"
false_negative,blocking_miss,S1-240229006,S3-63266510,,False,Forsythe Ubs Group,Foshe Ubs Group,"603 Chesapeake House Road, Bethany Beach, DE","603 Chesapeake House Road, Bethany Beach, Delaware"
false_negative,blocking_miss,S1-91415221,S2-621152574,,False,Sai Products Private Limited,साई प्रोडक्ट्स प्राइवेट लिमिटेड,"Near Hariraj Talkies M.S. Road, Morena, Madhya Pradesh","NER HARIRAJ TALKIES M.S. ROAD, MORENA, Madhya Pradesh"
false_negative,blocking_miss,S1-91415221,S2-74623680,,False,Sai Products Private Limited,साई प्रोडक्ट्स प्राइवेट लिमिटेड,"Near Hariraj Talkies M.S. Road, Morena, Madhya Pradesh","NEAR HARIRAJ TALKIES M.S. ROAD, MORENA, मध्य प्रदेश"
false_negative,blocking_miss,S1-91415221,S2-819599392,,False,Sai Products Private Limited,Sai Products Private,"Near Hariraj Talkies M.S. Road, Morena, Madhya Pradesh",
false_negative,blocking_miss,S1-746741973,S2-350799707,,False,Tirupati Software Private Limited,तिरुपति सॉफ्टवेयर प्राइवेट लिमिटेड,"Mumbai City, Maharashtra, 57, Mumbai, Jamnadas Industrial Estate, Dr. R. P. Road, Mulund West","57, MUMBAI, MUMBAI CITY, महाराष्ट्र"
false_negative,text_variation_or_ambiguous,S1-571605109,S3-485016251,0.7103130583588803,True,Khandgiri Institute Private Limited,Khandgiri Institute Private Ltd (ID: 30918),"S-50-G (Greater Kailash) G/F S-Block Internal Road Near Gurudwara, Delhi, South Delhi, Delhi","Delhi, Plot 665 S-50-g (Greater Kailash) G/f S-block Internal Road Near Gurudwara, दिल्ली, Faridabad"
false_negative,blocking_miss,S1-788463387,S2-325041799,,False,Al Food Private Limited,Shri Al Private Food Limited,"28, Sindhi Colony, T C Road, Bangalore-2, Bangalore, Karnataka","H.NO 912 28, SINDHI COLONY, T C ROD, BANGALORE-2, ಕರ್ನಾಟಕ"
false_negative,numeric_conflict,S1-718745700,S2-242909374,0.2142750896743131,True,"Anderson, Burdine and Wheatley LLC","Anderson, Burdine and [Wheatley]","441 Cedar Street, Newington, CT","425 CEDAR ST, NEINGTON CITY, CT"
false_negative,blocking_miss,S1-308702621,S3-275534470,,False,Duncan Auto Repair LLC,Duncan Aut0 Repair LLC,"2635 Claflin Road, Manhattan, KS","Manhattan, Claflin Rd, Kansas"
false_negative,blocking_miss,S1-308702621,S3-700579936,,False,Duncan Auto Repair LLC,Duncan Auto,"2635 Claflin Road, Manhattan, KS",
false_negative,missing_address,S1-308702621,S3-803301323,0.6666023850833882,True,Duncan Auto Repair LLC,Duncan Auto Repair L.L.C.,"2635 Claflin Road, Manhattan, KS",
false_negative,blocking_miss,S1-236536390,S2-267210698,,False,Ghatkopar East Silica,6hatkopar East Silica,"150/4120 Parivartan Chs Ltd, D Wing, 1St Floor, Vallabh Baug Lane, New Pant Nagar, Ghatkopar East, Mumbai City, Maharashtra","H.NO 150/4120 PARIVARTAN CHS LTD, GHATKOPAR EAST, MUMBAI CITY, महाराष्ट्र"
false_negative,blocking_miss,S1-236536390,S3-916149837,,False,Ghatkopar East Silica,Ghatkopareastsilicacom,"150/4120 Parivartan Chs Ltd, D Wing, 1St Floor, Vallabh Baug Lane, New Pant Nagar, Ghatkopar East, Mumbai City, Maharashtra","No 150/4120 Parivartan Chs Ltd, Thane, Mumbai City, MH"
false_negative,blocking_miss,S1-106652111,S3-364976145,,False,Creative Super Foundation Private Limited,Creative ಸೂಪರ್ Foundation Private Limited,"H No 9/13/190/C/15/1 Bnr, Officers Colony Gadwal Rd, Raichur, Karnataka","Raichur, H No 6/13/190/C/15/1 Bnr, Officers Colony Gadwal Rd, ಕರ್ನಾಟಕ, Raichur"
false_negative,blocking_miss,S1-695199148,S2-898744175,,False,"Muth, Karlin and Eakins LP",Yumavantage,"5145 7th Street, Unit 133, Phoenix, AZ","484 7TH ST, PHOENIX, AZ"
false_negative,blocking_miss,S1-695199148,S3-619176313,,False,"Muth, Karlin and Eakins LP",Muth,"5145 7th Street, Unit 133, Phoenix, AZ","5145 7th Street, Unit 133, Phoenix, AZ"
false_negative,numeric_conflict,S1-751088353,S2-414253096,0.5155931546454358,True,Barrientos Mfa Inc,BARRIENTOS MFA INC,"Oyster Bay, NY, 120 Ayers Road","12 AYERS ROAD, LOCUST VALLEY, NY"
false_negative,blocking_miss,S1-649343812,S2-380025496,,False,Classic Software Private Limited,क्लासिक सॉफ्टवेयर प्राइवेट लिमिटेड,"Shop No. 104, Block Ii, Emrald Plaza, Gladys Alvares Road, Hiranandani Meadow, S, Thane, Maharashtra","NO 10, THANE, महाराष्ट्र"
false_negative,blocking_miss,S1-630691051,S3-786947763,,False,Signature Precision Invest,Signature Precision Service,"340 Whippoorwill Road, New Castle, NY","New York, Whippoorwill Rd, Chappaqua"
false_negative,similar_address_different_name,S1-615904668,S2-141692686,0.31428744677333,True,Hamrick and Ponce Barclays LLC,KELOUMBRA,"216 Blackberry Lane, Springville, AL","216 BLACKBERRY LN, SPRINGVILLE, AL"
false_negative,blocking_miss,S1-615904668,S2-311816065,,False,Hamrick and Ponce Barclays LLC,Hamrick & LLC Barclays Ponce,"216 Blackberry Lane, Springville, AL",
false_negative,blocking_miss,S1-533080780,S3-14291725,,False,Ram Properties Private Limited,রাম প্রপার্টিজ প্রাইভেট লিমিটেড,"23Saratbose Roadannapurna Apartment, Kolkata, Howrah, West Bengal","No 23Saratbose Roadannapurna Apartment, Kolkata, Howrah, WB"
false_negative,blocking_miss,S1-533080780,S3-564842572,,False,Ram Properties Private Limited,রাম প্রপার্টিজ প্রাইভেট লিমিটেড,"23Saratbose Roadannapurna Apartment, Kolkata, Howrah, West Bengal","#23Saratbose Roadannapurna Apartment, Kolkata, Howrah, Kolkata, WB"
false_negative,blocking_miss,S1-164448672,S2-361486109,,False,Aava (India) Tourism Private Limited,M/s Aava (India) Tourism Prmmae  Limited,"Maharashtra, Flat No. D-11 Midc Area, Nashik, Satpur, Nashik",
false_negative,blocking_miss,S1-403945006,S2-118224548,,False,Rapid Trading Ventures LLC,RAPlD  VENTURES LLC SERVICES,"39 Cynthia Lane, Dennis, MA",
false_negative,missing_address,S1-403945006,S3-917957888,0.5645793250088569,True,Rapid Trading Ventures LLC,Rapid Trading Ventures Llc,"39 Cynthia Lane, Dennis, MA",
false_negative,blocking_miss,S1-787887617,S2-540166188,,False,Al Leasing Private Limited,ALLEASING.COM,"25, Shastri Nagar, Date College Road Behind Date College, Yavatmal, Maharashtra","YAVATMAL, 0025, SHASTRI NAGAR, DATE COLLEGE ROAD BEHIND DATE COLLEGE, YAVATMAL, महाराष्ट्र"
false_negative,blocking_miss,S1-787887617,S2-89743342,,False,Al Leasing Private Limited,Mr Al Leasing Private,"25, Shastri Nagar, Date College Road Behind Date College, Yavatmal, Maharashtra","0025, SHASTRI NAGAR, DATE COLLEGE ROAD BEHIND DATE COLLEGE, YAVATMAL, Maharashtra"
false_negative,blocking_miss,S1-787887617,S3-796252375,,False,Al Leasing Private Limited,Al Leasing Pmrvte Limited,"25, Shastri Nagar, Date College Road Behind Date College, Yavatmal, Maharashtra","25, Yavatmal, MH"
false_negative,blocking_miss,S1-581367736,S2-618504692,,False,Office of Public Works,Office-of Public Works,"10717 Macarthur Boulevard, Unit 364, Irving, TX",
false_negative,blocking_miss,S1-682056977,S3-763411175,,False,Chiropractic Care Inc,ccare.com,"42 West Street, Unit 1, Randolph, MA","West Street, PMB 365, Randolph, Massachusetts"
false_negative,blocking_miss,S1-779141084,S3-486200269,,False,Clark Meridian Inc,C1ark Inc Meridian,"915 Christopher Circle, Ada, OH","909 Christopher Cir, Ada, Ohio"
false_negative,blocking_miss,S1-1267762,S3-161844278,,False,Rev It Up Cleaning Service,itrev.com,"1796 Lynndale Road, Oakland, MD","Oakland, ##1796 Lynndale Road, Maryland"
false_negative,blocking_miss,S1-1267762,S3-89793022,,False,Rev It Up Cleaning Service,Rev Úp lt Cleaning Service,"1796 Lynndale Road, Oakland, MD","##1796 Lynndale Road, Oakland, Maryland"
false_negative,blocking_miss,S1-196375224,S3-225467502,,False,"Robbyn T. Jahn, P.A., P.C.","R0bbyn T. Jahhn, P.A., P.C.","11330 R Street, Omaha, NE","11330 R Street, Omha, Nebraska"
false_negative,blocking_miss,S1-33222864,S2-853489064,,False,Solutions Multiplex Services Private Limited,Solutions Multiplex Private Limited Partners,"No.2, Bangalore North, Bangalore, Karnataka, 2Nd Floor, Balaji, Layout Kodigehalli Main",
false_negative,blocking_miss,S1-33222864,S3-954747445,,False,Solutions Multiplex Services Private Limited,Solutions Multnplex Services Private Limited,"No.2, Bangalore North, Bangalore, Karnataka, 2Nd Floor, Balaji, Layout Kodigehalli Main","Door No 2, Banglore, Bangalore, ಕರ್ನಾಟಕ"
false_negative,blocking_miss,S1-241700758,S3-190832931,,False,Borivali West Pharma,Borivali WEST Pharma,"Flat - 001, Om Tower Chs, Ltd, Saiabab Ngr Borivali, Borivali West, Mumbai, Maharashtra",
false_negative,text_variation_or_ambiguous,S1-455929200,S3-860652935,0.5112332215816539,True,Demarco & Dick Partners,Demarco & Dbli Partners,"Baton Rouge, 13500 -13800 Blouin Road, LA","Blouin Rd, Baton Rouge, Louisiana"
false_negative,numeric_conflict,S1-391446119,S2-673765091,0.43734855633087444,True,Diversified Commercial Consultants Inc,Diversified Commercial Consultants Incorporated,"1821 Jackson Street, City Of Bloomer, WI","BLOOMER, WI, 182 JACKSON STREET"
false_negative,text_variation_or_ambiguous,S1-595428047,S3-282997240,0.6365179237908956,True,Dermatology Colonial Health LLC,Dermatology Health LLC Service,"3468 Columbus Avenue, Chicago, IL","3468-3472 Columbus Ave, Chicago, Illinois"
false_positive,text_variation_or_ambiguous,S1-826091087,S3-359189240,0.8575465211185357,True,Indo Foods Private Limited,Indo Industries Private Limited,"Tamil Nadu, Krishnagiri, Mottur, Agasipalli, Krishnagiri, D.No.4/459/D2, Dharmapuri","4/459/D15, Mottur, Agasipalli, Krishnagiri, Krishnagiri, Dharmapuri, TN"
false_negative,blocking_miss,S1-914114874,S2-355976054,,False,Prime Investment Private Limited,@primeinvestment,"Indore, 265 Premium Park, Sanwer, Madhya Pradesh, Jakhaya","H.NO 65 PREMIUM PARK, JAKHAYA, SANWER, Madhya Pradesh"
false_negative,blocking_miss,S1-914114874,S2-481466186,,False,Prime Investment Private Limited,प्राइम इन्वेस्टमेंट प्राइवेट लिमिटेड,"Indore, 265 Premium Park, Sanwer, Madhya Pradesh, Jakhaya","DOOR NO 65 PREMIUM PARK, SANWER, INDORE, Madhya Pradesh"
false_negative,blocking_miss,S1-914114874,S3-837039216,,False,Prime Investment Private Limited,Veoevo,"Indore, 265 Premium Park, Sanwer, Madhya Pradesh, Jakhaya","265 Premium Park, Jakhaya, Sanwer, Indore, MP"
false_negative,blocking_miss,S1-849341354,S2-110325252,,False,Goodwin Charitable Trust,Dr Goodwin Charitable Trust,"151A, Basement, Clube Road, Sainik Farm, Western Avenue, New Delhi, Delhi, South Delhi, Delhi","DOOR NO 211- 151A, BASEMENT, CLUBE ROAD, SAINIK FAAM, WESTERN AVENUE, NEW DELHI, DELHI, Delhi"
false_negative,blocking_miss,S1-849341354,S3-556751322,,False,Goodwin Charitable Trust,Goodwin Trust  Center,"151A, Basement, Clube Road, Sainik Farm, Western Avenue, New Delhi, Delhi, South Delhi, Delhi","Plot 834 151A, Delhi, South Delhi, DL"
false_negative,blocking_miss,S1-226476379,S2-935098646,,False,Blue Ice Cream,Blue Ice Cream Corporation,"110 Sand Trap Lane, Orange County, VA","110 Sand Trap Lane, LOCUST GROVE, VA"
false_negative,blocking_miss,S1-226476379,S3-700334271,,False,Blue Ice Cream,8lue  Ice Cdema,"110 Sand Trap Lane, Orange County, VA","110 Srnd Trap Ln, PMB 2050, Locust Grove, Virginia"
false_negative,blocking_miss,S1-645196339,S3-587715131,,False,Beth Baptist Church,Beth Baptist  Service,"4103 Penrose Drive, Gilbert, AZ","4104 Penrose Dr, Gilbert, Arizona"
false_negative,missing_address,S1-48470732,S2-4111318,0.5823100567980746,True,"Hawkins, Overstreet & Cantrell Copley LLC","HAWKINS, OVERSTREET & CANTRELL COPLEY LLC","249 Trapper Ridge, Cottonwood, AL",
false_negative,blocking_miss,S1-633781811,S3-364066914,,False,Seven Power Private Limited,Seven Power Private,"Desk No. 15 T # No. 14, Bhattrahalli, Old Madras Road, K R Puram, Bangalore North, Bangalore, Karnataka","Desk No. 15 T # No. 14, Bangalore North, Bangalore, KA"
false_positive,text_variation_or_ambiguous,S1-202247380,S3-43214264,0.9880347448110847,True,Ferreon Brokerage,ferrreon brokerage,"903 Leslie Road, Charleston, WV","903 Leslie Road, Charleston, West Virginia"
false_negative,text_variation_or_ambiguous,S1-535122925,S2-437239967,0.5411465134879244,True,Clark Solana Corp,Clark Corp Center,"12546 62, Saint Meinrad, IN","12547 62, ST MEINRAD, IN"
false_negative,text_variation_or_ambiguous,S1-535122925,S2-778848646,0.7087976066228345,True,Clark Solana Corp,CSOLANA.COM,"12546 62, Saint Meinrad, IN","12547 62, SAINT MEINRAD, IN"
false_negative,blocking_miss,S1-535122925,S3-415527802,,False,Clark Solana Corp,Clark Solena Corp,"12546 62, Saint Meinrad, IN","12546 62, St Meinrad, Indiana"
false_negative,text_variation_or_ambiguous,S1-781363563,S2-889282346,0.6046573714943582,True,Arora & Brothers Private Limited,Limited Arora & Brothers (Services),"Electric Mansion, 5Th Floor, Appasaheb Marathe Marg, Prabhadevi, Mumbai, Mumbai City, Maharashtra","ELECTRIC MANSION, 5TH FLOOR, APPASAHEB MARATHE MARG, PRABHADEVI, BOMBAY, NULL, Maharashtra"
false_negative,similar_address_different_name,S1-781363563,S3-885123458,0.5566745272778898,True,Arora & Brothers Private Limited,#arora,"Electric Mansion, 5Th Floor, Appasaheb Marathe Marg, Prabhadevi, Mumbai, Mumbai City, Maharashtra","Electric Mansion, 5Th Floor, Appasaheb Marathe Marg, Prabhadevi, Mumbai, Mumbai City, महाराष्ट्र"
false_negative,blocking_miss,S1-263826427,S2-577916193,,False,Booth Coinshares,Booth Coinshares-Corporation,"1151 Hope Street, Stamford, CT",
false_negative,blocking_miss,S1-809251061,S3-205548556,,False,FLK Innovision Private Limited,FLK INN0VISION PRIVATE LIMITED,"Block-256/2, Village & Post Kanera, Kanera Sarsa Road, Taluka & District -, Kheda, Kheda, Gujarat","Block-256/2, Kheda, ગુજરાત"
false_negative,blocking_miss,S1-809251061,S3-593623282,,False,FLK Innovision Private Limited,#flkinnovision,"Block-256/2, Village & Post Kanera, Kanera Sarsa Road, Taluka & District -, Kheda, Kheda, Gujarat","Block-256/2, Kheda, GJ"
false_negative,similar_address_different_name,S1-732420982,S2-946207161,0.7006367331082193,True,Halcos Quetta LP,QUETTAHALCOS.COM,"8231 Jesse Way, White House, TN","8231 JESSE WAY, WHITE HOUSE, TN"
false_negative,numeric_conflict,S1-732420982,S3-420256161,0.7216437215269282,True,Halcos Quetta LP,LP Halcos Qúetta,"8231 Jesse Way, White House, TN","823 Jesse Way, White House, Tennessee"
false_negative,blocking_miss,S1-143069663,S3-742552640,,False,Baba Swastik Finance Pvt Ltd,ಬಾಬಾ ಸ್ವಸ್ತಿಕ್ ಫೈನಾನ್ಸ್ ಪ್ರೈವೇಟ್ ಲಿಮಿಟೆಡ್,"Villa-31, Prestige Lake, Varthur Main Rd, Gunjur, Bangalore North, Bangalore, Karnataka","Villa-31, Bangalore, KA"
false_negative,numeric_conflict,S1-996331863,S2-253511130,0.6536932108633834,True,Novent Broadband,Novent Broadband Inc.,"4061 Fleetwood Drive, Dayton, OH","004061 FLEETWOOD DR, DAYTON, OH"
false_negative,missing_address,S1-901103921,S2-150068174,0.6547716269087529,True,Christel Seip Innovative Applied LLC,Christel Stdip Innovative Applied LLC,"11328 99, Fl 1, Olympia, WA",
false_negative,blocking_miss,S1-901103921,S3-434593682,,False,Christel Seip Innovative Applied LLC,Solavi,"11328 99, Fl 1, Olympia, WA","Olympia CITY, Washington, Floor 1, 11328 99"
false_positive,missing_address,S1-454764363,S2-225089849,0.7631316876109426,True,Poulson Intelligent LLC,Poulson Intelrlignet LLC,"16744 Muskrat Drive, Fl 1, Rainier, WA",
false_negative,blocking_miss,S1-123141905,S3-112482401,,False,Herman Platinum Excavation LLC,Herman Ptfnm Excavation LLC,"IN, 8749 Lick Creek Road, Morgantown","08749 Lick Creek Rd, Morgantown, Indiana"
false_negative,missing_address,S1-486693757,S2-188297449,0.6512934716989431,True,Jones's Hair Studio,Jones's Hair Studio Inc.,"661 Old Pine Road, Birmingham, AL",
false_negative,blocking_miss,S1-486693757,S2-421909997,,False,Jones's Hair Studio,JONES'S  HAIR SUBAMIO,"661 Old Pine Road, Birmingham, AL",
false_positive,text_variation_or_ambiguous,S1-530094997,S2-619310895,0.9624245505756738,True,Vantio Quantumsphere Inc,Vanntio Quantumsphere,"WI, 818 Northland Drive, City Of Madison","818 NORTHLAND DRIVE, CITY OF MADISON, WI"
false_negative,text_variation_or_ambiguous,S1-637265375,S3-499232399,0.7087840214056169,True,Gulab Polytechnic,Gulab Services,"Village Karnera, Khatoni No 199, Khasra No 37, Kila No 9, 8/2, Near Sankalp Convent Sch, Ool, Ballabgarh, Faridabad, Haryana","Faridabad, Village Karnera, Khatoni No 199, Khasra No 37, Kila No 9, 8/2, Near Sankalp Convent Sch, Ool, HR, Ballabgarh"
false_negative,blocking_miss,S1-474264075,S3-551884663,,False,Ramos School of Medicine LLC,Ramos Shcahl Of Medicine LLC,"157 Park Road, Bandera, TX",
false_negative,blocking_miss,S1-965723986,S2-230277059,,False,Health Premier Fund,Health [Premier],"4750 Union Hills Drive, Unit 2029, Phoenix, AZ",
false_negative,blocking_miss,S1-765591993,S3-692166642,,False,Lantern Corp,Lantern  Corp,"661 Trumbull Court, Columbus, OH",
false_negative,blocking_miss,S1-800904415,S3-896719910,,False,Hernandez Diamond Ftai L.L.C.,Hernandez Diamond,"32 Mary Ann Lane, Roseburg, OR","32- Mary Ann Ln, PO Box 8681, Roseburg, Oregon"
false_negative,blocking_miss,S1-762639722,S3-68044452,,False,Superior Infrastructure Alliance Inc,Superior Infrastructure,"214 Redhawk Drive, Springdale, UT","Redhawk Dr, Springdale, Utah"
false_negative,blocking_miss,S1-439420088,S3-460413695,,False,Rose Ave Corporation,roseave.com,"2716 Ally Rayven Drive, Fayetteville, NC","Ally Rayven Drive, Fayetteville, North Carolina"
false_negative,blocking_miss,S1-439420088,S3-779666650,,False,Rose Ave Corporation,Rtgfss Ave Corporation,"2716 Ally Rayven Drive, Fayetteville, NC","2716 Ally Rayven Dr, Fayetteville, North Carolina"
false_negative,blocking_miss,S1-710076479,S3-210606052,,False,Surya Shivam Finance Private Limited,सूर्या शिवम फाइनेंस प्राइवेट लिमिटेड,"H2/15 Sector D, Lda Colony Kanpur Road, Lucknow, Lucknow, Uttar Pradesh","H2/15 Sector D, UP, Lucknow"
false_negative,blocking_miss,S1-710076479,S3-527323873,,False,Surya Shivam Finance Private Limited,Surya Shivam Finance Private,"H2/15 Sector D, Lda Colony Kanpur Road, Lucknow, Lucknow, Uttar Pradesh","H2/15 Sector D, Lucknow, UP"
false_negative,blocking_miss,S1-710076479,S3-649660348,,False,Surya Shivam Finance Private Limited,Súryashivamfinance.Com,"H2/15 Sector D, Lda Colony Kanpur Road, Lucknow, Lucknow, Uttar Pradesh","H2/15 Sector D, Lucknow, UP"
false_negative,blocking_miss,S1-710076479,S3-796701536,,False,Surya Shivam Finance Private Limited,सूर्या शिवम फाइनेंस प्राइवेट लिमिटेड,"H2/15 Sector D, Lda Colony Kanpur Road, Lucknow, Lucknow, Uttar Pradesh","H2/15 Sector D, Lucknow, UP"
false_negative,numeric_conflict,S1-922992893,S2-957236724,0.04641634470794503,True,East Cosmetics,East Center,"404 Pecan Street, AR, Beebe","395 PECAN STREET, BEEBE, AR"
false_negative,missing_address,S1-922992893,S3-136953908,0.5645793250088569,True,East Cosmetics,East Cosmetics,"404 Pecan Street, AR, Beebe",
false_negative,blocking_miss,S1-564554332,S2-572419105,,False,Safe Apparel Union LLC,Safe Apbparl Union LLC,"10473 Joyce Court, Aurora, OH","JOYCE CT, AURORA, OH"
false_negative,blocking_miss,S1-564554332,S3-932456857,,False,Safe Apparel Union LLC,5afe Apparel Union,"10473 Joyce Court, Aurora, OH","10473 Joyce Ct, Reminderville, Ohio"
false_negative,blocking_miss,S1-507547363,S3-338648820,,False,Bhargav Infra Limited,Limited 8hargav Intrra,"125G, Sunrakh Bangar, Mathura, Up, Mathura, Uttar Pradesh","125G, Mathura, UP"
false_negative,blocking_miss,S1-690857264,S3-932995626,,False,Padma Property Private Limited,Mr Umbraveotavo,"Door No.62/6481, (40/239 D2), Bio Arcade Chandrasekhara Menon Road, Ernakulam, Kerala","#62/6481, Ernakulam, കേരളം"
false_negative,text_variation_or_ambiguous,S1-743986283,S2-47927550,0.741554780867739,True,Ravin Investments Private Limited,RAVIN INVESTMENTS LIMITED (SERVICES),"Srt 627, S R T Colony, Sanath Nagar, Hyderabad, Telangana","PLOT #99 SRT 627, S R T COLONY, SANATH NAGAR, HYDERABAD, Andhra Pradesh"
false_negative,blocking_miss,S1-743986283,S3-379341998,,False,Ravin Investments Private Limited,ravininvestments.com,"Srt 627, S R T Colony, Sanath Nagar, Hyderabad, Telangana","Srt 627, S R T Colony, Sanath Nagar, Hyderabad, TG"
false_negative,text_variation_or_ambiguous,S1-1453613,S2-751695127,0.056640134892299715,True,Savitha & Co,and Sardvitca Co,"Plot No. 8 - 11, Kasna Techzone-Ii Greater, Noida, Gautam Buddha Nagar, Uttar Pradesh","DOOR NO 8 - 11, KASNA TECHZONE-II GREATER, NOIDA, GAUTAM BUDDHA NAGAR, Uttar Pradesh"
false_positive,numeric_conflict,S1-881180456,S3-574825657,0.7991557572572582,True,Hotel Solutions Private Limited,Private Hotel Solutions Limited,"Aysha Complex, New No.208, (Old No.734), Iii Floor, Anna Salai, Chennai, Tamil Nadu","New No.22, Chennai, TN"
false_negative,text_variation_or_ambiguous,S1-490866780,S2-471978531,0.5663534730583609,True,Charity Johnson Keystone Pennantpark Inc.,Charity Jgbholn Keystone Pennantpark Inc.,"6918 208th Street, Unit 210, Lynnwood, WA","208ST ST, LYNNWOOD CITY, WA"
false_negative,numeric_conflict,S1-255270303,S2-629642878,0.6310082881893891,True,Pediatric Dentistry Clinic LLC,Pediatric Dentistry Clinic,"988 Briery Lick Road, Rosedale, WV","00988 BRIERY LICK RD, ROSEDALE, WV"
false_negative,blocking_miss,S1-255270303,S3-91293181,,False,Pediatric Dentistry Clinic LLC,Pediatric Dentistry,"988 Briery Lick Road, Rosedale, WV","988 Briery Lck Rd, Rosedale, West Virginia"
false_negative,script_variation,S1-857862888,S2-422917074,0.4081214283801968,True,Jai Energy Pvt Ltd,ജയ് എനർജി പ്രൈവറ്റ് ലിമിറ്റഡ്,"Krp3/81, Vaishnavam, Payambra P O, Kunnamangalam, Kozhikode, Kerala","KRP3/81, VAISHNAVAM, PAYAMBRA P O, KUNNAMANGALAM, CALICUT, KOZHIKODE, Kerala"
false_negative,similar_address_different_name,S1-876910125,S3-668800987,0.10342072480458454,True,MQ Gulf Dental Inc,Fluxbelo,"62 Sherburne Avenue, Unit 6, Tyngsborough, MA","62 Sherburne Avenue, Unit 6, Tyngsboro, Massachusetts"
false_negative,blocking_miss,S1-202481088,S3-55481671,,False,Om Foundation Private Limited,omfoundation.com,"Flat No. 406, Basa Vihar Appartment Road No. 1, Extension Rajbanshinagar, Patna, Bihar","Flat No. 406, Patna, BR"
false_positive,text_variation_or_ambiguous,S1-917204697,S2-698930639,0.8894785556428548,True,Sbr (India) Estate Private Limited,Sbr  (India) Motors Private Limited,"Flat No. 27B, Plot No. 7 Sector-3, Cghs Balaji Apartment, Dwarka, Phase-Ii, New Delhi, South West Delhi, Delhi","#32B , PLOT NO. 7 SECTOR-3, CGHS BALAJI APARTMENT, DWARKA, PHASE-II, NEW DELHI, Delhi"
false_negative,numeric_conflict,S1-917204697,S3-157972417,0.012719754101498627,True,Sbr (India) Estate Private Limited,SBR (India) Estate Private Limited,"Flat No. 27B, Plot No. 7 Sector-3, Cghs Balaji Apartment, Dwarka, Phase-Ii, New Delhi, South West Delhi, Delhi","D/408, New Delhi, Kakrola, DL"
false_positive,script_variation,S1-826204350,S2-991566952,0.9575117645235909,True,Good Shiva Energy Private Limited,गुड शिवा ग्लोबल प्राइवेट लिमिटेड,"Plot C-7/7, Ambernath Midc, Kansi Village Near Amp Gate, Ambernath(W), Ambernath, Thane, Maharashtra","PLOT C-7/11, AMBERNATH MIDC, KANSI VILLAGE NEAR AMP GATE, AMBERNATH(W), AMBERNATH, THANE, Maharashtra"
false_negative,blocking_miss,S1-826204350,S2-3902876,,False,Good Shiva Energy Private Limited,GOODSHIVAENERGY.COM,"Plot C-7/7, Ambernath Midc, Kansi Village Near Amp Gate, Ambernath(W), Ambernath, Thane, Maharashtra","महाराष्ट्र, PLOT C-7/7, AMBERNATH MIDC, KANSI VILLAGE NEAR AMP GATE, AMBERNATH(W), AMBERNATH"
false_negative,blocking_miss,S1-826204350,S2-850054061,,False,Good Shiva Energy Private Limited,Good शिवा Energy प्राइवेट लिमिटेड,"Plot C-7/7, Ambernath Midc, Kansi Village Near Amp Gate, Ambernath(W), Ambernath, Thane, Maharashtra","PLOT C-7/7, AMBERNATH MIDC, KANSI VILLAGE NEAR AMP GATE, AMBERNATH(W), AMBERNATH, Maharashtra"
false_negative,blocking_miss,S1-826204350,S3-26131348,,False,Good Shiva Energy Private Limited,गुड शिवा एनर्जी प्राइवेट लिमिटेड,"Plot C-7/7, Ambernath Midc, Kansi Village Near Amp Gate, Ambernath(W), Ambernath, Thane, Maharashtra","Plot C-7/7, Ambernath, Thane, MH"
false_negative,similar_address_different_name,S1-769326763,S2-548641156,0.051981821988292515,True,Jet Tech Ltd,DELTAIRIKOR,"5-95, Pedda Araveedu B Cherlopalli Village, Markapur, Prakasam, Andhra Pradesh","5-95, PEDDA ARAVEEDU B CHERLOPALLI VILLAGE, MARKAPUR, PRAKASAM, Andhra Pradesh"
false_negative,numeric_conflict,S1-66719217,S2-209439748,0.2410330246741523,True,Cardiology Signature Partners Inc,Cardiology Signature Partners,"326 Hamilton Avenue, NY, Hempstead","0326 HAMILTON AVE, HEWLETT TOWNSHIP, NY"
false_negative,missing_address,S1-66719217,S2-309068318,0.6181845598203988,True,Cardiology Signature Partners Inc,Cardiology Signature Pártners (Inc),"326 Hamilton Avenue, NY, Hempstead",
false_negative,blocking_miss,S1-65602538,S3-695758458,,False,"Griffin, Carlson & White Antimony LLC","Griffin, Craeglnon + White Antimony LLC","6902 Brownwood Street, Houston, TX",
false_negative,blocking_miss,S1-337114972,S2-227340013,,False,Larsen Regional Tankers Corp,Larsen Regional,"1637 College Street, Auburn, AL","COLLEGE ST, PO BOX 2814, AUBURN, AL"
false_negative,numeric_conflict,S1-167699322,S2-669656305,0.16067799285821632,True,Van's Frontier Restaurant,Van's Frontier,"NY, 627 Lake Road, Webster","00627 LAKE RD, WEBSTER, NY"
false_negative,blocking_miss,S1-612099549,S2-313654834,,False,Ace Indo Consultancy Pvt Ltd,एस इंडो कंसल्टेंसी प्रा. लि.,"Unit No. F-83, First Floor, Marol Co-Op Industrial Estate, Mathuradas Vasanji Road, Andheri (E), Mumbai, Maharashtra","UNIT NO. F-##83, MUMBAI, Maharashtra"
false_negative,blocking_miss,S1-510242177,S2-31191308,,False,Rich Foods Pvt Ltd,PVT RICH FFSO LTD,"M - 79, Residential Greater Kailash, Part - Ii, New Delhi, South Delhi, Delhi","M - 79, NEW DELHI, GURGAON, Delhi"
false_negative,text_variation_or_ambiguous,S1-510242177,S3-482098909,0.3221413856352549,True,Rich Foods Pvt Ltd,Rich Foods,"M - 79, Residential Greater Kailash, Part - Ii, New Delhi, South Delhi, Delhi","Plot 704/5 M - 79, Residential Greater Kailash, Part - Ii, South Delhi, दिल्ली"
false_negative,blocking_miss,S1-510242177,S3-884717608,,False,Rich Foods Pvt Ltd,Rich Fó0ds Pvt Ltd,"M - 79, Residential Greater Kailash, Part - Ii, New Delhi, South Delhi, Delhi","Plot 704/5 M - 79, New Delhi, South Delhi, DL"
false_negative,text_variation_or_ambiguous,S1-510242177,S3-972674130,0.612624425791429,True,Rich Foods Pvt Ltd,Rich Foods,"M - 79, Residential Greater Kailash, Part - Ii, New Delhi, South Delhi, Delhi","Plot 704/5 M - 79, South Delhi, New Delhi, DL"
false_negative,blocking_miss,S1-369569804,S3-299967415,,False,V+ High PC,V+ Htigh PC,"3572 Unity Road, West Union, OH","3395 Unity Rd, Wesst Union CDP, Ohio"
false_negative,missing_address,S1-898784815,S2-223421554,0.5823100567980746,True,"Baron, Lacour & Bullington Corp","BARON, LACOUR & BULLINGTON-CORP","809 Marble Avenue, Gallup, NM",
false_negative,numeric_conflict,S1-898784815,S3-946650757,0.28521949572334193,True,"Baron, Lacour & Bullington Corp","Baron, Lacour & Bullington","809 Marble Avenue, Gallup, NM","0809 Marble Avenue, Gamerco, New Mexico"
false_negative,text_variation_or_ambiguous,S1-251549210,S2-632393883,0.5769922935303936,True,Dominion India Private Limited,Dominion Índia Limited Service,"Konark Tower, Flat No.403, Sr.No.3\2\1\3, Opp.Balewadi, Pune, Maharashtra","KONARK TOWER, FLAT NO.403, SR.NO.3\2\1\3, OPP.BALEWADI, PUNE, महाराष्ट्र"
false_negative,numeric_conflict,S1-251549210,S3-212447514,0.1480390512769,True,Dominion India Private Limited,Dominion India Private Ltd,"Konark Tower, Flat No.403, Sr.No.3\2\1\3, Opp.Balewadi, Pune, Maharashtra","No. 803 Konark Tower, Poona, Pune, MH"
false_negative,blocking_miss,S1-562144532,S3-271968667,,False,Cardiology Cascade Physicians,Cardiology Physicians Casode,"15083 Eugene Lane, Portland, OR","Oregon, Portland, 1508 Eugene Lane"
false_negative,blocking_miss,S1-562144532,S3-322175049,,False,Cardiology Cascade Physicians,cárdiologycascadephysicians.com,"15083 Eugene Lane, Portland, OR","Oregon, 1508 Eugene Ln, Portland"
false_negative,blocking_miss,S1-904539637,S2-387199495,,False,Grayslake Education Preferred Council Inc.,INC. GRAYSLAKE EDUCTACBON PREFERRED COUNCIL,"936 Tylerton Circle, Grayslake, IL","937 TYLERTON CIR, GRAYSLAKE, IL"
false_negative,blocking_miss,S1-904539637,S2-390524413,,False,Grayslake Education Preferred Council Inc.,GRÁYSLAKEEDUCATIONPREFERRED.COM,"936 Tylerton Circle, Grayslake, IL","937 Tylerton Cir, GRAYSLAKE, IL"
false_negative,blocking_miss,S1-972879366,S3-29606427,,False,Knight Technologies Pvt Ltd,Mr Knight Technologies Pvt Ltd.,"Chennai, New No:14, Old No:35, 2Nd Floor Tagore Vidyalaya School, New Tank Bund Road 2Nd Street, Ott, Eri, Chennai, Tamil Nadu",
false_negative,blocking_miss,S1-782987682,S2-408263608,,False,RHS Engineering Private Limited,RHS Private Engineering Limited,"Old No. 7/5, New No. 5/1, 51St Street Manthope Colony, Ashok Nagar, Chennai, Tamil Nadu",
false_negative,blocking_miss,S1-517937986,S3-566868013,,False,Collins Smart Cms LLC,Collins Smart,"334 Birch Street, Wilson, OK","334 Bireh St, Wilsoon, Oklahoma"
false_negative,blocking_miss,S1-341113914,S3-356562386,,False,Indian Infra Private Limited,ಇಂಡಿಯನ್ ಇನ್‌ಫ್ರಾ ಪ್ರೈವೇಟ್ ಲಿಮಿಟೆಡ್,"No.6, Marq Land Avenue, Chikka Nagamangala, Huskur, Bangalore, Karnataka","KA, Bangalore, No.6, Bangalore"
false_negative,blocking_miss,S1-341113914,S3-406935934,,False,Indian Infra Private Limited,ಇಂಡಿಯನ್ ಇನ್‌ಫ್ರಾ ಪ್ರೈವೇಟ್ ಲಿಮಿಟೆಡ್,"No.6, Marq Land Avenue, Chikka Nagamangala, Huskur, Bangalore, Karnataka","No.6, Bangalore, KA"
false_negative,blocking_miss,S1-230266990,S2-93698927,,False,"Fambro, Edwards and Morris Industries LLC",mfedwards.com,"9773 Liberty Road, Brunswick County, VA","##9773 LIBERTY RD, DOLPHIN TOWNSHIP, VA"
false_negative,blocking_miss,S1-697520431,S3-294478546,,False,Blue Business,Blue Beuinsss Beuinsss,"3Rd Floor City Plaza Opp Payal Hall Sevoke Road Siliguri, Jalpaiguri, West Bengal, Siliguri","03Rd Floor City Plaza Opp Payal Hall Sevoke Road Siliguri, Siliguri, Jalpaiguri, WB"
false_negative,blocking_miss,S1-193752178,S2-893812082,,False,Universal Robotics Services LLC,Lumumbranyla,"14090 Millmac Road, TX, Conroe","14090 MILLMAC RD, CONROE, TX"
false_negative,text_variation_or_ambiguous,S1-673726572,S2-470347273,0.30663073024690046,True,Sree Recharge,SREE PARTNERS,"Kambalapeta, Eastgodavari, 26-1-35, Andhra Pradesh, East Godavari, Rajahmundry","26-1-35, KAMBALAPETA, EASTGODAVARI, RAJAHMUNDRY, ఆంధ్రప్రదేశ్"
false_negative,blocking_miss,S1-826292290,S2-352929651,,False,Sky Estate Pvt Ltd,સ્કાય એસ્ટેટ પ્રા. લિ.,"6/2037, Gujarat, Office No 301 3Rd Floor Papadwala Building Bhoja Bhai Ni Sheri, Surat, Mahidharpura","6/2037, SURAT, MAHIDHARPURA, Gujarat"
false_negative,blocking_miss,S1-826292290,S3-441137783,,False,Sky Estate Pvt Ltd,સ્કાય એસ્ટેટ પ્રા. લિ.,"6/2037, Gujarat, Office No 301 3Rd Floor Papadwala Building Bhoja Bhai Ni Sheri, Surat, Mahidharpura","Plot 46 6/2037, Mahidharpura, Surat, ગુજરાત"
false_positive,script_variation,S1-217580378,S3-68142311,0.9332561217305547,True,Gold Estate Private Limited,गोल्ड एनर्जी प्राइवेट लिमिटेड,"C/O. Prabhakar Borkar, Vithai Niwas, Civil Colony, Satefal Road, Deulgaonraja, Tal. Deulgaonraja, Deulgaon Raja, Buldhana, Maharashtra","Door No 10 C/o. Prabhakar Borkar, Vithai Niwas, Civil Colony, Satefal Road, Deulgaonraja, Tal. Deulgaonraja, Deulgaon Raja, Buldhana, MH"
false_negative,blocking_miss,S1-217580378,S3-231031127,,False,Gold Estate Private Limited,Gold Ersate  Private Limited,"C/O. Prabhakar Borkar, Vithai Niwas, Civil Colony, Satefal Road, Deulgaonraja, Tal. Deulgaonraja, Deulgaon Raja, Buldhana, Maharashtra","C/o. Prabhakar Borkar, Deulgaon Raja, Buldhana, MH"
false_negative,text_variation_or_ambiguous,S1-306761218,S3-545963242,0.7332880605087471,True,Platinum Business Corporation,Platinum Corporation Center,"55 Electric Avenue, West Seneca, NY","Buffalo, New York, 55 Electric Avenue"
false_negative,blocking_miss,S1-478098372,S2-268168696,,False,Lotus Management Private Limited,ಲೋಟಸ್ ಮ್ಯಾನೇಜ್‌ಮೆಂಟ್ ಪ್ರೈವೇಟ್ ಲಿಮಿಟೆಡ್,"Bangalore, 9Th Cross Girinagar Ii Phase, 448, Karnataka","448, ಕರ್ನಾಟಕ, BANGALORE"
false_negative,blocking_miss,S1-478098372,S3-604170466,,False,Lotus Management Private Limited,ಲೋಟಸ್ ಮ್ಯಾನೇಜ್‌ಮೆಂಟ್ ಪ್ರೈವೇಟ್ ಲಿಮಿಟೆಡ್,"Bangalore, 9Th Cross Girinagar Ii Phase, 448, Karnataka","Bengaluru, No 172 448, Bangalore, KA"
false_negative,numeric_conflict,S1-400279006,S2-554675732,0.3303766103206444,True,Birdie Bassett Platinum Starling LLC,BIRDIE BASSETT PLATINUM STARLING,"2435 Center Drive, Zanesville, OH","OH, ZANESVILLE, #2228 Center Drive"
false_negative,blocking_miss,S1-438931264,S3-754298008,,False,"Schultz, Sophia P., D.D.S.","Schultz, Sopbia D.D.S. P.,","6057 Jefferson Street, Burlington, KY","057 Jefferson St, Burlington, Kentucky"
false_negative,blocking_miss,S1-356152612,S2-68577260,,False,Hari Foundation,হরি ফাউন্ডেশন,"1, Shakespeare Sarani, 5Th Floor, Ac Market, Kolkata, Kolkata, Howrah, West Bengal","#1, SHAKESPEARE SARANI, 5TH FLOOR, AC MARKET, KOLKATA, CALCUTTA, HOWRAH, পশ্চিমবঙ্গ"
false_negative,blocking_miss,S1-356152612,S3-662156268,,False,Hari Foundation,হরি ফাউন্ডেশন,"1, Shakespeare Sarani, 5Th Floor, Ac Market, Kolkata, Kolkata, Howrah, West Bengal","1, Shakespeare Sarani, 5Th Floor, Ac Market, Kolkata, Kolkata, Howrah, WB"
false_negative,blocking_miss,S1-671056750,S2-912267891,,False,Gujarat Food Private Limited,गुजरात फूड प्राइवेट लिमिटेड,"Plot No.14, Flat No. 8, Shriram Society, Willow Hill Apartments, Warje, Pune, Maharashtra","PUNE, WARJE, 13, Maharashtra"
false_negative,missing_address,S1-671056750,S2-96628473,0.5823100567980746,True,Gujarat Food Private Limited,Gujarat Food (Private-Limited),"Plot No.14, Flat No. 8, Shriram Society, Willow Hill Apartments, Warje, Pune, Maharashtra",
false_negative,blocking_miss,S1-671056750,S3-544635283,,False,Gujarat Food Private Limited,@Gujaratfood,"Plot No.14, Flat No. 8, Shriram Society, Willow Hill Apartments, Warje, Pune, Maharashtra","Plot No.14, Warje, Pune, MH"
false_negative,blocking_miss,S1-305118934,S3-491058975,,False,Lotus Tech Pvt Ltd,લોટસ Tech Pvt Ltd,"Askatmatru Ashram Complex, 7-12 Bhakti Nagar Station, Rajkot, Gujarat","Askatmatru Ashram Complex, Rajkot, GJ"
false_negative,blocking_miss,S1-305118934,S3-714456517,,False,Lotus Tech Pvt Ltd,લોટસ ટેક પ્રા. લિ.,"Askatmatru Ashram Complex, 7-12 Bhakti Nagar Station, Rajkot, Gujarat","Askatmatru Ashram Complex, Rajkot, ગુજરાત"
false_negative,blocking_miss,S1-305118934,S3-990126066,,False,Lotus Tech Pvt Ltd,લોટસ ટેક પ્રા. લિ.,"Askatmatru Ashram Complex, 7-12 Bhakti Nagar Station, Rajkot, Gujarat","Askatmatru Ashram Complex, Rajkot, ગુજરાત, Rajkot"
false_positive,text_variation_or_ambiguous,S1-207868872,S3-916950204,0.767359551698845,True,Georgian Pressure Pvt Ltd,IBDT  Traders Pvt Ltd,"785 Guru Ram Dass Nagar Extn. Laxmi Nagar, East Delhi, Delhi, New Delhi, East Delhi, Delhi","No 785 Guru Ram Dass Nagar Extn. Laxmi Nagar, New Delhi, East Delhi, दिल्ली"
false_negative,numeric_conflict,S1-207868872,S2-288422077,0.6044292490495238,True,Georgian Pressure Pvt Ltd,Sri GEORGIAN PRESSURE PVT (LTD),"785 Guru Ram Dass Nagar Extn. Laxmi Nagar, East Delhi, Delhi, New Delhi, East Delhi, Delhi","783 GURU RAM DASS NAGAR EXTN. LAXMI NAGAR, EAST DELHI, DELHI, NEW DELHI, दिल्ली"
false_negative,blocking_miss,S1-395212985,S3-605635352,,False,Martin Pediatrics LLC,Martin Pdliatrics LLC,"235 Church Street, Newcomerstown, OH","35 Church Street, Newcomerstown, Ohio"
false_negative,blocking_miss,S1-214037755,S3-943161847,,False,Allied Osprey LLC,Allied Ospyr LLC,"3200 Dody, Michigan City, IN","PMB 1274, Indiana, 3200a Dody, Michign CITY"
false_negative,blocking_miss,S1-729673332,S2-586166073,,False,Midwest Charter School,Midwest Charter,"VA, Northumberland County, 343 Skipjack Drive","HEATHSVILLE, 343 SKIPJACK DR, VA"
false_negative,blocking_miss,S1-132724238,S2-246940453,,False,Waterlink & Sons Private Limited,Waterlink & Private Sóns Limited,"Flat No. 404, Siddh Apartment, 3/17, Vishnupuri, Kanpur, Uttar Pradesh",
false_negative,blocking_miss,S1-67704368,S2-990812291,,False,Beland Creative LLC,Halokor,"8601 Forswall Road, Belgrade, MT","8327A FORSWALL ROAD, BELGRADE, MT"
false_negative,numeric_conflict,S1-67704368,S3-565970951,0.418647075524234,True,Beland Creative LLC,LLC Beland Crehie,"8601 Forswall Road, Belgrade, MT","8327 Forswall Rd, Belgrade, Montana"
false_negative,blocking_miss,S1-670206158,S2-230343705,,False,Nippon & Brothers Pvt Ltd,Nippon & Brothers Pvt,"Plot No 11, S.No.173 Hirawadi, Bhagawati Nagar, Panchvati, Nashik, Maharashtra",
false_negative,blocking_miss,S1-670206158,S3-520613253,,False,Nippon & Brothers Pvt Ltd,Pvt Nippon & Bohtres Ltd,"Plot No 11, S.No.173 Hirawadi, Bhagawati Nagar, Panchvati, Nashik, Maharashtra","Nashik, Panchvati, MH, Plot No 11"
false_negative,blocking_miss,S1-104112239,S2-293726301,,False,Melendez Grand Applied LP,MELENDEZ GRAND  APPLIED,"2360 6200, City Of Holladay, UT","SALT LAKE CITY, 6200, UT"
false_negative,numeric_conflict,S1-980683210,S2-929975677,0.38138259377777256,True,Betances and Beitzel Inc,8etances and  Beitzel Inc.,"1801 Poplar Drive, Unit 37, Medford, OR","001801 POPLAR DRIVE, MEDFORD, OR"
false_negative,blocking_miss,S1-300668850,S2-883851596,,False,India Seven Solutions Private Limited,Limited India Seven Private Services,"Akash Ganga Building, 3Rd. Floor 36, Maharashi Devendra Road, Room No. 31, 9, Kolkata, Howrah, West Bengal","AKASH GANGA BUILDING, HOWRAH, KOLKATA, West Bengal"
false_positive,script_variation,S1-498587896,S2-732814020,0.8254672441596322,True,Tech Tech Private Limited,टेक टेक हार्डवेयर प्राइवेट लिमिटेड,"11/6B, Shanti Chamber Pusa Road, New Delhi, Delhi","NEW DELHI, SHANTI CHAMBER PUSA ROAD, Delhi, 11/11B"
false_negative,blocking_miss,S1-530058310,S2-172029537,,False,Gujarat North Global Pvt Ltd,Gujarat North Global Pvt,"128/232, Block K, Kidwai Nagar, Kanpur Nagar, Uttar Pradesh","128/232., BLOCK K, KIDAWI NAGAR, Uttar Pradesh"
false_negative,blocking_miss,S1-530058310,S2-835422364,,False,Gujarat North Global Pvt Ltd,Gujarat North Global,"128/232, Block K, Kidwai Nagar, Kanpur Nagar, Uttar Pradesh","128/232., BLOCK K, KIDWAI NAGAR, Uttar Pradesh"
false_negative,blocking_miss,S1-530058310,S3-344699161,,False,Gujarat North Global Pvt Ltd,Gujarat North Global Pvt #52892,"128/232, Block K, Kidwai Nagar, Kanpur Nagar, Uttar Pradesh","Kanpur Nagar, UP, 128/232, Block K"
false_negative,blocking_miss,S1-529588462,S3-474215130,,False,Oh Allied Verde,Oh Allied Ved,"1893 Honeysuckle Road, Camden Wyoming, DE","189 Honeysuckle Rd, Camden Wyoming, Delaware"
false_negative,numeric_conflict,S1-221416277,S2-207280014,0.5170375447843938,True,Jones & Muhammad,Jones & Muhammad LP,"Tucson, 5648 Broadway Boulevard, AZ","4648 BROADWAY BOULEVARD, TUSCON, AZ"
false_negative,numeric_conflict,S1-221416277,S2-840519668,0.30514217806209415,True,Jones & Muhammad,Jones & Muhammad LLC,"Tucson, 5648 Broadway Boulevard, AZ","AZ, 4648 Broadway Boulevard, TUSCON"
false_negative,missing_address,S1-221416277,S3-309661280,0.5645793250088569,True,Jones & Muhammad,Jones Muhammad &,"Tucson, 5648 Broadway Boulevard, AZ",
false_negative,blocking_miss,S1-144186096,S2-426812115,,False,Classic Enterprises,क्लासिक एंटरप्राइजेज,"F-8, Manish Mega Plaza, Plot No-13 Sector-5, District South West, New Delhi, South West Delhi, Delhi","F-8, NEW DELHI, SOUTH WEST DELHI, Delhi"
false_negative,blocking_miss,S1-144186096,S3-848920054,,False,Classic Enterprises,Classic Enterprises Corp,"F-8, Manish Mega Plaza, Plot No-13 Sector-5, District South West, New Delhi, South West Delhi, Delhi","New Delhi, F-d/8, South West Delhi, DL"
false_negative,blocking_miss,S1-832758895,S3-106196223,,False,West Laboratories Care,West Laboratories,"WI, Town Of Koshkonong, W5633 Hoge Road","W5633. Hoge Rd, Town Of Koshkonong, Wisconsin"
false_negative,blocking_miss,S1-832758895,S3-732961730,,False,West Laboratories Care,West Laboratories - 1505282915,"WI, Town Of Koshkonong, W5633 Hoge Road","Hoge Rd, Town Of Koshkonong, Wisconsin"
false_negative,blocking_miss,S1-852097280,S3-629130291,,False,Gurgaon Glass Limited,Gurgaon Gass Limited,"Royal Tower, Opp. Mahindra Flats Bajghera Road, New Palam Vihar, Gurgaon, Haryana","Gurgaon, null, HR, Royal Tower"
false_negative,blocking_miss,S1-945413108,S2-45333094,,False,Urology Partners LLC,Urology LLC Service,"4025 Lynncrest Drive, Cleveland, TN","TN, CLEVELAND, 4025 LYNNCREST DR"
false_negative,text_variation_or_ambiguous,S1-972452680,S3-170757399,0.5029584424462603,True,Esteem Trust,Smt Esteem (Services),"Parganas North, 2 Kaibartapara Baburani Para Part Bhatapada Jagaddal, West Bengal","2 Kaibartapara Baburani Para Part Bhatapada Jagaddal, Parganas North, WB"
false_negative,blocking_miss,S1-735451152,S2-83629288,,False,Chiropractic Medicine,CHIROPRACTIC MEDICINE  CORP,"3310 Warrior Valley Road, Altoona, AL","310 WARRIOR VALLEY RD, NULL, ALTOONA CCDP, AL"
false_negative,blocking_miss,S1-735451152,S3-651058147,,False,Chiropractic Medicine,chiropracticmedicine.com,"3310 Warrior Valley Road, Altoona, AL","Warrior Valley Road, Altoona CDP, Alabama"
false_negative,text_variation_or_ambiguous,S1-878557660,S3-90630022,0.05251589916984186,True,Jasper Works,Jasper Center,"19 Kasey Pass, Ballston, NY","Kasey Pass, Ballston, New York"
false_negative,blocking_miss,S1-983443716,S3-874628467,,False,Urology Associates of Murphy,ur0logyassociatesmurphy.com,"633 Wyoming Drive, Murphy, TX","633A Wyoming Drive, Murphy, Texas"
false_negative,blocking_miss,S1-917893400,S2-247501319,,False,Sks India Private Limited,Mr Sks India Prívate Limited,"Harismruti, 1St Floor, Office 5, S.V.P Road, Borivali West, Mumbai, Maharashtra","HARISMRUTI, 1ST FLOOR, OFFICE 5, S.V.P ROAD, BORIVALI WEST, Maharashtra"
false_negative,text_variation_or_ambiguous,S1-917893400,S3-356904052,0.6811150622489172,True,Sks India Private Limited,Smt Sks Private Limited Service,"Harismruti, 1St Floor, Office 5, S.V.P Road, Borivali West, Mumbai, Maharashtra","Harismruti, Mumbai, Borivali West, MH"
false_negative,similar_address_different_name,S1-34313661,S2-160410205,0.137409789010406,True,Complete Best Digital Inc,HALOZEPHCALO,"217 Wabash Avenue, Brewster, OH","217 WABASH AVE, BREWSTER, OH"
false_negative,text_variation_or_ambiguous,S1-889246472,S2-897322382,0.36541411029172677,True,Saturn Agro Pvt. Ltd.,Saturn Pvt. Ltd. Center,"Hosuru-1, Gowribidanur, Kolar, Chikkaballapur, No.135, Karnataka","NO.13 , HOSURU-1, GOWRIBIDANUR, CHIKKABALLAPUR, ಕರ್ನಾಟಕ"
false_negative,missing_address,S1-889246472,S3-330000811,0.5645793250088569,True,Saturn Agro Pvt. Ltd.,Saturn Agro Pvt. Ltd.,"Hosuru-1, Gowribidanur, Kolar, Chikkaballapur, No.135, Karnataka",
false_negative,blocking_miss,S1-419574578,S2-208285743,,False,Red Business Private Limited,रेड बिजनेस प्राइवेट लिमिटेड,"7/28, South Patel Nagar, New Delhi, Delhi","H.NO 643 7/28, SOUTH PATEL NAGAR, NEW DELHI, दिल्ली"
false_negative,blocking_miss,S1-174209597,S3-659861179,,False,Interstate Animal Hospital Inc,interstateanimalhospital.com,"600 Garner Lake, Gillette, WY","00600 Garner Lake, Gillette, Wyoming"
false_negative,blocking_miss,S1-174209597,S3-714746363,,False,Interstate Animal Hospital Inc,interstateanimalhospital.com,"600 Garner Lake, Gillette, WY","00600 Garner Lake, Gillette, Wyoming"
false_negative,similar_name_different_address,S1-566013651,S3-284840088,0.2888490780693699,True,Kaverya Trading LLP,Kaverya  Trading LLP,"35, Balram Nagar, Vazhapattu Nellikuppam, Panruti Tk, Panruti, Cuddalore, Tamil Nadu","Cuddalore, Central Region Trichirapalli, 35, தமிழ்நாடு"
false_negative,blocking_miss,S1-750450801,S2-999053146,,False,Baba Construction,बाबा कंस्ट्रक्शन,"Jp.Softech System, Vardhaman Tower, Naudra Bridge, Mp, Jabalpur, Madhya Pradesh","JP.SOFTECH SYSTEM, VARDHAMAN TOWER, NAUDRA BRIDGE, MP, JABALPUR, मध्य प्रदेश"
false_negative,blocking_miss,S1-912157858,S2-267232973,,False,"Diamond Braemar, LLC","DIAMOND BRAEMAR,  LLC","Sahuarita, 2216 Spurwind Lane, AZ",
false_negative,text_variation_or_ambiguous,S1-912157858,S2-689874201,0.6692229184113049,True,"Diamond Braemar, LLC",Diamond LLC Services,"Sahuarita, 2216 Spurwind Lane, AZ","2216  SPURWIND LN, AZ, GREEN VALLEY"
false_negative,text_variation_or_ambiguous,S1-290407253,S2-158126842,0.11343204605345458,True,Rcl & Co Private Limited,privatercl.com #44599,"Malinagar (), Solapur, Maharashtra","MALINAGAR (C), Maharashtra, SOLAPUR"
false_negative,blocking_miss,S1-529853485,S2-135281110,,False,Business Infrastructure Partners LP,bipartners.com,"6611 Lewis Avenue, OK, Tulsa, Unit APARTMENT  219","6611A LEWIS AVENUE, TULSA, OK"
false_negative,text_variation_or_ambiguous,S1-529853485,S3-139813656,0.13527305813618906,True,Business Infrastructure Partners LP,Business Infrastructure Partners #49824,"6611 Lewis Avenue, OK, Tulsa, Unit APARTMENT  219","661 Lewis Avenue, # Apartment 219, Tulsa, Oklahoma"
false_negative,numeric_conflict,S1-529853485,S3-549336658,0.7461421764983323,True,Business Infrastructure Partners LP,Business Infrastructure Pártners LP,"6611 Lewis Avenue, OK, Tulsa, Unit APARTMENT  219","661 Lewis Avenue, PMB 1070, Tulsa, Oklahoma"
false_negative,blocking_miss,S1-208928656,S3-779867171,,False,Bharat Technology,Bharat Techhnolmogy,"Market Committee, Gala No.6 Kurudwadi Road, Tal. Madha, Tembhurni, Maharashtra","Market Committee, Tembhurni, महाराष्ट्र, Tal. Madha"
false_negative,blocking_miss,S1-208928656,S3-977256922,,False,Bharat Technology,Bharat Technology,"Market Committee, Gala No.6 Kurudwadi Road, Tal. Madha, Tembhurni, Maharashtra",
